Unnamed: 0,Store,Date,IsHoliday,Dept,Weekly_Sales,Temperature,Fuel_Price,MarkDown1,MarkDown2,MarkDown3,MarkDown4,MarkDown5,CPI,Unemployment,Type,Size
273395,28,2011-07-15,0,29.0,5300.62,88.1,3.692,0.0,0.0,0.0,0.0,0.0,129.1338387,13.503,3,206302
177244,18,2012-08-31,0,55.0,7510.71,70.09,3.884,20913.04,7.98,98.98,9800.5,4527.8,138.3771935,8.535,2,120653
355655,38,2010-04-09,0,17.0,335.0,59.25,3.09,0.0,0.0,0.0,0.0,0.0,126.6019032,14.099,1,39690
282536,29,2011-05-06,0,20.0,3755.87,53.63,4.078,0.0,0.0,0.0,0.0,0.0,134.5143667,9.966,2,93638
124676,13,2011-10-28,0,5.0,54998.42,47.41,3.567,0.0,0.0,0.0,0.0,0.0,129.7936774,6.392,3,219622
124369,13,2011-09-23,0,4.0,41407.74,63.6,3.648,0.0,0.0,0.0,0.0,0.0,129.5183333,6.877,3,219622
111992,12,2011-02-18,0,41.0,836.0,53.35,3.43,0.0,0.0,0.0,0.0,0.0,127.99525,14.021,2,112238
94187,10,2011-10-07,0,50.0,3924.0,75.01,3.827,0.0,0.0,0.0,0.0,0.0,129.6938,7.874,2,126512
102656,11,2011-04-22,0,81.0,12149.96,78.31,3.807,0.0,0.0,0.0,0.0,0.0,218.851237,7.574,3,207499
255961,26,2012-05-04,0,81.0,18832.74,40.29,3.991,11484.78,0.0,78.04,2449.14,2488.39,138.0332,7.489,3,152513
46706,5,2012-02-24,0,19.0,117.0,57.75,3.555,2220.32,1407.4,0.0,145.46,2657.52,221.2224243,5.943,2,34875
299788,31,2011-06-03,0,59.0,148.92,83.82,3.699,0.0,0.0,0.0,0.0,0.0,214.9254865,7.931,3,203750
179180,19,2010-06-04,0,32.0,7877.41,68.88,3.006,0.0,0.0,0.0,0.0,0.0,132.3648387,8.185,3,203819
331831,34,2012-10-05,0,26.0,5518.24,65.41,3.62,2716.1,0.0,6.03,1648.8,3539.71,131.0756667,8.839,3,158114
40591,5,2010-04-16,0,36.0,372.5,65.3,2.808,0.0,0.0,0.0,0.0,0.0,211.0388528,6.465,2,34875
222713,23,2011-06-24,0,82.0,21545.83,63.8,3.851,0.0,0.0,0.0,0.0,0.0,135.2652667,4.781,2,114533
325755,34,2011-02-18,0,25.0,6172.14,45.12,3.058,0.0,0.0,0.0,0.0,0.0,127.99525,10.398,3,158114
341655,36,2010-02-05,0,16.0,325.0,45.97,2.545,0.0,0.0,0.0,0.0,0.0,209.8529663,8.554,3,39910
52677,6,2011-01-28,0,98.0,7519.8,44.98,3.01,0.0,0.0,0.0,0.0,0.0,213.7143412,6.858,3,202505
354958,37,2012-10-05,0,96.0,20612.76,73.57,3.617,126.94,0.0,2.02,0.0,1451.99,221.8533396,6.228,1,39910
169038,18,2010-05-21,0,7.0,30118.48,60.27,2.961,0.0,0.0,0.0,0.0,0.0,132.2230323,9.269,2,120653
16196,2,2011-09-02,0,98.0,11947.19,89.64,3.533,0.0,0.0,0.0,0.0,0.0,215.4508632,7.852,3,202307
311603,32,2011-11-04,0,13.0,30119.09,37.95,3.527,0.0,0.0,0.0,0.0,0.0,195.4847959,8.513,3,203007
87096,9,2012-08-10,0,90.0,3437.12,88.66,3.494,3180.78,-9.94,1.4,2112.03,2314.58,225.7170094,5.277,2,125833
57974,6,2012-06-29,0,2.0,55350.15,87.35,3.286,3997.4,231.9,0.0,262.44,4182.9,223.4506878,5.964,3,202505
326531,34,2011-05-06,0,83.0,2465.95,54.4,3.866,0.0,0.0,0.0,0.0,0.0,129.0444333,10.581,3,158114
237101,24,2012-08-03,0,31.0,3213.44,73.26,3.819,11887.54,557.1,138.39,9345.76,2781.67,138.1735806,8.953,3,203819
3348,1,2010-12-24,0,56.0,1009.09,52.33,2.886,0.0,0.0,0.0,0.0,0.0,211.4051222,7.838,3,151315
109863,12,2010-07-09,0,83.0,242.92,90.37,3.1,0.0,0.0,0.0,0.0,0.0,126.1518,14.18,2,112238
125203,13,2011-12-16,0,6.0,12489.73,27.85,3.282,3272.56,556.15,959.55,424.43,5933.01,129.8980645,6.392,3,219622
102920,11,2011-05-20,0,12.0,4260.74,76.97,3.907,0.0,0.0,0.0,0.0,0.0,219.127216,7.574,3,207499
253244,26,2011-08-05,0,93.0,31690.11,63.16,3.903,0.0,0.0,0.0,0.0,0.0,136.0540323,7.767,3,152513
237818,24,2012-10-12,0,25.0,13917.68,51.64,4.186,5138.51,0.0,141.88,407.81,3284.69,138.9117,8.693,3,203819
34589,4,2011-05-27,0,31.0,2854.5,73.65,3.771,0.0,0.0,0.0,0.0,0.0,129.0623548,5.946,3,205863
279409,29,2010-06-11,0,59.0,335.12,65.01,2.83,0.0,0.0,0.0,0.0,0.0,132.4357419,10.16,2,93638
354705,37,2012-09-07,1,22.0,71.6,84.19,3.73,319.93,0.0,251.31,354.73,2145.98,221.1181142,6.623,1,39910
170841,18,2010-11-19,0,44.0,5280.14,45.26,3.03,0.0,0.0,0.0,0.0,0.0,132.9172,9.331,2,120653
302649,31,2012-03-09,0,18.0,730.92,57.16,3.669,6284.13,768.91,2.69,1051.13,8527.38,220.6974332,7.057,3,203750
121971,13,2011-02-11,1,56.0,1620.06,30.83,3.034,0.0,0.0,0.0,0.0,0.0,127.859129,7.47,3,219622
367634,39,2011-07-01,0,17.0,10037.31,84.93,3.524,0.0,0.0,0.0,0.0,0.0,213.9324122,8.177,3,184109
320500,33,2012-04-20,0,83.0,1735.65,72.94,4.111,470.51,119.92,0.0,128.87,284.28,131.1173333,7.396,3,39690
143574,15,2011-06-17,0,24.0,4247.66,63.9,3.989,0.0,0.0,0.0,0.0,0.0,135.0837333,7.658,2,123737
59789,7,2010-03-26,0,25.0,6755.5,23.33,2.717,0.0,0.0,0.0,0.0,0.0,189.7195417,9.014,2,70713
32175,4,2010-10-08,0,41.0,1812.97,67.73,2.645,0.0,0.0,0.0,0.0,0.0,126.2791667,7.127,3,205863
273610,28,2011-08-12,0,23.0,28132.58,91.04,3.701,0.0,0.0,0.0,0.0,0.0,129.2015806,13.503,3,206302
113219,12,2011-06-24,0,2.0,73040.76,88.95,3.898,0.0,0.0,0.0,0.0,0.0,129.0663,13.736,2,112238
421249,45,2012-03-30,0,4.0,23230.77,50.04,3.953,9866.15,206.18,3.25,1815.37,1561.56,190.6107463,8.424,2,118221
37680,4,2012-03-30,0,58.0,3285.0,72.63,3.82,2565.8,442.52,6.5,487.66,4076.68,130.9670968,4.607,3,205863
402766,43,2011-05-06,0,99.0,25.0,66.77,3.906,0.0,0.0,0.0,0.0,0.0,207.5714929,10.581,1,41062
311672,32,2011-11-11,0,29.0,4122.35,38.1,3.505,21104.84,7842.47,47.56,3908.03,4246.86,195.6376941,8.513,3,203007
268656,28,2010-04-02,0,55.0,12494.84,59.84,3.086,0.0,0.0,0.0,0.0,0.0,126.6034839,14.099,3,206302
12114,2,2010-07-30,0,17.0,11584.95,83.49,2.64,0.0,0.0,0.0,0.0,0.0,211.0264684,8.099,3,202307
325381,34,2011-01-14,0,18.0,1023.01,30.75,2.992,0.0,0.0,0.0,0.0,0.0,127.3009355,10.398,3,158114
128985,14,2010-03-12,0,11.0,17370.27,45.8,2.818,0.0,0.0,0.0,0.0,0.0,182.1628441,8.992,3,200898
392748,42,2010-02-12,1,80.0,17939.79,49.96,2.828,0.0,0.0,0.0,0.0,0.0,126.4962581,9.765,1,39690
249506,26,2010-07-16,0,97.0,16836.82,67.66,2.796,0.0,0.0,0.0,0.0,0.0,132.5667742,8.445,3,152513
215646,22,2012-04-06,0,60.0,450.0,46.38,3.957,8593.09,0.0,17.67,1946.99,5729.6,141.7712396,7.671,2,119557
404815,43,2012-03-09,0,25.0,41.52,54.52,3.669,392.09,0.5,0.0,0.0,1293.41,212.5185936,9.653,1,41062
304155,31,2012-08-03,0,80.0,19275.42,91.57,3.417,22694.34,15.96,76.19,14090.47,8759.63,221.5869799,6.565,3,203750
236592,24,2012-06-15,0,9.0,28667.53,68.28,3.786,11618.99,217.9,9.33,2449.86,5633.09,138.1295333,8.983,3,203819
355426,38,2010-03-12,0,14.0,931.16,50.11,2.925,0.0,0.0,0.0,0.0,0.0,126.6042857,13.975,1,39690
417769,45,2011-04-08,0,97.0,6754.53,48.71,3.72,0.0,0.0,0.0,0.0,0.0,185.3636656,8.521,2,118221
61728,7,2010-10-15,0,6.0,4703.39,35.86,2.762,0.0,0.0,0.0,0.0,0.0,190.8623087,9.137,2,70713
74383,8,2011-07-29,0,71.0,2702.41,86.46,3.682,0.0,0.0,0.0,0.0,0.0,218.8910733,6.425,3,155078
364608,39,2010-08-27,0,87.0,6832.65,84.31,2.619,0.0,0.0,0.0,0.0,0.0,210.3292106,8.36,3,184109
336187,35,2011-04-08,0,33.0,8715.01,46.87,3.72,0.0,0.0,0.0,0.0,0.0,138.0638929,8.512,2,103681
406091,43,2012-09-14,0,1.0,6426.0,73.03,3.717,1601.72,0.0,18.56,0.0,1219.44,213.9332167,9.285,1,41062
421757,45,2012-05-25,0,67.0,5752.78,67.21,3.798,5370.39,0.0,361.22,1287.62,2461.81,191.0028096,8.567,2,118221
351002,37,2011-04-22,0,97.0,14135.36,74.57,3.807,0.0,0.0,0.0,0.0,0.0,214.1921572,8.3,1,39910
343449,36,2010-11-26,1,14.0,3809.06,67.73,2.725,0.0,0.0,0.0,0.0,0.0,210.5152765,8.476,3,39910
181375,19,2011-01-07,0,58.0,2858.0,31.34,3.351,0.0,0.0,0.0,0.0,0.0,132.8823226,7.771,3,203819
124192,13,2011-09-09,1,87.0,19273.81,70.19,3.619,0.0,0.0,0.0,0.0,0.0,129.3686129,6.877,3,219622
52725,6,2011-02-04,0,41.0,2328.5,40.59,2.989,0.0,0.0,0.0,0.0,0.0,214.0887176,6.858,3,202505
394995,42,2011-01-21,0,14.0,1435.26,56.75,3.336,0.0,0.0,0.0,0.0,0.0,127.4404839,8.744,1,39690
255899,26,2012-04-27,0,93.0,20212.57,43.6,4.023,1946.7,32.65,21.62,24.1,2152.4,137.9781333,7.489,3,152513
23810,3,2011-01-28,0,13.0,9199.92,48.71,3.01,0.0,0.0,0.0,0.0,0.0,215.5065821,7.551,2,37392
298485,31,2011-01-21,0,9.0,7112.46,42.72,3.016,0.0,0.0,0.0,0.0,0.0,211.4864691,8.028,3,203750
233690,24,2011-09-02,0,60.0,158.4,68.14,3.879,0.0,0.0,0.0,0.0,0.0,136.2440968,8.358,3,203819
384778,41,2010-09-17,0,90.0,65949.0,62.4,2.8,0.0,0.0,0.0,0.0,0.0,190.4688287,7.335,3,196321
309838,32,2011-05-13,0,9.0,19399.95,56.09,3.767,0.0,0.0,0.0,0.0,0.0,192.826069,8.595,3,203007
331679,34,2012-09-21,0,90.0,43771.51,66.08,3.721,4857.37,5.73,0.85,221.84,7308.76,131.0103333,9.285,3,158114
5144,1,2011-06-17,0,19.0,489.9,86.41,3.637,0.0,0.0,0.0,0.0,0.0,214.9980596,7.682,3,151315
65666,7,2011-11-25,1,20.0,5724.52,27.6,3.424,35.94,6.47,41487.59,12.0,905.95,195.7704,8.513,2,70713
296772,31,2010-08-06,0,54.0,172.0,90.3,2.627,0.0,0.0,0.0,0.0,0.0,211.1608049,8.099,3,203750
233875,24,2011-09-23,0,79.0,22575.2,60.61,3.899,0.0,0.0,0.0,0.0,0.0,136.367,8.358,3,203819
172385,18,2011-04-29,0,80.0,100.34,58.82,3.988,0.0,0.0,0.0,0.0,0.0,134.4357333,8.975,2,120653
21719,3,2010-06-11,0,14.0,3164.36,82.1,2.668,0.0,0.0,0.0,0.0,0.0,214.787913,7.343,2,37392
95409,10,2012-01-27,0,56.0,2320.45,53.59,3.675,3242.59,1646.86,0.0,45.8,1691.83,130.3144516,7.545,2,126512
276201,28,2012-04-20,0,3.0,8591.3,66.73,4.222,5343.29,3895.86,17.32,657.56,4674.67,131.1173333,11.627,3,206302
32126,4,2010-10-01,0,82.0,24631.57,63.96,2.619,0.0,0.0,0.0,0.0,0.0,126.2346,7.127,3,205863
44246,5,2011-05-27,0,45.0,11.47,80.14,3.786,0.0,0.0,0.0,0.0,0.0,216.0704083,6.489,2,34875
315037,32,2012-10-05,0,60.0,1017.0,55.34,3.779,4879.58,0.0,27.93,2641.24,5393.9,198.8221322,7.557,3,203007
326098,34,2011-03-25,0,33.0,4053.51,53.11,3.48,0.0,0.0,0.0,0.0,0.0,128.6160645,10.398,3,158114
77391,8,2012-05-25,0,58.0,1430.0,76.11,3.561,2989.94,0.0,651.09,1056.01,10189.75,225.3005779,5.679,3,155078
189218,20,2010-05-28,0,74.0,18034.0,70.97,2.899,0.0,0.0,0.0,0.0,0.0,204.1406556,7.856,3,203742
280572,29,2010-10-15,0,18.0,4734.8,55.23,2.878,0.0,0.0,0.0,0.0,0.0,132.7633548,10.524,2,93638
179137,19,2010-06-04,0,8.0,41241.41,68.88,3.006,0.0,0.0,0.0,0.0,0.0,132.3648387,8.185,3,203819
27639,3,2012-03-23,0,34.0,5361.21,66.53,3.787,737.08,36.1,1.43,92.11,583.9,224.7909104,6.833,2,37392
190665,20,2010-10-15,0,49.0,16566.68,59.17,2.868,0.0,0.0,0.0,0.0,0.0,205.0137637,7.484,3,203742
124650,13,2011-10-21,0,41.0,3180.5,54.66,3.579,0.0,0.0,0.0,0.0,0.0,129.7821613,6.392,3,219622
13616,2,2010-12-24,0,19.0,5873.94,49.97,2.886,0.0,0.0,0.0,0.0,0.0,211.0646599,8.163,3,202307
340080,35,2012-05-25,0,80.0,41.7,64.77,3.798,8708.2,0.0,296.24,1676.8,2399.15,142.1032776,8.876,2,103681
94117,10,2011-09-30,0,95.0,68065.98,82.27,3.877,0.0,0.0,0.0,0.0,0.0,129.6060667,8.257,2,126512
14174,2,2011-02-18,0,29.0,10154.55,57.83,3.045,0.0,0.0,0.0,0.0,0.0,212.9033115,8.028,3,202307
68733,7,2012-10-05,0,79.0,5131.57,48.43,3.779,2955.56,0.0,9.9,2240.78,1324.84,198.8221322,7.557,2,70713
174248,18,2011-11-04,0,80.0,891.33,38.29,3.586,0.0,0.0,0.0,0.0,0.0,136.475129,8.471,2,120653
200477,21,2010-09-17,0,56.0,594.66,83.03,2.582,0.0,0.0,0.0,0.0,0.0,211.1806415,8.099,2,140167
124653,13,2011-10-21,0,21.0,8534.76,54.66,3.579,0.0,0.0,0.0,0.0,0.0,129.7821613,6.392,3,219622
213841,22,2011-10-07,0,28.0,922.28,56.44,3.633,0.0,0.0,0.0,0.0,0.0,140.43475,7.706,2,119557
407165,44,2010-05-14,0,96.0,2704.0,50.15,2.962,0.0,0.0,0.0,0.0,0.0,126.2085484,7.972,1,39910
11708,2,2010-06-18,0,12.0,9701.7,85.81,2.637,0.0,0.0,0.0,0.0,0.0,211.1096543,8.2,3,202307
110435,12,2010-09-10,1,91.0,6984.16,83.63,3.044,0.0,0.0,0.0,0.0,0.0,126.1145806,14.18,2,112238
216816,22,2012-08-03,0,59.0,233.88,72.99,3.698,35383.88,88.92,27.32,18389.63,3237.41,142.1916279,7.753,2,119557
114722,12,2011-11-25,1,40.0,44286.26,53.25,3.622,5391.83,8.0,63143.29,49.27,2115.67,129.8364,12.89,2,112238
39242,4,2012-08-24,0,31.0,5770.33,75.76,3.61,9983.59,0.0,23.4,8115.89,7158.66,130.8381613,4.077,3,205863
105977,11,2012-03-16,0,81.0,14676.72,64.21,3.734,7073.59,224.43,4.19,3164.68,2438.5,224.7166953,6.833,3,207499
117429,12,2012-08-31,0,36.0,278.0,89.78,4.093,30055.26,13.2,116.87,11860.18,3746.24,130.8853548,10.926,2,112238
153901,16,2011-09-02,0,91.0,1592.86,63.44,3.511,0.0,0.0,0.0,0.0,0.0,194.5092113,6.338,2,57197
300148,31,2011-07-08,0,38.0,67916.69,89.16,3.48,0.0,0.0,0.0,0.0,0.0,214.9296249,7.852,3,203750
222971,23,2011-07-15,0,13.0,38356.45,69.8,3.827,0.0,0.0,0.0,0.0,0.0,135.7837419,4.584,2,114533
321049,33,2012-07-13,0,55.0,7.0,97.6,3.723,221.83,0.0,0.6,0.0,2405.4,130.683,7.147,3,39690
161772,17,2011-02-11,1,3.0,15614.08,14.19,3.034,0.0,0.0,0.0,0.0,0.0,127.859129,6.866,2,93188
46613,5,2012-02-10,1,22.0,3325.68,48.57,3.409,4239.28,2725.8,1.53,3682.89,3234.79,220.849586,5.943,2,34875
236927,24,2012-07-20,0,42.0,6561.84,76.42,3.732,571.85,126.88,145.72,614.55,1867.65,138.2331935,8.953,3,203819
209607,22,2010-07-23,0,35.0,3779.0,76.91,2.784,0.0,0.0,0.0,0.0,0.0,136.4366924,8.433,2,119557
171183,18,2010-12-24,0,7.0,202655.12,28.16,3.15,0.0,0.0,0.0,0.0,0.0,132.7477419,9.331,2,120653
340689,35,2012-07-27,0,4.0,17088.14,76.01,3.647,5446.22,0.0,10.88,6221.18,2764.62,142.2126924,8.839,2,103681
194625,20,2011-11-04,0,49.0,19608.63,43.88,3.551,0.0,0.0,0.0,0.0,0.0,210.8364551,7.082,3,203742
136308,14,2012-03-16,0,32.0,11085.85,50.56,3.862,6021.47,280.43,5.5,1814.5,1581.84,190.4618964,8.424,3,200898
80786,9,2010-08-27,0,5.0,11414.38,84.01,2.619,0.0,0.0,0.0,0.0,0.0,215.1199536,6.442,2,125833
71825,8,2010-11-12,0,33.0,5498.74,54.89,2.728,0.0,0.0,0.0,0.0,0.0,215.3721,6.433,3,155078
419736,45,2011-10-28,0,20.0,3254.09,51.78,3.569,0.0,0.0,0.0,0.0,0.0,187.8774913,8.523,2,118221
176927,18,2012-07-27,0,25.0,12151.11,72.97,3.701,4182.36,117.52,5.9,3944.27,4654.0,138.2033871,8.535,2,120653
327041,34,2011-06-24,0,36.0,1688.0,77.16,3.57,0.0,0.0,0.0,0.0,0.0,129.0663,10.581,3,158114
166421,17,2012-05-25,0,32.0,5690.18,55.69,3.801,5528.92,0.0,71.81,595.85,2754.3,131.0287742,6.235,2,93188
339904,35,2012-05-04,0,31.0,2664.15,53.68,3.951,13647.64,0.0,9.87,6114.76,4853.52,142.0177929,8.876,2,103681
239237,25,2010-06-04,0,33.0,3190.75,69.22,2.847,0.0,0.0,0.0,0.0,0.0,204.4042877,7.856,2,128107
234831,24,2011-12-23,0,38.0,60526.65,36.93,3.587,1813.06,632.93,1633.67,51.66,1309.54,136.5883871,8.454,3,203819
99565,11,2010-06-11,0,52.0,2041.48,82.81,2.668,0.0,0.0,0.0,0.0,0.0,214.787913,7.343,3,207499
165475,17,2012-02-24,0,45.0,5.97,30.01,3.145,8628.93,3368.34,0.0,3876.56,4378.82,130.5502069,6.403,2,93188
385844,41,2010-12-31,1,49.0,4823.27,25.19,2.829,0.0,0.0,0.0,0.0,0.0,191.2557002,7.508,3,196321
384761,41,2010-09-10,1,95.0,88857.38,63.3,2.78,0.0,0.0,0.0,0.0,0.0,190.3958293,7.335,3,196321
247391,25,2012-09-14,0,36.0,470.08,60.9,3.948,6748.95,0.0,3.15,968.4,6124.49,215.3583757,7.28,2,128107
123,1,2010-02-12,1,19.0,1490.79,38.51,2.548,0.0,0.0,0.0,0.0,0.0,211.2421698,8.106,3,151315
187040,19,2012-07-20,0,32.0,6334.99,76.17,3.732,6029.42,424.15,17.82,3070.32,2610.94,138.2331935,8.193,3,203819
263642,27,2011-09-02,0,81.0,26547.78,71.44,3.879,0.0,0.0,0.0,0.0,0.0,140.196985,7.85,3,204184
194374,20,2011-10-14,0,92.0,182995.14,62.54,3.541,0.0,0.0,0.0,0.0,0.0,210.4027602,7.082,3,203742
262859,27,2011-06-17,0,52.0,1247.47,67.03,3.989,0.0,0.0,0.0,0.0,0.0,139.0028333,7.725,3,204184
142024,15,2011-01-07,0,35.0,1938.0,30.53,3.351,0.0,0.0,0.0,0.0,0.0,132.8823226,7.771,2,123737
123030,13,2011-05-20,0,85.0,4373.68,52.12,3.802,0.0,0.0,0.0,0.0,0.0,129.0756774,7.193,3,219622
243710,25,2011-09-02,0,54.0,10.0,67.2,3.703,0.0,0.0,0.0,0.0,0.0,208.9625161,7.274,2,128107
27831,3,2012-04-13,0,26.0,3805.43,72.83,3.891,5359.22,1673.42,3.0,682.03,1371.55,225.0135556,6.664,2,37392
232559,24,2011-05-20,0,87.0,24297.47,59.84,4.202,0.0,0.0,0.0,0.0,0.0,134.6803871,8.212,3,203819
193300,20,2011-07-01,0,42.0,9275.01,69.66,3.748,0.0,0.0,0.0,0.0,0.0,208.3346432,7.274,3,203742
77077,8,2012-04-27,0,38.0,61463.6,70.34,3.814,5440.25,1.5,2.2,15.6,3302.44,225.1734114,5.679,3,155078
152015,16,2011-02-04,0,29.0,1462.76,13.64,3.011,0.0,0.0,0.0,0.0,0.0,191.7625895,6.614,2,57197
360593,38,2012-02-17,0,90.0,37214.09,51.8,3.781,647.57,580.69,5.72,2.0,2761.19,130.4546207,12.187,1,39690
180411,19,2010-10-08,0,5.0,26288.2,53.74,2.903,0.0,0.0,0.0,0.0,0.0,132.7516667,8.067,3,203819
297148,31,2010-09-17,0,38.0,84765.47,83.03,2.582,0.0,0.0,0.0,0.0,0.0,211.1806415,8.099,3,203750
334342,35,2010-10-01,0,21.0,2686.94,70.19,2.707,0.0,0.0,0.0,0.0,0.0,136.6297571,8.763,2,103681
61917,7,2010-11-05,0,17.0,7100.75,49.44,2.729,0.0,0.0,0.0,0.0,0.0,190.9964377,9.137,2,70713
66992,7,2012-04-06,0,25.0,7271.87,44.29,3.854,7550.89,0.0,21.98,1156.2,3500.91,197.5971285,8.09,2,70713
119499,13,2010-06-18,0,55.0,17049.54,58.41,2.819,0.0,0.0,0.0,0.0,0.0,126.114,8.107,3,219622
67432,7,2012-05-25,0,52.0,977.19,50.6,3.804,5126.54,0.0,90.05,483.27,2236.31,197.5886046,8.09,2,70713
69883,8,2010-04-30,0,98.0,5131.58,61.01,2.78,0.0,0.0,0.0,0.0,0.0,213.7176024,6.29,3,155078
191155,20,2010-12-03,0,30.0,4264.44,35.47,3.046,0.0,0.0,0.0,0.0,0.0,204.8249189,7.484,3,203742
239375,25,2010-06-18,0,11.0,15044.43,69.56,2.78,0.0,0.0,0.0,0.0,0.0,204.670036,7.856,2,128107
371639,39,2012-08-10,0,91.0,65319.7,83.47,3.494,13884.35,122.0,112.9,4259.15,10223.2,220.6404663,6.623,3,184109
218306,23,2010-04-02,0,6.0,6958.54,40.5,2.826,0.0,0.0,0.0,0.0,0.0,131.9019677,5.435,2,114533
188538,20,2010-03-19,0,79.0,40818.88,47.32,2.844,0.0,0.0,0.0,0.0,0.0,204.3782258,8.187,3,203742
328989,34,2011-12-30,1,92.0,64196.75,28.84,3.119,3312.59,21909.93,210.22,146.1,3299.3,130.0710323,10.148,3,158114
331763,34,2012-09-28,0,13.0,22729.11,67.06,3.666,2282.47,3.82,0.22,198.21,2618.07,131.043,9.285,3,158114
302769,31,2012-03-23,0,42.0,5331.78,62.96,3.787,4783.0,70.51,2.38,837.58,6900.79,220.9244858,7.057,3,203750
261677,27,2011-02-18,0,92.0,144696.57,39.32,3.42,0.0,0.0,0.0,0.0,0.0,137.2511849,7.827,3,204184
93178,10,2011-07-01,0,10.0,56856.94,95.36,3.842,0.0,0.0,0.0,0.0,0.0,129.0894,8.257,2,126512
14933,2,2011-04-29,0,40.0,71226.32,69.21,3.81,0.0,0.0,0.0,0.0,0.0,215.2772683,7.931,3,202307
358928,38,2011-07-08,0,11.0,765.82,89.9,3.705,0.0,0.0,0.0,0.0,0.0,129.1125,13.503,1,39690
222999,23,2011-07-22,0,18.0,0.5,76.74,3.882,0.0,0.0,0.0,0.0,0.0,135.8738387,4.584,2,114533
31513,4,2010-08-06,0,85.0,1392.31,76.53,2.64,0.0,0.0,0.0,0.0,0.0,126.0854516,7.372,3,205863
44567,5,2011-07-01,0,90.0,3377.61,85.81,3.524,0.0,0.0,0.0,0.0,0.0,215.7474537,6.529,2,34875
271961,28,2011-02-25,0,8.0,34698.91,48.45,3.53,0.0,0.0,0.0,0.0,0.0,128.13,14.021,3,206302
39123,4,2012-08-17,0,98.0,14938.61,81.41,3.552,2531.63,15.04,5.54,1269.13,3528.9,130.7909677,4.077,3,205863
360793,38,2012-03-16,0,13.0,10973.36,64.44,4.273,480.19,0.5,1.02,0.0,1158.07,130.8261935,12.187,1,39690
59665,7,2010-03-19,0,3.0,7489.97,29.04,2.692,0.0,0.0,0.0,0.0,0.0,189.734262,9.014,2,70713
364739,39,2010-09-10,1,7.0,29894.93,79.94,2.565,0.0,0.0,0.0,0.0,0.0,210.2641156,8.36,3,184109
339487,35,2012-03-23,0,83.0,2648.58,57.3,3.9,25204.95,107.69,0.25,8359.06,5252.73,141.6269332,8.744,2,103681
55321,6,2011-10-14,0,56.0,3178.84,71.24,3.274,0.0,0.0,0.0,0.0,0.0,218.9109844,6.551,3,202505
198857,21,2010-03-26,0,25.0,17408.13,51.66,2.732,0.0,0.0,0.0,0.0,0.0,210.6766095,8.324,2,140167
52175,6,2010-12-10,0,11.0,27275.36,48.46,2.843,0.0,0.0,0.0,0.0,0.0,212.9804059,7.007,3,202505
393347,42,2010-05-14,0,11.0,758.17,73.88,3.145,0.0,0.0,0.0,0.0,0.0,126.2085484,9.524,1,39690
269255,28,2010-06-04,0,80.0,21361.17,81.39,2.941,0.0,0.0,0.0,0.0,0.0,126.1360645,14.099,3,206302
802,1,2010-04-23,0,45.0,23.97,64.84,2.795,0.0,0.0,0.0,0.0,0.0,210.4391228,7.808,3,151315
218476,23,2010-04-23,0,13.0,44030.28,46.4,2.895,0.0,0.0,0.0,0.0,0.0,132.0226667,5.435,2,114533
306638,32,2010-07-09,0,4.0,28175.09,67.55,2.711,0.0,0.0,0.0,0.0,0.0,189.5231276,9.017,3,203007
128606,14,2010-02-05,0,27.0,3431.0,27.31,2.784,0.0,0.0,0.0,0.0,0.0,181.8711898,8.992,3,200898
422019,45,2012-06-22,0,74.0,8841.34,74.22,3.564,5565.31,222.5,1.16,2149.76,7474.76,191.0646096,8.567,2,118221
278530,29,2010-03-12,0,42.0,4006.19,43.43,2.805,0.0,0.0,0.0,0.0,0.0,131.784,10.064,2,93638
288795,30,2010-07-09,0,1.0,9421.17,81.67,2.642,0.0,0.0,0.0,0.0,0.0,210.7657317,8.099,1,42988
85019,9,2011-12-23,0,67.0,9768.45,44.43,3.112,719.14,0.24,318.75,17.72,2357.19,223.0661125,6.054,2,125833
376866,40,2011-04-22,0,14.0,9494.69,39.32,3.919,0.0,0.0,0.0,0.0,0.0,134.3571,4.781,3,155083
180240,19,2010-09-17,0,44.0,5855.37,58.68,2.846,0.0,0.0,0.0,0.0,0.0,132.7670667,8.099,3,203819
68117,7,2012-08-03,0,92.0,34065.36,61.83,3.528,9468.47,109.88,2.88,8606.99,1605.62,198.0293893,7.872,2,70713
40982,5,2010-05-28,0,4.0,9914.1,79.81,2.759,0.0,0.0,0.0,0.0,0.0,211.4507688,6.465,2,34875
390978,41,2012-05-25,0,97.0,22704.32,54.89,3.804,8215.27,0.0,277.14,1198.25,2444.61,197.5886046,6.547,3,196321
8901,1,2012-06-22,0,97.0,33754.43,78.39,3.346,8624.56,171.25,3.05,2524.07,7063.68,221.8030211,7.143,3,151315
202761,21,2011-05-13,0,9.0,17161.11,75.04,3.899,0.0,0.0,0.0,0.0,0.0,215.6124735,7.931,2,140167
116913,12,2012-07-06,0,44.0,6366.4,89.13,3.765,10804.73,-0.6,3.33,5397.84,4395.03,130.7196333,10.926,2,112238
200002,21,2010-07-23,0,10.0,15230.79,87.17,2.608,0.0,0.0,0.0,0.0,0.0,210.8921319,8.099,2,140167
9813,1,2012-09-21,0,95.0,119121.35,69.87,3.721,6352.3,7.64,4.69,1010.06,6456.71,222.7818386,6.908,3,151315
199691,21,2010-06-25,0,38.0,39985.66,87.01,2.653,0.0,0.0,0.0,0.0,0.0,210.9950134,8.2,2,140167
48358,5,2012-08-24,0,67.0,2406.52,79.45,3.62,1985.37,68.0,4.54,627.6,1355.17,222.7617437,5.603,2,34875
154021,16,2011-09-09,1,2.0,25179.38,56.99,3.566,0.0,0.0,0.0,0.0,0.0,194.6387853,6.338,2,57197
86143,9,2012-04-20,0,8.0,22864.57,68.04,3.877,910.31,121.25,2.0,265.55,1146.34,225.3117488,5.539,2,125833
187405,19,2012-08-31,0,5.0,22556.0,71.85,4.026,19970.78,236.96,23.99,7058.25,2595.88,138.3771935,8.193,3,203819
77963,8,2012-07-27,0,93.0,24338.26,81.71,3.407,6382.88,80.6,3.55,2242.95,4403.2,225.5029014,5.401,3,155078
189089,20,2010-05-14,0,27.0,2716.25,55.91,2.982,0.0,0.0,0.0,0.0,0.0,203.6133915,7.856,3,203742
12601,2,2010-09-17,0,80.0,26106.6,82.05,2.582,0.0,0.0,0.0,0.0,0.0,211.1806415,8.099,3,202307
151381,16,2010-12-03,0,33.0,2020.55,23.68,2.712,0.0,0.0,0.0,0.0,0.0,190.9931437,6.986,2,57197
246605,25,2012-06-22,0,72.0,28274.12,73.52,3.564,9127.63,467.6,30.29,3543.14,5417.88,214.606,7.139,2,128107
261381,27,2011-01-21,0,34.0,9608.25,30.13,3.391,0.0,0.0,0.0,0.0,0.0,136.8870657,7.827,3,204184
344257,36,2011-04-01,0,98.0,9375.19,67.31,3.529,0.0,0.0,0.0,0.0,0.0,213.5776701,8.3,3,39910
359257,38,2011-08-26,0,7.0,372.66,94.61,3.74,0.0,0.0,0.0,0.0,0.0,129.2832581,13.503,1,39690
374413,40,2010-08-13,0,37.0,1560.37,67.47,2.81,0.0,0.0,0.0,0.0,0.0,132.63,5.326,3,155083
243881,25,2011-09-23,0,80.0,491.9,60.28,3.711,0.0,0.0,0.0,0.0,0.0,209.4986126,7.274,2,128107
10685,2,2010-03-12,0,52.0,5054.51,57.56,2.667,0.0,0.0,0.0,0.0,0.0,211.037551,8.324,3,202307
11833,2,2010-07-02,0,12.0,8646.9,82.74,2.669,0.0,0.0,0.0,0.0,0.0,210.8803726,8.099,3,202307
154285,16,2011-10-07,0,30.0,1186.76,48.91,3.498,0.0,0.0,0.0,0.0,0.0,194.9459724,6.232,2,57197
229297,24,2010-07-02,0,41.0,1069.0,71.12,2.958,0.0,0.0,0.0,0.0,0.0,132.5218667,8.117,3,203819
182949,19,2011-06-17,0,81.0,21971.57,64.02,3.989,0.0,0.0,0.0,0.0,0.0,135.0837333,7.658,3,203819
230630,24,2010-11-12,0,96.0,8272.93,41.76,3.065,0.0,0.0,0.0,0.0,0.0,132.9783226,8.275,3,203819
153834,16,2011-08-26,0,38.0,51494.92,67.51,3.485,0.0,0.0,0.0,0.0,0.0,194.3796374,6.338,2,57197
269262,28,2010-06-04,0,30.0,4961.86,81.39,2.941,0.0,0.0,0.0,0.0,0.0,126.1360645,14.099,3,206302
39000,4,2012-08-03,0,72.0,89619.52,83.86,3.374,29127.2,42.27,58.34,22663.73,10925.99,130.737871,4.077,3,205863
332769,35,2010-04-16,0,90.0,15419.78,54.95,2.899,0.0,0.0,0.0,0.0,0.0,135.82725,9.051,2,103681
208370,22,2010-03-19,0,18.0,4985.12,46.03,2.834,0.0,0.0,0.0,0.0,0.0,135.6682247,8.283,2,119557
11822,2,2010-07-02,0,38.0,94049.47,82.74,2.669,0.0,0.0,0.0,0.0,0.0,210.8803726,8.099,3,202307
45559,5,2011-10-21,0,35.0,985.15,66.9,3.353,0.0,0.0,0.0,0.0,0.0,218.0852999,6.3,2,34875
181996,19,2011-03-11,0,60.0,660.0,35.59,3.752,0.0,0.0,0.0,0.0,0.0,133.7361429,7.771,3,203819
268534,28,2010-03-26,0,42.0,6503.02,60.06,3.083,0.0,0.0,0.0,0.0,0.0,126.6050645,13.975,3,206302
51671,6,2010-10-22,0,55.0,12298.09,70.97,2.725,0.0,0.0,0.0,0.0,0.0,213.3820486,7.007,3,202505
790,1,2010-04-16,0,33.0,4749.75,66.32,2.808,0.0,0.0,0.0,0.0,0.0,210.4887,7.808,3,151315
45067,5,2011-08-26,0,36.0,181.97,89.18,3.523,0.0,0.0,0.0,0.0,0.0,216.2950176,6.529,2,34875
200652,21,2010-10-01,0,44.0,4309.22,70.28,2.603,0.0,0.0,0.0,0.0,0.0,211.3298742,8.163,2,140167
174689,18,2011-12-16,0,40.0,65461.5,35.52,3.445,3332.41,2.65,882.11,1350.2,2932.75,136.5335161,8.471,2,120653
100785,11,2010-10-15,0,80.0,11857.17,71.46,2.72,0.0,0.0,0.0,0.0,0.0,215.1293114,7.564,3,207499
417694,45,2011-04-01,0,31.0,1846.5,37.27,3.638,0.0,0.0,0.0,0.0,0.0,185.1790167,8.521,2,118221
221291,23,2011-01-28,0,46.0,30162.81,10.91,3.243,0.0,0.0,0.0,0.0,0.0,133.1059677,5.114,2,114533
43052,5,2011-01-14,0,2.0,10189.2,37.74,2.983,0.0,0.0,0.0,0.0,0.0,212.008514,6.634,2,34875
333358,35,2010-06-18,0,90.0,17235.56,70.0,2.78,0.0,0.0,0.0,0.0,0.0,136.3243393,9.051,2,103681
161201,17,2010-12-17,0,13.0,21288.8,25.13,2.842,0.0,0.0,0.0,0.0,0.0,126.8794839,6.885,2,93188
396321,42,2011-07-29,0,17.0,313.43,86.75,3.694,0.0,0.0,0.0,0.0,0.0,129.1677097,8.257,1,39690
128368,13,2012-10-12,0,38.0,88257.7,55.1,3.797,1927.15,0.0,9.72,518.97,11269.24,131.1083333,5.621,3,219622
361648,38,2012-07-06,0,3.0,327.97,89.13,3.765,404.49,0.0,4.05,0.0,1132.08,130.7196333,10.926,1,39690
97592,10,2012-08-31,0,80.0,364.23,86.97,3.886,26218.85,0.0,68.24,12440.51,3544.68,130.8853548,7.17,2,126512
32910,4,2010-12-17,0,37.0,3534.12,46.57,2.884,0.0,0.0,0.0,0.0,0.0,126.8794839,7.127,3,205863
157496,16,2012-08-31,0,44.0,3908.78,64.19,3.556,8702.4,0.0,35.78,3576.08,4493.67,198.0967341,6.061,2,57197
183987,19,2011-09-23,0,17.0,15345.32,61.32,3.899,0.0,0.0,0.0,0.0,0.0,136.367,7.806,3,203819
409106,44,2011-02-18,0,79.0,4143.78,40.85,3.062,0.0,0.0,0.0,0.0,0.0,127.99525,7.224,1,39910
405659,43,2012-07-13,0,94.0,50010.67,78.82,3.256,539.85,0.0,0.71,0.0,2373.05,213.3134286,9.285,1,41062
112583,12,2011-04-15,0,40.0,49612.13,57.63,3.868,0.0,0.0,0.0,0.0,0.0,128.9107333,13.736,2,112238
241506,25,2011-01-21,0,5.0,7570.43,23.21,3.229,0.0,0.0,0.0,0.0,0.0,205.0460497,7.343,2,128107
402962,43,2011-06-03,0,14.0,1616.5,83.49,3.699,0.0,0.0,0.0,0.0,0.0,207.1039009,10.581,1,41062
279567,29,2010-07-02,0,45.0,39.96,72.88,2.815,0.0,0.0,0.0,0.0,0.0,132.5218667,10.409,2,93638
229327,24,2010-07-02,0,85.0,2580.93,71.12,2.958,0.0,0.0,0.0,0.0,0.0,132.5218667,8.117,3,203819
419222,45,2011-09-09,1,24.0,8922.34,71.48,3.738,0.0,0.0,0.0,0.0,0.0,186.6737376,8.625,2,118221
139271,15,2010-04-02,0,16.0,17045.0,45.27,2.957,0.0,0.0,0.0,0.0,0.0,131.9019677,8.185,2,123737
131414,14,2010-11-12,0,13.0,64136.65,46.14,2.931,0.0,0.0,0.0,0.0,0.0,182.9916129,8.724,3,200898
189773,20,2010-07-16,0,71.0,8699.64,75.14,2.783,0.0,0.0,0.0,0.0,0.0,204.3571656,7.527,3,203742
366034,39,2011-01-21,0,20.0,6134.18,50.25,3.016,0.0,0.0,0.0,0.0,0.0,210.6031072,8.395,3,184109
248067,26,2010-02-19,0,93.0,19323.93,22.62,2.747,0.0,0.0,0.0,0.0,0.0,131.637,8.488,3,152513
367899,39,2011-07-29,0,74.0,25058.17,86.24,3.682,0.0,0.0,0.0,0.0,0.0,214.2343177,8.177,3,184109
258717,27,2010-05-07,0,22.0,17483.82,69.02,3.095,0.0,0.0,0.0,0.0,0.0,135.962,8.058,3,204184
42481,5,2010-11-12,0,13.0,11516.1,62.37,2.728,0.0,0.0,0.0,0.0,0.0,212.5604113,6.768,2,34875
66799,7,2012-03-16,0,72.0,47846.88,37.29,3.486,2980.91,3.28,2.55,3440.61,1127.01,197.0457208,8.256,2,70713
80633,9,2010-08-13,0,20.0,2818.11,86.85,2.692,0.0,0.0,0.0,0.0,0.0,215.2039756,6.442,2,125833
224044,23,2011-10-28,0,81.0,8219.65,42.57,3.604,0.0,0.0,0.0,0.0,0.0,136.4884516,4.42,2,114533
231263,24,2011-01-14,0,60.0,114.4,22.41,3.367,0.0,0.0,0.0,0.0,0.0,132.9510645,8.252,3,203819
303231,31,2012-05-04,0,6.0,2757.05,77.53,3.749,13819.53,0.0,116.3,4932.07,4528.81,221.3095166,6.891,3,203750
23844,3,2011-01-28,0,60.0,70.4,48.71,3.01,0.0,0.0,0.0,0.0,0.0,215.5065821,7.551,2,37392
252060,26,2011-04-08,0,25.0,5395.38,29.09,3.72,0.0,0.0,0.0,0.0,0.0,134.1777742,7.818,3,152513
41547,5,2010-07-30,0,20.0,1528.63,82.46,2.64,0.0,0.0,0.0,0.0,0.0,211.9270006,6.496,2,34875
411636,44,2012-02-03,0,46.0,6021.59,31.39,3.077,1518.53,4.0,77.54,0.0,1177.48,130.3496774,5.774,1,39910
357283,38,2010-11-26,1,85.0,95.18,47.66,3.162,0.0,0.0,0.0,0.0,0.0,126.6692667,14.313,1,39690
303334,31,2012-05-18,0,20.0,6412.07,72.42,3.63,8569.82,0.0,47.39,719.88,17903.64,221.380331,6.891,3,203750
401971,43,2011-01-07,0,14.0,1353.3,40.47,2.976,0.0,0.0,0.0,0.0,0.0,203.4267005,10.398,1,41062
205583,21,2012-03-02,0,5.0,19449.26,59.3,3.63,14017.62,1076.98,7.07,8891.83,3182.63,220.4866886,7.057,2,140167
36347,4,2011-11-18,0,13.0,71200.66,50.44,3.294,4539.94,840.56,372.9,613.96,5358.13,129.8268333,5.143,3,205863
237563,24,2012-09-14,0,4.0,28286.34,64.28,4.088,8179.55,1.0,30.77,1838.92,3353.34,138.5673,8.953,3,203819
396505,42,2011-08-26,0,17.0,453.78,91.59,3.663,0.0,0.0,0.0,0.0,0.0,129.2832581,8.257,1,39690
20148,2,2012-09-21,0,6.0,6288.61,71.09,3.721,6707.94,3.82,15.55,1001.42,7607.94,222.4169362,6.565,3,202307
148031,15,2012-09-07,1,49.0,8066.99,71.61,4.076,7925.48,13.2,15.69,1684.3,1941.32,138.4729355,8.193,2,123737
399736,43,2010-02-12,1,46.0,8581.49,47.99,2.548,0.0,0.0,0.0,0.0,0.0,203.2010968,9.521,1,41062
266561,27,2012-06-08,0,90.0,92587.09,64.05,3.871,12921.09,414.6,95.99,1666.88,7819.11,142.1158099,8.253,3,204184
408834,44,2011-01-07,0,16.0,513.97,16.94,2.891,0.0,0.0,0.0,0.0,0.0,127.1917742,7.224,1,39910
141097,15,2010-10-08,0,72.0,35786.73,52.19,2.903,0.0,0.0,0.0,0.0,0.0,132.7516667,8.067,2,123737
101892,11,2011-02-04,0,55.0,15813.65,47.17,2.989,0.0,0.0,0.0,0.0,0.0,215.8863367,7.551,3,207499
172787,18,2011-06-03,0,52.0,2905.23,70.9,3.973,0.0,0.0,0.0,0.0,0.0,134.8551613,8.975,2,120653
81795,9,2010-12-24,0,16.0,1918.78,50.93,2.886,0.0,0.0,0.0,0.0,0.0,214.9301534,6.56,2,125833
333515,35,2010-07-02,0,82.0,12616.24,76.25,2.815,0.0,0.0,0.0,0.0,0.0,136.3722893,8.861,2,103681
422564,45,2012-08-17,0,74.0,10724.05,75.71,3.807,3657.79,6.0,0.3,1630.5,3794.22,191.2284919,8.684,2,118221
190370,20,2010-09-17,0,25.0,15192.91,65.28,2.706,0.0,0.0,0.0,0.0,0.0,204.7513279,7.527,3,203742
245268,25,2012-02-10,1,3.0,8971.48,32.47,3.64,17655.4,5620.25,12.82,16909.35,6645.05,213.1186138,6.961,2,128107
246613,25,2012-06-29,0,30.0,2631.12,69.84,3.506,3374.98,537.8,0.0,712.78,1992.95,214.6466757,7.139,2,128107
357686,38,2011-01-21,0,10.0,287.23,53.53,3.223,0.0,0.0,0.0,0.0,0.0,127.4404839,14.021,1,39690
127458,13,2012-07-20,0,60.0,747.0,75.69,3.556,6060.59,133.34,35.23,1518.75,6675.69,130.7012903,5.765,3,219622
212957,22,2011-07-08,0,7.0,39122.56,74.22,3.784,0.0,0.0,0.0,0.0,0.0,139.5442083,8.023,2,119557
340182,35,2012-06-01,0,29.0,8151.15,73.4,3.742,12469.08,0.0,9.66,3040.28,5859.48,142.1095438,8.876,2,103681
58942,6,2012-10-05,0,12.0,5748.19,70.84,3.617,9663.09,0.0,40.93,3720.0,5941.24,224.804222,5.329,3,202505
110756,12,2010-10-08,0,18.0,10136.12,71.82,3.013,0.0,0.0,0.0,0.0,0.0,126.2791667,14.313,2,112238
282829,29,2011-06-10,0,46.0,13140.29,69.53,3.924,0.0,0.0,0.0,0.0,0.0,134.9425484,9.966,2,93638
126748,13,2012-05-11,0,4.0,43748.27,56.47,3.809,14566.92,86.0,60.34,6009.18,4224.91,131.1453333,5.965,3,219622
175115,18,2012-01-27,0,26.0,6830.05,30.44,3.568,3237.56,3060.93,0.0,22.5,653.02,136.9598387,8.075,2,120653
273018,28,2011-06-10,0,7.0,28816.14,78.72,3.981,0.0,0.0,0.0,0.0,0.0,129.0357097,13.736,3,206302
344762,36,2011-06-24,0,67.0,657.28,83.95,3.569,0.0,0.0,0.0,0.0,0.0,213.8402689,8.3,3,39910
36320,4,2011-11-18,0,25.0,16533.9,50.44,3.294,4539.94,840.56,372.9,613.96,5358.13,129.8268333,5.143,3,205863
32283,4,2010-10-15,0,30.0,6675.98,62.03,2.732,0.0,0.0,0.0,0.0,0.0,126.3266774,7.127,3,205863
297565,31,2010-10-22,0,7.0,15141.42,70.72,2.725,0.0,0.0,0.0,0.0,0.0,211.5187208,8.163,3,203750
242042,25,2011-03-18,0,34.0,8826.91,40.94,3.631,0.0,0.0,0.0,0.0,0.0,207.4283845,7.343,2,128107
388598,41,2011-09-30,0,72.0,51005.99,61.77,3.538,0.0,0.0,0.0,0.0,0.0,194.8779718,6.901,3,196321
171006,18,2010-12-10,0,13.0,41017.65,25.64,3.132,0.0,0.0,0.0,0.0,0.0,132.6764,9.331,2,120653
89817,10,2010-08-06,0,83.0,252.22,86.13,3.123,0.0,0.0,0.0,0.0,0.0,126.0854516,9.199,2,126512
228167,24,2010-03-12,0,20.0,6316.28,42.31,2.938,0.0,0.0,0.0,0.0,0.0,131.784,8.326,3,203819
48605,5,2012-09-21,0,40.0,21352.05,71.09,3.721,3033.26,5.73,1.1,83.82,4579.05,223.3737593,5.603,2,34875
396260,42,2011-07-22,0,32.0,40.0,88.59,3.697,0.0,0.0,0.0,0.0,0.0,129.1507742,8.257,1,39690
85396,9,2012-02-03,0,11.0,12670.38,54.43,3.36,19289.22,527.14,4.46,9955.21,3428.92,223.9006766,5.667,2,125833
411422,44,2012-01-06,0,82.0,3847.73,33.8,3.08,1.94,51.41,54.05,0.0,809.1,130.1575161,5.774,1,39910
269680,28,2010-07-16,0,40.0,41325.76,97.18,3.094,0.0,0.0,0.0,0.0,0.0,126.1498065,14.18,3,206302
188255,20,2010-02-19,0,27.0,3022.91,25.43,2.745,0.0,0.0,0.0,0.0,0.0,204.4321004,8.187,3,203742
377091,40,2011-05-13,0,6.0,3338.0,54.09,4.095,0.0,0.0,0.0,0.0,0.0,134.593,4.781,3,155083
302,1,2010-03-05,0,31.0,2595.8,46.5,2.625,0.0,0.0,0.0,0.0,0.0,211.3501429,8.106,3,151315
189909,20,2010-07-30,0,97.0,23783.6,76.03,2.781,0.0,0.0,0.0,0.0,0.0,204.605272,7.527,3,203742
309028,32,2011-02-25,0,71.0,6812.3,33.0,3.101,0.0,0.0,0.0,0.0,0.0,191.9647167,8.818,3,203007
174119,18,2011-10-21,0,12.0,4555.62,55.83,3.618,0.0,0.0,0.0,0.0,0.0,136.5017742,8.471,2,120653
289701,30,2010-11-19,0,96.0,17119.23,51.71,2.771,0.0,0.0,0.0,0.0,0.0,211.5470304,8.163,1,42988
325087,34,2010-12-17,0,79.0,15574.13,42.64,2.884,0.0,0.0,0.0,0.0,0.0,126.8794839,10.21,3,158114
268834,28,2010-04-23,0,54.0,124.0,64.55,3.05,0.0,0.0,0.0,0.0,0.0,126.4713333,14.099,3,206302
177732,18,2012-10-19,0,3.0,10284.88,51.96,4.0,1894.83,0.0,2.24,501.85,1453.25,138.8336129,8.243,2,120653
70882,8,2010-08-06,0,11.0,21332.09,80.37,2.627,0.0,0.0,0.0,0.0,0.0,214.8807793,6.315,3,155078
205185,21,2012-01-20,0,31.0,1864.76,52.21,3.268,4436.0,1092.91,3.46,387.92,3943.31,219.6258417,7.057,2,140167
91397,10,2011-01-07,0,81.0,10327.61,43.43,3.287,0.0,0.0,0.0,0.0,0.0,127.1917742,8.744,2,126512
7046,1,2011-12-23,0,21.0,13551.98,47.96,3.112,2725.36,40.48,634.7,24.9,2739.43,219.3577216,7.866,3,151315
334385,35,2010-10-01,0,17.0,16832.97,70.19,2.707,0.0,0.0,0.0,0.0,0.0,136.6297571,8.763,2,103681
132777,14,2011-03-25,0,38.0,109573.78,41.76,3.625,0.0,0.0,0.0,0.0,0.0,184.9943679,8.549,3,200898
135368,14,2011-12-09,0,71.0,9734.62,46.57,3.415,7297.72,15.0,342.71,4849.0,7509.9,188.6544692,8.523,3,200898
345237,36,2011-09-09,1,82.0,6929.61,77.94,3.499,0.0,0.0,0.0,0.0,0.0,214.6155376,8.177,3,39910
136158,14,2012-02-24,0,16.0,5891.37,42.86,3.739,15074.23,8644.89,4.2,4450.84,7278.87,190.0069881,8.424,3,200898
7714,1,2012-02-24,0,34.0,13189.95,57.25,3.555,9349.61,7556.01,3.2,1219.92,8143.59,220.636902,7.348,3,151315
225254,23,2012-02-24,0,74.0,34057.96,31.12,3.751,18500.67,10478.33,0.0,7541.62,7320.47,137.3411034,4.261,2,114533
29945,4,2010-03-05,0,34.0,21421.0,43.49,2.654,0.0,0.0,0.0,0.0,0.0,126.5782857,8.623,3,205863
375099,40,2010-10-22,0,26.0,5671.37,41.25,2.919,0.0,0.0,0.0,0.0,0.0,132.8170968,5.287,3,155083
190296,20,2010-09-10,1,13.0,61520.68,65.02,2.699,0.0,0.0,0.0,0.0,0.0,204.7266827,7.527,3,203742
422083,45,2012-06-29,0,19.0,1407.05,75.22,3.506,3291.36,425.6,0.0,314.88,2255.34,191.0992462,8.567,2,118221
316768,33,2010-10-01,0,8.0,2935.02,91.45,3.001,0.0,0.0,0.0,0.0,0.0,126.2346,9.265,3,39690
368733,39,2011-10-21,0,92.0,118241.45,67.65,3.353,0.0,0.0,0.0,0.0,0.0,216.2468287,7.716,3,184109
22089,3,2010-07-23,0,33.0,2382.0,83.32,2.608,0.0,0.0,0.0,0.0,0.0,214.5564968,7.346,2,37392
3775,1,2011-02-04,0,5.0,31280.62,42.27,2.989,0.0,0.0,0.0,0.0,0.0,212.5668812,7.742,3,151315
302084,31,2012-01-13,0,8.0,25769.5,45.0,3.261,4371.53,14136.14,54.52,719.85,3942.03,219.5328198,7.057,3,203750
97988,10,2012-10-12,0,23.0,55403.73,76.03,4.468,2674.51,0.0,10.32,1390.15,8116.13,131.1083333,6.943,2,126512
219679,23,2010-08-20,0,34.0,30177.5,68.65,2.796,0.0,0.0,0.0,0.0,0.0,132.6616129,5.326,2,114533
18930,2,2012-05-25,0,13.0,47129.89,78.19,3.561,10701.32,0.0,1030.53,3595.04,14920.27,221.3828029,6.891,3,202307
331673,34,2012-09-21,0,25.0,4961.5,66.08,3.721,4857.37,5.73,0.85,221.84,7308.76,131.0103333,9.285,3,158114
329222,34,2012-01-20,0,7.0,8879.34,39.28,3.273,1358.95,3015.89,27.49,255.88,2402.57,130.2792258,9.653,3,158114
76269,8,2012-02-03,0,2.0,41174.51,45.56,3.36,41524.03,1412.41,83.15,18723.56,3886.31,223.7079023,5.825,3,155078
168468,18,2010-03-19,0,22.0,14474.49,45.42,2.834,0.0,0.0,0.0,0.0,0.0,131.8242903,9.202,2,120653
293726,30,2012-05-25,0,92.0,50793.26,79.49,3.561,175.64,0.0,0.0,0.0,2534.54,221.3828029,6.891,1,42988
239694,25,2010-07-23,0,12.0,3024.67,75.37,2.771,0.0,0.0,0.0,0.0,0.0,204.4812188,7.527,2,128107
176099,18,2012-05-04,0,30.0,7346.36,49.66,3.991,13737.74,0.0,39.54,4131.8,3521.29,138.0332,8.304,2,120653
115128,12,2012-01-06,0,29.0,7510.66,50.43,3.599,11181.59,33829.84,36.96,624.05,10152.27,130.1575161,12.187,2,112238
234817,24,2011-12-23,0,16.0,5514.29,36.93,3.587,1813.06,632.93,1633.67,51.66,1309.54,136.5883871,8.454,3,203819
12679,2,2010-09-24,0,54.0,200.0,81.79,2.624,0.0,0.0,0.0,0.0,0.0,211.2552578,8.099,3,202307
88422,10,2010-03-26,0,21.0,11957.33,60.05,2.98,0.0,0.0,0.0,0.0,0.0,126.6050645,9.765,2,126512
94813,10,2011-12-02,0,37.0,3795.33,57.29,3.701,7772.17,240.0,4737.51,6615.5,36360.42,129.8459667,7.874,2,126512
329772,34,2012-03-16,0,10.0,18384.53,48.09,3.707,6104.24,94.31,2.7,479.7,1656.98,130.8261935,9.653,3,158114
241354,25,2011-01-07,0,13.0,24731.37,29.0,3.193,0.0,0.0,0.0,0.0,0.0,204.6487803,7.343,2,128107
336940,35,2011-07-01,0,56.0,383.02,73.76,3.748,0.0,0.0,0.0,0.0,0.0,139.36375,8.684,2,103681
61613,7,2010-10-01,0,19.0,18.0,49.99,2.759,0.0,0.0,0.0,0.0,0.0,190.6738241,9.137,2,70713
86408,9,2012-05-25,0,19.0,1022.14,79.69,3.561,1574.27,0.0,361.83,81.12,5286.38,225.4944288,5.539,2,125833
42659,5,2010-12-03,0,40.0,19398.74,51.31,2.708,0.0,0.0,0.0,0.0,0.0,212.1613951,6.768,2,34875
192515,20,2011-04-15,0,21.0,12661.19,55.0,3.821,0.0,0.0,0.0,0.0,0.0,208.3172811,7.287,3,203742
247918,26,2010-02-05,0,17.0,8917.16,9.55,2.788,0.0,0.0,0.0,0.0,0.0,131.5279032,8.488,3,152513
419989,45,2011-11-25,1,71.0,11230.48,48.71,3.492,140.87,384.82,26961.99,28.59,1110.12,188.3504,8.523,2,118221
113371,12,2011-07-08,0,74.0,15643.69,89.9,3.705,0.0,0.0,0.0,0.0,0.0,129.1125,13.503,2,112238
156617,16,2012-06-01,0,11.0,10928.56,58.97,3.764,4078.25,22.4,60.41,98.46,968.96,197.6218954,6.169,2,57197
293294,30,2012-03-23,0,91.0,31066.28,62.96,3.787,349.9,0.5,0.34,0.0,2099.05,220.9244858,7.057,1,42988
243794,25,2011-09-16,0,7.0,11293.33,62.05,3.742,0.0,0.0,0.0,0.0,0.0,209.1893892,7.274,2,128107
129808,14,2010-06-04,0,47.0,-90.0,75.93,2.847,0.0,0.0,0.0,0.0,0.0,182.2389876,8.899,3,200898
46202,5,2011-12-30,1,35.0,1019.68,45.62,3.129,1938.28,17079.76,72.93,162.33,1211.95,220.1178226,6.3,2,34875
214798,22,2012-01-13,0,42.0,7072.61,39.0,3.523,2325.12,19455.8,6.06,520.21,5824.45,140.7048214,7.503,2,119557
193780,20,2011-08-19,0,93.0,50451.76,71.25,3.747,0.0,0.0,0.0,0.0,0.0,208.8424359,7.274,3,203742
366351,39,2011-02-18,0,35.0,2357.79,58.2,3.045,0.0,0.0,0.0,0.0,0.0,212.0063522,8.395,3,184109
30498,4,2010-04-23,0,93.0,57860.5,56.87,2.805,0.0,0.0,0.0,0.0,0.0,126.4713333,7.896,3,205863
271378,28,2010-12-31,1,16.0,1813.6,45.64,3.148,0.0,0.0,0.0,0.0,0.0,127.0876774,14.313,3,206302
13558,2,2010-12-17,0,26.0,15333.6,47.55,2.869,0.0,0.0,0.0,0.0,0.0,211.0645458,8.163,3,202307
66083,7,2012-01-06,0,6.0,7461.36,18.67,3.095,2373.44,11519.36,7.26,162.72,4504.47,196.5458309,8.256,2,70713
165888,17,2012-04-06,0,5.0,30722.82,43.92,3.793,11072.17,0.0,43.74,2299.75,4192.05,131.0375484,6.235,2,93188
191626,20,2011-01-14,0,94.0,62870.56,20.39,3.205,0.0,0.0,0.0,0.0,0.0,204.7026042,7.343,3,203742
404579,43,2012-02-03,0,87.0,174.82,51.92,3.36,1702.1,33.56,51.66,152.82,2211.81,211.6762005,9.653,1,41062
357589,38,2011-01-07,0,46.0,3976.22,37.64,3.287,0.0,0.0,0.0,0.0,0.0,127.1917742,14.021,1,39690
297508,31,2010-10-22,0,54.0,-21.92,70.72,2.725,0.0,0.0,0.0,0.0,0.0,211.5187208,8.163,3,203750
129746,14,2010-05-28,0,92.0,187738.85,69.27,2.899,0.0,0.0,0.0,0.0,0.0,182.0464181,8.899,3,200898
346544,36,2012-03-30,0,7.0,357.97,70.48,3.891,40.28,0.5,0.0,0.0,440.54,220.0454862,7.244,3,39910
276098,28,2012-04-06,0,58.0,1365.0,64.05,4.121,9368.15,0.0,35.75,2580.09,8313.39,131.0375484,11.627,3,206302
208056,22,2010-02-12,1,19.0,1.0,28.14,2.771,0.0,0.0,0.0,0.0,0.0,135.4113076,8.283,2,119557
297633,31,2010-10-29,0,92.0,114344.21,67.51,2.716,0.0,0.0,0.0,0.0,0.0,211.5661131,8.163,3,203750
315504,33,2010-03-12,0,40.0,5907.27,55.61,3.034,0.0,0.0,0.0,0.0,0.0,126.6042857,10.115,3,39690
238675,25,2010-04-09,0,90.0,10820.67,61.36,2.869,0.0,0.0,0.0,0.0,0.0,203.8488134,7.856,2,128107
271736,28,2011-02-04,0,24.0,9006.93,45.14,3.348,0.0,0.0,0.0,0.0,0.0,127.7195806,14.021,3,206302
28841,3,2012-08-10,0,17.0,3480.06,85.85,3.494,3375.44,28.4,2.4,1880.43,555.9,225.4735085,6.334,2,37392
332,1,2010-03-05,0,81.0,29957.47,46.5,2.625,0.0,0.0,0.0,0.0,0.0,211.3501429,8.106,3,151315
354324,37,2012-07-13,0,28.0,68.34,78.15,3.256,170.2,0.0,1.23,0.0,1270.54,220.6063444,6.623,1,39910
419287,45,2011-09-09,1,17.0,8829.62,71.48,3.738,0.0,0.0,0.0,0.0,0.0,186.6737376,8.625,2,118221
124739,13,2011-10-28,0,59.0,398.47,47.41,3.567,0.0,0.0,0.0,0.0,0.0,129.7936774,6.392,3,219622
116372,12,2012-05-11,0,10.0,20166.73,77.27,4.186,13083.53,0.0,8.54,1378.68,2071.31,131.1453333,11.627,2,112238
368337,39,2011-09-09,1,98.0,8679.38,79.15,3.546,0.0,0.0,0.0,0.0,0.0,214.6155376,8.177,3,184109
56519,6,2012-02-10,1,47.0,85.0,48.58,3.409,12635.19,5694.76,68.45,8976.17,6779.43,221.8644987,6.132,3,202505
419038,45,2011-08-19,0,26.0,5789.79,72.98,3.747,0.0,0.0,0.0,0.0,0.0,186.5093071,8.625,2,118221
412497,44,2012-06-08,0,90.0,31935.5,68.4,3.776,276.3,0.0,31.29,0.0,1225.27,130.8896774,5.621,1,39910
119815,13,2010-07-16,0,30.0,4585.77,77.79,2.791,0.0,0.0,0.0,0.0,0.0,126.1498065,7.951,3,219622
87298,9,2012-08-31,0,20.0,2239.6,80.71,3.638,5758.14,0.0,17.6,2828.89,1884.13,226.0734135,5.277,2,125833
274045,28,2011-09-23,0,4.0,25000.66,82.95,3.789,0.0,0.0,0.0,0.0,0.0,129.5183333,13.503,3,206302
378301,40,2011-09-09,1,27.0,908.05,64.83,3.809,0.0,0.0,0.0,0.0,0.0,136.2745806,4.584,3,155083
70948,8,2010-08-13,0,28.0,197.63,80.11,2.692,0.0,0.0,0.0,0.0,0.0,215.0196857,6.315,3,155078
310506,32,2011-07-22,0,71.0,5726.57,76.0,3.545,0.0,0.0,0.0,0.0,0.0,193.5120367,8.622,3,203007
309310,32,2011-03-25,0,28.0,708.95,46.7,3.414,0.0,0.0,0.0,0.0,0.0,192.1964844,8.818,3,203007
124804,13,2011-11-04,0,30.0,4264.1,43.51,3.538,0.0,0.0,0.0,0.0,0.0,129.8051935,6.392,3,219622
43624,5,2011-03-18,0,3.0,2461.03,64.31,3.488,0.0,0.0,0.0,0.0,0.0,214.9257339,6.634,2,34875
73066,8,2011-03-18,0,85.0,1720.34,56.68,3.488,0.0,0.0,0.0,0.0,0.0,217.7705442,6.262,3,155078
40538,5,2010-04-09,0,81.0,2275.93,65.19,2.77,0.0,0.0,0.0,0.0,0.0,211.1738835,6.465,2,34875
89129,10,2010-05-28,0,20.0,16391.38,76.67,3.058,0.0,0.0,0.0,0.0,0.0,126.1602258,9.524,2,126512
237822,24,2012-10-12,0,50.0,1196.5,51.64,4.186,5138.51,0.0,141.88,407.81,3284.69,138.9117,8.693,3,203819
317889,33,2011-03-25,0,94.0,27511.37,63.34,3.716,0.0,0.0,0.0,0.0,0.0,128.6160645,8.951,3,39690
22422,3,2010-08-27,0,16.0,5749.31,86.15,2.619,0.0,0.0,0.0,0.0,0.0,214.8897938,7.346,2,37392
313127,32,2012-04-06,0,18.0,12835.5,51.49,3.854,9335.48,0.0,33.85,2211.09,4133.57,197.5971285,8.09,3,203007
62806,7,2011-02-04,0,54.0,12.0,-2.06,3.011,0.0,0.0,0.0,0.0,0.0,191.7625895,8.818,2,70713
65202,7,2011-10-07,0,92.0,26660.51,40.65,3.498,0.0,0.0,0.0,0.0,0.0,194.9459724,8.513,2,70713
83004,9,2011-05-13,0,31.0,1154.35,77.66,3.899,0.0,0.0,0.0,0.0,0.0,219.6041829,6.38,2,125833
343209,36,2010-10-22,0,26.0,140.88,72.24,2.698,0.0,0.0,0.0,0.0,0.0,210.6271444,8.476,3,39910
238517,25,2010-03-26,0,52.0,2445.73,45.84,2.854,0.0,0.0,0.0,0.0,0.0,204.201755,8.187,2,128107
157171,16,2012-08-03,0,32.0,4926.54,68.59,3.528,4801.46,0.0,0.0,3030.35,2945.89,198.0293893,6.061,2,57197
12954,2,2010-10-22,0,21.0,9019.85,68.5,2.725,0.0,0.0,0.0,0.0,0.0,211.5187208,8.163,3,202307
185041,19,2012-01-06,0,90.0,71356.14,31.84,3.585,9970.68,26073.98,233.88,1552.93,10335.05,136.698129,7.943,3,203819
322894,34,2010-05-14,0,65.0,48130.33,60.74,2.845,0.0,0.0,0.0,0.0,0.0,126.2085484,9.593,3,158114
278779,29,2010-04-09,0,95.0,32286.5,57.06,2.849,0.0,0.0,0.0,0.0,0.0,131.9408065,10.16,2,93638
388367,41,2011-09-09,1,56.0,2983.31,58.31,3.566,0.0,0.0,0.0,0.0,0.0,194.6387853,6.901,3,196321
151021,16,2010-10-22,0,74.0,10450.64,45.85,2.762,0.0,0.0,0.0,0.0,0.0,190.9070184,6.986,2,57197
176086,18,2012-05-04,0,24.0,5813.81,49.66,3.991,13737.74,0.0,39.54,4131.8,3521.29,138.0332,8.304,2,120653
48147,5,2012-08-03,0,56.0,17.38,86.91,3.417,7365.26,14.48,0.7,3640.7,2517.31,222.5385111,5.603,2,34875
2449,1,2010-10-01,0,45.0,22.94,71.89,2.603,0.0,0.0,0.0,0.0,0.0,211.6719895,7.838,3,151315
115280,12,2012-01-20,0,13.0,43578.02,46.2,3.66,4167.27,5161.57,5.84,2552.39,3854.53,130.2792258,12.187,2,112238
333718,35,2010-07-23,0,40.0,48375.38,81.56,2.771,0.0,0.0,0.0,0.0,0.0,136.4366924,8.861,2,103681
97829,10,2012-09-28,0,74.0,34885.51,82.52,3.966,6091.96,62.82,2.82,3350.88,1751.75,131.043,7.17,2,126512
169366,18,2010-06-25,0,29.0,10265.02,74.04,2.81,0.0,0.0,0.0,0.0,0.0,132.4976,9.269,2,120653
99650,11,2010-06-25,0,8.0,31016.12,84.5,2.653,0.0,0.0,0.0,0.0,0.0,214.6660741,7.343,3,207499
285555,29,2012-03-23,0,71.0,2068.62,54.68,3.889,2826.57,69.69,2.31,538.94,1177.24,137.6552903,8.988,2,93638
220898,23,2010-12-24,0,45.0,54.88,22.96,3.15,0.0,0.0,0.0,0.0,0.0,132.7477419,5.287,2,114533
273074,28,2011-06-17,0,14.0,13488.91,86.84,3.935,0.0,0.0,0.0,0.0,0.0,129.0432,13.736,3,206302
204963,21,2011-12-30,1,80.0,103.0,45.16,3.129,2880.59,32642.96,124.32,419.61,3010.84,219.1773063,7.441,2,140167
157153,16,2012-07-27,0,56.0,2897.85,69.0,3.57,589.03,31.77,0.0,855.31,1457.52,197.9792136,6.061,2,57197
23741,3,2011-01-21,0,17.0,3061.74,50.74,3.016,0.0,0.0,0.0,0.0,0.0,215.1268275,7.551,2,37392
250354,26,2010-10-15,0,93.0,23075.4,39.93,2.878,0.0,0.0,0.0,0.0,0.0,132.7633548,8.149,3,152513
236044,24,2012-04-20,0,85.0,1183.26,61.05,4.17,10959.96,3425.69,79.48,1682.87,4506.82,137.9230667,8.983,3,203819
421397,45,2012-04-13,0,18.0,4958.14,51.83,4.044,4736.94,6047.12,16.68,1355.11,2246.12,190.7595962,8.567,2,118221
92981,10,2011-06-10,0,92.0,46933.89,84.57,3.981,0.0,0.0,0.0,0.0,0.0,129.0357097,8.494,2,126512
193694,20,2011-08-05,0,80.0,43537.48,77.8,3.842,0.0,0.0,0.0,0.0,0.0,208.719238,7.274,3,203742
363138,39,2010-04-02,0,3.0,11744.52,63.31,2.719,0.0,0.0,0.0,0.0,0.0,209.5938656,8.464,3,184109
64232,7,2011-07-01,0,54.0,10.0,58.54,3.597,0.0,0.0,0.0,0.0,0.0,193.0930552,8.622,2,70713
252989,26,2011-07-08,0,28.0,245.69,63.34,3.784,0.0,0.0,0.0,0.0,0.0,135.6283333,7.767,3,152513
29003,3,2012-08-24,0,4.0,9407.82,83.01,3.62,3062.02,26.8,0.0,1004.51,1285.29,225.6925864,6.334,2,37392
69223,8,2010-02-19,0,87.0,14648.8,39.1,2.514,0.0,0.0,0.0,0.0,0.0,214.6664878,6.299,3,155078
156395,16,2012-05-11,0,7.0,8607.22,53.57,3.87,4814.92,0.0,61.11,343.64,837.48,197.5481609,6.169,2,57197
109045,12,2010-04-16,0,79.0,43820.84,64.95,3.109,0.0,0.0,0.0,0.0,0.0,126.5621,14.099,2,112238
308334,32,2010-12-17,0,7.0,107793.97,36.07,2.778,0.0,0.0,0.0,0.0,0.0,191.0303376,9.137,3,203007
322895,34,2010-05-14,0,81.0,15941.41,60.74,2.845,0.0,0.0,0.0,0.0,0.0,126.2085484,9.593,3,158114
177508,18,2012-09-28,0,24.0,7387.99,58.24,4.018,2247.94,22.73,45.56,2464.93,1640.3,138.7395,8.535,2,120653
230438,24,2010-10-22,0,20.0,5336.15,48.69,3.049,0.0,0.0,0.0,0.0,0.0,132.8170968,8.275,3,203819
64631,7,2011-08-12,0,33.0,2341.74,54.56,3.542,0.0,0.0,0.0,0.0,0.0,194.1105017,8.622,2,70713
274980,28,2011-12-23,0,41.0,5442.5,45.4,3.541,2135.31,1.53,752.34,499.0,5674.11,129.9845484,12.89,3,206302
121973,13,2011-02-11,1,9.0,18406.82,30.83,3.034,0.0,0.0,0.0,0.0,0.0,127.859129,7.47,3,219622
411125,44,2011-11-25,1,96.0,3221.38,38.89,3.445,0.0,0.0,0.0,0.0,256.45,129.8364,6.078,1,39910
209176,22,2010-06-04,0,91.0,21627.07,69.49,2.857,0.0,0.0,0.0,0.0,0.0,136.2181682,8.348,2,119557
314336,32,2012-08-03,0,28.0,453.13,75.09,3.528,35187.83,150.85,13.81,7768.33,4009.95,198.0293893,7.872,3,203007
160352,17,2010-09-24,0,90.0,30659.35,58.39,2.872,0.0,0.0,0.0,0.0,0.0,126.1900333,6.697,2,93188
82801,9,2011-04-15,0,5.0,15077.28,71.9,3.743,0.0,0.0,0.0,0.0,0.0,218.9134935,6.38,2,125833
254179,26,2011-11-04,0,97.0,12319.26,31.7,3.586,0.0,0.0,0.0,0.0,0.0,136.475129,7.598,3,152513
263554,27,2011-08-26,0,20.0,13170.9,72.88,3.906,0.0,0.0,0.0,0.0,0.0,140.1629528,7.85,3,204184
353771,37,2012-05-04,0,8.0,17543.67,77.17,3.749,276.27,0.0,14.9,0.0,671.64,220.3545033,6.989,1,39910
57151,6,2012-04-13,0,44.0,6205.38,71.29,3.891,4634.18,6968.14,18.04,1544.21,2875.46,223.1163529,5.964,3,202505
378187,40,2011-09-02,0,31.0,2755.08,63.79,3.784,0.0,0.0,0.0,0.0,0.0,136.2440968,4.584,3,155083
247887,26,2010-02-05,0,9.0,7628.97,9.55,2.788,0.0,0.0,0.0,0.0,0.0,131.5279032,8.488,3,152513
73680,8,2011-05-20,0,23.0,10740.68,65.54,3.907,0.0,0.0,0.0,0.0,0.0,219.1746922,6.297,3,155078
134553,14,2011-09-23,0,59.0,400.79,63.75,3.711,0.0,0.0,0.0,0.0,0.0,187.0295321,8.625,3,200898
34112,4,2011-04-15,0,24.0,8636.78,62.34,3.724,0.0,0.0,0.0,0.0,0.0,128.9107333,5.946,3,205863
366250,39,2011-02-11,1,22.0,11866.47,40.34,3.022,0.0,0.0,0.0,0.0,0.0,211.6985093,8.395,3,184109
394345,42,2010-10-15,0,81.0,16219.95,75.48,3.08,0.0,0.0,0.0,0.0,0.0,126.3266774,9.003,1,39690
365786,39,2010-12-24,0,45.0,44.84,58.86,2.886,0.0,0.0,0.0,0.0,0.0,210.1805602,8.476,3,184109
278254,29,2010-02-12,1,1.0,25741.59,28.14,2.771,0.0,0.0,0.0,0.0,0.0,131.5866129,10.064,2,93638
99673,11,2010-06-25,0,16.0,28496.45,84.5,2.653,0.0,0.0,0.0,0.0,0.0,214.6660741,7.343,3,207499
64127,7,2011-06-17,0,12.0,7658.86,48.79,3.697,0.0,0.0,0.0,0.0,0.0,192.9034759,8.595,2,70713
397651,42,2012-02-03,0,95.0,61235.78,56.85,3.543,1351.16,17.81,15.97,263.92,1415.88,130.3496774,7.545,1,39690
87146,9,2012-08-10,0,49.0,5.94,88.66,3.494,3180.78,-9.94,1.4,2112.03,2314.58,225.7170094,5.277,2,125833
144488,15,2011-09-16,0,41.0,2567.0,62.1,3.937,0.0,0.0,0.0,0.0,0.0,136.3145,7.806,2,123737
181153,19,2010-12-17,0,87.0,17174.75,26.83,3.301,0.0,0.0,0.0,0.0,0.0,132.6804516,8.067,3,203819
420416,45,2012-01-06,0,91.0,17877.2,35.88,3.422,7328.14,33378.79,34.6,1198.48,6819.1,189.1940558,8.424,2,118221
383728,41,2010-06-04,0,96.0,3858.12,60.13,2.7,0.0,0.0,0.0,0.0,0.0,189.422658,7.363,3,196321
325117,34,2010-12-17,0,14.0,18107.46,42.64,2.884,0.0,0.0,0.0,0.0,0.0,126.8794839,10.21,3,158114
379186,40,2011-12-09,0,87.0,19759.05,34.48,3.47,7081.76,48.0,94.05,1757.4,6850.25,136.5030667,4.42,3,155083
107863,11,2012-09-14,0,37.0,3724.11,79.61,3.717,7571.95,32.98,19.52,707.47,8664.16,226.1122067,6.334,3,207499
345466,36,2011-10-14,0,40.0,10118.05,74.16,3.234,0.0,0.0,0.0,0.0,0.0,216.0885258,7.716,3,39910
262205,27,2011-04-15,0,29.0,6661.56,52.24,3.981,0.0,0.0,0.0,0.0,0.0,138.1646952,7.725,3,204184
378317,40,2011-09-09,1,99.0,100.0,64.83,3.809,0.0,0.0,0.0,0.0,0.0,136.2745806,4.584,3,155083
335727,35,2011-02-18,0,83.0,2843.26,39.32,3.245,0.0,0.0,0.0,0.0,0.0,137.2511849,8.549,2,103681
87695,9,2012-10-12,0,10.0,15006.96,60.09,3.601,520.41,0.0,6.01,0.0,2839.84,227.1693919,4.954,2,125833
137866,14,2012-08-17,0,85.0,1860.79,75.71,3.807,4625.55,62.5,5.84,2100.73,2663.23,191.2284919,8.684,3,200898
52259,6,2010-12-24,0,46.0,59386.09,55.07,2.886,0.0,0.0,0.0,0.0,0.0,212.9165082,7.007,3,202505
46707,5,2012-02-24,0,67.0,2444.58,57.75,3.555,2220.32,1407.4,0.0,145.46,2657.52,221.2224243,5.943,2,34875
15799,2,2011-07-29,0,37.0,4408.59,90.07,3.682,0.0,0.0,0.0,0.0,0.0,215.1363819,7.852,3,202307
239904,25,2010-08-13,0,5.0,6487.17,72.73,2.805,0.0,0.0,0.0,0.0,0.0,204.8533784,7.527,2,128107
203165,21,2011-06-24,0,72.0,39618.06,85.72,3.594,0.0,0.0,0.0,0.0,0.0,214.7441108,7.931,2,140167
110141,12,2010-08-06,0,8.0,41037.75,92.95,3.123,0.0,0.0,0.0,0.0,0.0,126.0854516,14.18,2,112238
402829,43,2011-05-20,0,56.0,158.37,74.21,3.907,0.0,0.0,0.0,0.0,0.0,207.5200622,10.581,1,41062
36082,4,2011-10-21,0,27.0,2232.65,64.79,3.361,0.0,0.0,0.0,0.0,0.0,129.7821613,5.143,3,205863
286798,29,2012-08-03,0,52.0,676.16,72.99,3.698,6061.65,149.02,0.0,4925.98,2222.95,138.1735806,9.419,2,93638
119910,13,2010-07-23,0,6.0,10803.51,82.27,2.797,0.0,0.0,0.0,0.0,0.0,126.1283548,7.951,3,219622
48924,5,2012-10-26,0,81.0,2771.12,71.7,3.506,1547.61,1.74,0.0,133.31,598.74,224.0378139,5.422,2,34875
92097,10,2011-03-11,0,54.0,120.68,64.22,3.63,0.0,0.0,0.0,0.0,0.0,128.3995,8.744,2,126512
116426,12,2012-05-18,0,35.0,3897.29,84.51,4.11,20882.5,0.0,3.73,9506.75,2091.67,131.0983226,11.627,2,112238
168683,18,2010-04-16,0,38.0,72714.42,50.26,2.885,0.0,0.0,0.0,0.0,0.0,131.9809,9.269,2,120653
203493,21,2011-07-29,0,49.0,10750.24,91.56,3.682,0.0,0.0,0.0,0.0,0.0,215.1363819,7.852,2,140167
62015,7,2010-11-12,0,74.0,10491.82,22.12,2.737,0.0,0.0,0.0,0.0,0.0,191.0411474,9.137,2,70713
327580,34,2011-08-12,0,12.0,4334.25,80.23,3.617,0.0,0.0,0.0,0.0,0.0,129.2015806,10.641,3,158114
358456,38,2011-05-06,0,81.0,11326.6,68.4,4.193,0.0,0.0,0.0,0.0,0.0,129.0444333,13.736,1,39690
252482,26,2011-05-20,0,46.0,9084.67,48.86,4.101,0.0,0.0,0.0,0.0,0.0,134.6803871,7.818,3,152513
232016,24,2011-03-25,0,28.0,642.68,36.88,3.789,0.0,0.0,0.0,0.0,0.0,133.9587419,8.252,3,203819
161753,17,2011-02-11,1,8.0,19599.9,14.19,3.034,0.0,0.0,0.0,0.0,0.0,127.859129,6.866,2,93188
46211,5,2011-12-30,1,26.0,1824.4,45.62,3.129,1938.28,17079.76,72.93,162.33,1211.95,220.1178226,6.3,2,34875
385741,41,2010-12-24,0,17.0,25071.82,29.81,2.781,0.0,0.0,0.0,0.0,0.0,191.1430189,7.508,3,196321
9358,1,2012-08-03,0,2.0,49424.06,86.11,3.417,27584.78,119.98,30.23,12007.04,4661.71,221.9498642,6.908,3,151315
63346,7,2011-04-01,0,45.0,12.24,24.83,3.461,0.0,0.0,0.0,0.0,0.0,192.2691707,8.595,2,70713
106195,11,2012-04-06,0,80.0,15640.02,74.19,3.891,10760.37,0.0,45.34,4048.21,5596.73,224.9393405,6.664,3,207499
112189,12,2011-03-11,0,1.0,14361.21,57.75,3.818,0.0,0.0,0.0,0.0,0.0,128.3995,14.021,2,112238
283400,29,2011-08-05,0,80.0,7.6,75.33,3.903,0.0,0.0,0.0,0.0,0.0,136.0540323,9.863,2,93638
152853,16,2011-05-06,0,40.0,27397.16,38.64,3.735,0.0,0.0,0.0,0.0,0.0,192.7252006,6.339,2,57197
87184,9,2012-08-17,0,91.0,958.46,86.37,3.571,975.91,0.0,3.0,325.68,670.48,225.7995323,5.277,2,125833
243193,25,2011-07-15,0,50.0,2270.0,72.67,3.76,0.0,0.0,0.0,0.0,0.0,208.5309337,7.274,2,128107
80884,9,2010-09-10,1,71.0,1317.54,77.7,2.565,0.0,0.0,0.0,0.0,0.0,215.0359315,6.442,2,125833
194012,20,2011-09-09,1,91.0,80149.04,68.74,3.738,0.0,0.0,0.0,0.0,0.0,209.0225562,7.274,3,203742
118214,13,2010-02-12,1,19.0,3897.36,33.16,2.671,0.0,0.0,0.0,0.0,0.0,126.4962581,8.316,3,219622
187130,19,2012-08-03,0,5.0,13660.05,73.41,3.819,36466.8,220.13,41.77,16284.94,2242.89,138.1735806,8.193,3,203819
206197,21,2012-05-04,0,20.0,5656.75,77.53,3.749,14858.74,0.0,8.12,4179.63,3281.61,221.3095166,6.891,2,140167
301066,31,2011-10-07,0,36.0,354.55,71.64,3.285,0.0,0.0,0.0,0.0,0.0,216.6958311,7.441,3,203750
174630,18,2011-12-09,0,50.0,1579.0,42.36,3.47,5128.67,10.5,659.34,2773.46,6374.67,136.5030667,8.471,2,120653
262797,27,2011-06-10,0,96.0,23492.89,73.26,4.025,0.0,0.0,0.0,0.0,0.0,138.8606382,7.725,3,204184
44474,5,2011-06-24,0,26.0,1353.61,84.76,3.594,0.0,0.0,0.0,0.0,0.0,215.6539583,6.489,2,34875
139345,15,2010-04-09,0,29.0,4342.19,57.77,2.992,0.0,0.0,0.0,0.0,0.0,131.9408065,8.185,2,123737
48209,5,2012-08-10,0,58.0,655.0,86.96,3.494,3261.56,15.0,0.5,1687.13,2102.31,222.5472987,5.603,2,34875
273233,28,2011-07-01,0,4.0,29264.73,89.85,3.842,0.0,0.0,0.0,0.0,0.0,129.0894,13.503,3,206302
180389,19,2010-10-08,0,36.0,1179.0,53.74,2.903,0.0,0.0,0.0,0.0,0.0,132.7516667,8.067,3,203819
332320,35,2010-02-26,0,1.0,16313.76,36.0,2.754,0.0,0.0,0.0,0.0,0.0,135.5195191,9.262,2,103681
371345,39,2012-07-13,0,23.0,20673.94,78.16,3.256,4989.73,125.2,15.75,3398.73,105223.11,220.6063444,6.623,3,184109
33254,4,2011-01-21,0,98.0,13148.32,38.34,3.017,0.0,0.0,0.0,0.0,0.0,127.4404839,6.51,3,205863
414134,45,2010-03-26,0,27.0,1128.5,54.36,2.854,0.0,0.0,0.0,0.0,0.0,181.9718697,8.992,2,118221
158938,17,2010-04-30,0,29.0,2273.25,43.82,2.941,0.0,0.0,0.0,0.0,0.0,126.3805667,6.635,2,93188
414220,45,2010-04-02,0,32.0,5090.48,47.74,2.85,0.0,0.0,0.0,0.0,0.0,181.8657537,8.899,2,118221
171467,18,2011-01-21,0,79.0,20627.47,22.55,3.232,0.0,0.0,0.0,0.0,0.0,133.0285161,9.131,2,120653
281364,29,2011-01-07,0,23.0,12377.98,32.56,3.193,0.0,0.0,0.0,0.0,0.0,132.8823226,10.256,2,93638
184024,19,2011-09-30,0,92.0,110047.61,64.99,3.858,0.0,0.0,0.0,0.0,0.0,136.4195,7.806,3,203819
205803,21,2012-03-23,0,35.0,2453.69,62.96,3.787,4713.76,155.09,2.38,534.23,4878.22,220.9244858,7.057,2,140167
129846,14,2010-06-04,0,6.0,9597.08,75.93,2.847,0.0,0.0,0.0,0.0,0.0,182.2389876,8.899,3,200898
182016,19,2011-03-18,0,27.0,1805.71,40.32,3.796,0.0,0.0,0.0,0.0,0.0,133.8492258,7.771,3,203819
28895,3,2012-08-10,0,4.0,9778.18,85.85,3.494,3375.44,28.4,2.4,1880.43,555.9,225.4735085,6.334,2,37392
317342,33,2010-12-31,1,93.0,26589.35,52.91,3.148,0.0,0.0,0.0,0.0,0.0,127.0876774,9.265,3,39690
6463,1,2011-10-28,0,90.0,82323.37,66.57,3.372,0.0,0.0,0.0,0.0,0.0,217.6766791,7.866,3,151315
128737,14,2010-02-19,0,92.0,192282.19,31.27,2.745,0.0,0.0,0.0,0.0,0.0,182.0347816,8.992,3,200898
174900,18,2012-01-06,0,55.0,10894.89,31.27,3.439,6196.77,43731.43,128.45,1653.17,8527.2,136.698129,8.075,2,120653
56576,6,2012-02-17,0,23.0,25983.76,49.03,3.51,13182.32,15299.89,12.82,6129.29,7603.05,222.026359,6.132,3,202505
260301,27,2010-10-08,0,12.0,4079.8,57.78,2.903,0.0,0.0,0.0,0.0,0.0,136.6277321,8.021,3,204184
47982,5,2012-07-13,0,4.0,9383.45,80.78,3.256,1471.06,1.0,12.0,889.18,798.44,222.5121481,5.603,2,34875
89468,10,2010-07-02,0,27.0,3261.0,92.89,2.978,0.0,0.0,0.0,0.0,0.0,126.1392,9.199,2,126512
379642,40,2012-01-20,0,46.0,8077.39,14.02,3.542,1658.12,4319.36,101.86,79.54,1831.29,136.8564194,4.261,3,155083
332921,35,2010-04-30,0,51.0,19.64,53.55,2.921,0.0,0.0,0.0,0.0,0.0,135.9170833,9.051,2,103681
255604,26,2012-03-30,0,29.0,2574.91,33.33,3.921,8827.14,169.73,12.75,981.6,3196.41,137.7261935,7.467,3,152513
280152,29,2010-08-27,0,26.0,3144.61,68.99,2.77,0.0,0.0,0.0,0.0,0.0,132.6932258,10.409,2,93638
17747,2,2012-02-03,0,24.0,6176.76,55.21,3.36,75149.79,3818.85,221.4,48159.86,7423.61,219.8118854,7.057,3,202307
158934,17,2010-04-30,0,40.0,45404.0,43.82,2.941,0.0,0.0,0.0,0.0,0.0,126.3805667,6.635,2,93188
239991,25,2010-08-20,0,92.0,33176.75,71.81,2.779,0.0,0.0,0.0,0.0,0.0,204.8217044,7.527,2,128107
357119,38,2010-11-05,0,93.0,20951.19,65.49,3.129,0.0,0.0,0.0,0.0,0.0,126.4912903,14.313,1,39690
18144,2,2012-03-09,0,20.0,6431.1,57.11,3.669,11784.91,368.32,3.0,2498.17,7746.0,220.6974332,7.057,3,202307
179175,19,2010-06-04,0,59.0,583.73,68.88,3.006,0.0,0.0,0.0,0.0,0.0,132.3648387,8.185,3,203819
330077,34,2012-04-20,0,95.0,70506.56,55.34,3.864,1397.43,2573.19,18.46,70.76,2761.17,131.1173333,9.575,3,158114
129172,14,2010-04-02,0,98.0,22863.15,47.74,2.85,0.0,0.0,0.0,0.0,0.0,181.8657537,8.899,3,200898
352495,37,2011-11-11,0,85.0,96.28,63.5,3.297,8.62,56.53,117.92,0.0,796.28,216.7217373,7.716,1,39910
147732,15,2012-08-03,0,74.0,16732.3,73.13,3.819,7251.41,216.62,0.48,4906.29,1420.37,138.1735806,8.193,2,123737
29119,3,2012-09-07,1,92.0,8538.31,84.99,3.73,2266.83,19.0,8.31,419.87,926.86,225.9660263,6.334,2,37392
248185,26,2010-03-05,0,91.0,47063.01,28.6,2.766,0.0,0.0,0.0,0.0,0.0,131.735,8.488,3,152513
374533,40,2010-08-27,0,90.0,54073.98,62.57,2.77,0.0,0.0,0.0,0.0,0.0,132.6932258,5.326,3,155083
266403,27,2012-05-25,0,98.0,12099.8,64.77,3.979,11465.8,0.0,380.15,2173.31,4183.07,142.1032776,8.253,3,204184
229784,24,2010-08-20,0,7.0,26640.84,72.17,2.913,0.0,0.0,0.0,0.0,0.0,132.6616129,8.117,3,203819
185933,19,2012-04-06,0,52.0,1829.03,40.23,4.143,9337.26,0.0,52.59,2949.23,5996.69,137.7970968,8.15,3,203819
145210,15,2011-11-25,1,21.0,4302.79,41.1,3.689,299.72,54.94,67073.91,34.22,171.76,136.4788,7.866,2,123737
357321,38,2010-12-03,0,13.0,9657.29,43.33,3.041,0.0,0.0,0.0,0.0,0.0,126.7313333,14.313,1,39690
358280,38,2011-04-15,0,59.0,61.62,57.63,3.868,0.0,0.0,0.0,0.0,0.0,128.9107333,13.736,1,39690
261080,27,2010-12-24,0,41.0,6658.25,31.34,3.309,0.0,0.0,0.0,0.0,0.0,136.597273,8.021,3,204184
358650,38,2011-06-03,0,5.0,527.92,71.81,4.031,0.0,0.0,0.0,0.0,0.0,129.0490323,13.736,1,39690
155497,16,2012-02-10,1,41.0,1728.44,23.69,3.103,7247.14,985.13,0.45,9481.58,6298.1,196.9195056,6.162,2,57197
49391,6,2010-03-12,0,58.0,2553.0,58.82,2.667,0.0,0.0,0.0,0.0,0.0,212.9037017,7.259,3,202505
340959,35,2012-08-24,0,6.0,3282.08,72.93,3.834,5726.77,0.0,57.08,5332.71,4133.91,142.3105933,8.839,2,103681
263592,27,2011-08-26,0,7.0,32988.48,72.88,3.906,0.0,0.0,0.0,0.0,0.0,140.1629528,7.85,3,204184
320648,33,2012-05-11,0,91.0,13448.73,81.02,4.186,758.77,0.0,0.0,0.0,2001.77,131.1453333,7.396,3,39690
210317,22,2010-10-01,0,38.0,62571.49,69.31,2.717,0.0,0.0,0.0,0.0,0.0,136.6297571,8.572,2,119557
133841,14,2011-07-08,0,36.0,8166.5,77.49,3.711,0.0,0.0,0.0,0.0,0.0,186.032016,8.625,3,200898
131595,14,2010-11-26,1,8.0,52260.66,46.15,3.039,0.0,0.0,0.0,0.0,0.0,182.7832769,8.724,3,200898
300119,31,2011-07-01,0,97.0,30617.86,87.57,3.524,0.0,0.0,0.0,0.0,0.0,214.8368678,7.852,3,203750
204256,21,2011-10-14,0,55.0,5745.93,69.79,3.274,0.0,0.0,0.0,0.0,0.0,217.0048261,7.441,2,140167
43942,5,2011-04-22,0,14.0,4070.39,74.34,3.807,0.0,0.0,0.0,0.0,0.0,216.0280407,6.489,2,34875
330560,34,2012-06-08,0,29.0,1993.09,75.35,3.433,6967.19,85.4,0.37,1251.49,10377.32,130.8896774,9.575,3,158114
212735,22,2011-06-10,0,12.0,4126.97,69.53,3.924,0.0,0.0,0.0,0.0,0.0,138.8606382,8.252,2,119557
317844,33,2011-03-18,0,2.0,7458.32,72.72,3.892,0.0,0.0,0.0,0.0,0.0,128.5121935,8.951,3,39690
214205,22,2011-11-11,0,19.0,1345.48,47.8,3.57,12691.27,16756.86,435.92,3159.94,6275.41,140.4111613,7.706,2,119557
365289,39,2010-11-05,0,98.0,9708.43,61.62,2.689,0.0,0.0,0.0,0.0,0.0,210.7202444,8.476,3,184109
224094,23,2011-11-04,0,34.0,23627.52,39.18,3.586,0.0,0.0,0.0,0.0,0.0,136.475129,4.42,2,114533
20622,3,2010-02-05,0,71.0,1636.73,45.71,2.572,0.0,0.0,0.0,0.0,0.0,214.4248812,7.368,2,37392
31149,4,2010-06-25,0,11.0,37415.15,81.1,2.654,0.0,0.0,0.0,0.0,0.0,126.1266,7.896,3,205863
179569,19,2010-07-16,0,60.0,642.4,74.6,2.933,0.0,0.0,0.0,0.0,0.0,132.5667742,8.099,3,203819
411123,44,2011-11-25,1,94.0,23311.61,38.89,3.445,0.0,0.0,0.0,0.0,256.45,129.8364,6.078,1,39910
152362,16,2011-03-18,0,7.0,11919.19,36.5,3.406,0.0,0.0,0.0,0.0,0.0,192.1237981,6.614,2,57197
334704,35,2010-11-05,0,58.0,2930.0,45.91,2.917,0.0,0.0,0.0,0.0,0.0,136.7862258,8.763,2,103681
144021,15,2011-07-29,0,20.0,4457.63,74.67,4.004,0.0,0.0,0.0,0.0,0.0,135.9639355,7.806,2,123737
389109,41,2011-11-18,0,26.0,6095.69,36.64,3.479,2513.13,581.97,69.52,194.54,6131.09,195.7184713,6.759,3,196321
301964,31,2011-12-30,1,24.0,4054.06,45.16,3.129,6123.19,24716.69,114.74,845.42,3413.9,219.1773063,7.441,3,203750
344176,36,2011-03-18,0,81.0,14314.69,64.9,3.487,0.0,0.0,0.0,0.0,0.0,213.1096787,8.395,3,39910
174729,18,2011-12-23,0,79.0,26725.54,35.78,3.413,159.95,12.79,2083.28,71.51,2131.65,136.5883871,8.471,2,120653
417131,45,2011-01-28,0,32.0,2511.51,24.05,3.237,0.0,0.0,0.0,0.0,0.0,183.1800955,8.549,2,118221
357927,38,2011-02-25,0,98.0,4674.69,48.45,3.53,0.0,0.0,0.0,0.0,0.0,128.13,14.021,1,39690
143476,15,2011-06-03,0,98.0,367.7,69.8,4.069,0.0,0.0,0.0,0.0,0.0,134.8551613,7.658,2,123737
388716,41,2011-10-14,0,72.0,53944.87,47.43,3.491,0.0,0.0,0.0,0.0,0.0,195.0261012,6.759,3,196321
371098,39,2012-06-15,0,16.0,36008.51,81.33,3.393,8270.46,76.4,0.06,3324.17,25107.85,220.4494148,6.989,3,184109
17189,2,2011-12-09,0,94.0,57458.09,41.76,3.158,11472.59,40.0,306.43,4160.55,8899.08,218.605037,7.441,3,202307
155494,16,2012-02-10,1,94.0,643.47,23.69,3.103,7247.14,985.13,0.45,9481.58,6298.1,196.9195056,6.162,2,57197
137570,14,2012-07-13,0,80.0,28653.38,79.97,3.523,9158.47,-2.5,5.37,4516.68,2574.55,191.1685192,8.684,3,200898
350730,37,2011-03-18,0,21.0,1715.17,64.9,3.488,0.0,0.0,0.0,0.0,0.0,213.1096787,8.395,1,39910
290439,30,2011-03-04,0,91.0,31531.11,59.52,3.288,0.0,0.0,0.0,0.0,0.0,213.4775305,8.028,1,42988
185868,19,2012-03-30,0,14.0,16532.81,43.47,4.098,9356.36,134.4,6.75,2056.18,3420.94,137.7261935,7.943,3,203819
29055,3,2012-08-31,0,12.0,2475.86,85.18,3.638,6599.69,27.8,24.7,1743.76,428.74,225.8293063,6.334,2,37392
184040,19,2011-09-30,0,29.0,4690.79,64.99,3.858,0.0,0.0,0.0,0.0,0.0,136.4195,7.806,3,203819
53016,6,2011-03-04,0,19.0,2456.64,60.45,3.288,0.0,0.0,0.0,0.0,0.0,215.3584231,6.858,3,202505
246940,25,2012-07-27,0,52.0,1293.3,72.98,3.647,6287.52,582.48,2.07,2505.39,1521.67,214.7382432,7.28,2,128107
414592,45,2010-05-07,0,30.0,4660.65,70.75,2.966,0.0,0.0,0.0,0.0,0.0,181.6468154,8.899,2,118221
51418,6,2010-10-01,0,79.0,22898.24,70.69,2.603,0.0,0.0,0.0,0.0,0.0,213.1907129,7.007,3,202505
378159,40,2011-08-26,0,32.0,4377.9,65.01,3.796,0.0,0.0,0.0,0.0,0.0,136.2136129,4.584,3,155083
222787,23,2011-07-01,0,27.0,2263.98,65.65,3.815,0.0,0.0,0.0,0.0,0.0,135.4468,4.584,2,114533
373886,40,2010-06-25,0,41.0,384.0,69.72,2.81,0.0,0.0,0.0,0.0,0.0,132.4976,5.435,3,155083
83428,9,2011-06-24,0,46.0,8602.06,86.74,3.594,0.0,0.0,0.0,0.0,0.0,218.6836874,6.38,2,125833
14744,2,2011-04-15,0,79.0,32794.96,69.48,3.743,0.0,0.0,0.0,0.0,0.0,214.9420631,7.931,3,202307
232013,24,2011-03-25,0,20.0,5246.82,36.88,3.789,0.0,0.0,0.0,0.0,0.0,133.9587419,8.252,3,203819
206430,21,2012-05-25,0,49.0,9514.88,79.49,3.561,7790.27,0.0,508.5,1575.99,4490.59,221.3828029,6.891,2,140167
97735,10,2012-09-14,0,55.0,10420.7,78.47,3.966,10389.14,0.0,15.97,4943.53,7618.04,130.9776667,7.17,2,126512
366377,39,2011-02-25,0,17.0,10031.35,67.77,3.065,0.0,0.0,0.0,0.0,0.0,212.2912786,8.395,3,184109
159226,17,2010-05-28,0,81.0,11128.98,48.19,2.908,0.0,0.0,0.0,0.0,0.0,126.1602258,6.635,2,93188
357891,38,2011-02-18,0,80.0,10974.73,53.35,3.43,0.0,0.0,0.0,0.0,0.0,127.99525,14.021,1,39690
316561,33,2010-08-27,0,67.0,524.54,94.0,3.022,0.0,0.0,0.0,0.0,0.0,126.0892903,9.495,3,39690
337742,35,2011-09-23,0,85.0,1569.4,63.61,3.711,0.0,0.0,0.0,0.0,0.0,140.32725,8.684,2,103681
90261,10,2010-09-17,0,80.0,77.66,85.52,3.028,0.0,0.0,0.0,0.0,0.0,126.1454667,9.199,2,126512
274936,28,2011-12-16,0,46.0,25924.7,43.29,3.6,2429.88,18.24,347.78,573.31,6432.36,129.8980645,12.89,3,206302
32955,4,2010-12-24,0,7.0,293835.78,43.21,2.887,0.0,0.0,0.0,0.0,0.0,126.9835806,7.127,3,205863
272517,28,2011-04-22,0,33.0,8227.33,72.12,4.134,0.0,0.0,0.0,0.0,0.0,128.9553,13.736,3,206302
232088,24,2011-04-01,0,81.0,23200.69,35.73,3.811,0.0,0.0,0.0,0.0,0.0,134.0682581,8.212,3,203819
395902,42,2011-05-27,0,79.0,13158.86,78.62,3.933,0.0,0.0,0.0,0.0,0.0,129.0623548,8.494,1,39690
65731,7,2011-12-02,0,82.0,9266.25,20.38,3.378,2229.32,6.47,738.42,1630.88,11534.89,195.8223287,8.513,2,70713
416,1,2010-03-12,0,10.0,28208.0,57.79,2.667,0.0,0.0,0.0,0.0,0.0,211.3806429,8.106,3,151315
130146,14,2010-07-02,0,5.0,30864.19,76.61,2.815,0.0,0.0,0.0,0.0,0.0,182.3187801,8.743,3,200898
131977,14,2011-01-07,0,20.0,8680.05,34.32,3.193,0.0,0.0,0.0,0.0,0.0,182.5983058,8.549,3,200898
125044,13,2011-12-02,0,28.0,1711.6,33.94,3.389,7945.42,56.0,25126.9,5550.87,31844.2,129.8459667,6.392,3,219622
390260,41,2012-03-16,0,42.0,6398.96,47.76,3.486,6504.93,48.97,4.59,3026.39,2020.55,197.0457208,6.589,3,196321
235466,24,2012-02-24,0,36.0,2352.91,37.35,3.917,10065.77,10556.73,2.2,6791.1,9440.12,137.3411034,8.659,3,203819
53804,6,2011-05-20,0,26.0,6951.46,72.01,3.907,0.0,0.0,0.0,0.0,0.0,217.2896095,6.855,3,202505
66921,7,2012-03-30,0,2.0,25030.43,44.99,3.75,8460.02,2.4,9.25,385.22,1666.6,197.4133259,8.256,2,70713
78473,8,2012-09-14,0,30.0,1902.58,67.21,3.717,4678.98,0.0,12.29,1130.96,5427.34,226.1615981,5.401,3,155078
144517,15,2011-09-16,0,38.0,54962.11,62.1,3.937,0.0,0.0,0.0,0.0,0.0,136.3145,7.806,2,123737
120139,13,2010-08-20,0,55.0,12709.08,76.34,2.85,0.0,0.0,0.0,0.0,0.0,126.0766452,7.951,3,219622
90200,10,2010-09-10,1,74.0,40852.41,84.04,2.961,0.0,0.0,0.0,0.0,0.0,126.1145806,9.199,2,126512
92355,10,2011-04-08,0,82.0,19527.14,73.03,3.818,0.0,0.0,0.0,0.0,0.0,128.8238065,8.494,2,126512
334231,35,2010-09-17,0,3.0,14764.98,64.5,2.706,0.0,0.0,0.0,0.0,0.0,136.6338071,8.861,2,103681
57301,6,2012-04-27,0,10.0,54743.05,71.5,3.814,2564.41,1.49,15.54,9.94,2556.36,223.2254871,5.964,3,202505
287391,29,2012-10-05,0,14.0,9753.96,62.09,4.027,4727.88,0.0,9.12,676.3,1904.05,138.8256,9.151,2,93638
113635,12,2011-08-05,0,8.0,43581.2,90.61,3.803,0.0,0.0,0.0,0.0,0.0,129.1846452,13.503,2,112238
397863,42,2012-03-02,0,42.0,151.2,57.62,3.882,441.4,10.78,1.96,0.0,1511.43,130.6457931,7.545,1,39690
18509,2,2012-04-13,0,4.0,45239.6,68.08,3.891,8994.04,6573.08,20.21,4162.2,1966.38,221.1484028,6.891,3,202307
249544,26,2010-07-23,0,51.0,4.56,65.4,2.784,0.0,0.0,0.0,0.0,0.0,132.5825806,8.445,3,152513
185918,19,2012-04-06,0,80.0,22923.0,40.23,4.143,9337.26,0.0,52.59,2949.23,5996.69,137.7970968,8.15,3,203819
271865,28,2011-02-18,0,13.0,43267.29,53.35,3.43,0.0,0.0,0.0,0.0,0.0,127.99525,14.021,3,206302
345889,36,2011-12-23,0,8.0,3172.33,55.41,3.098,17.01,0.0,0.76,0.0,2264.75,218.0541851,7.716,3,39910
242722,25,2011-05-27,0,40.0,41042.96,67.18,3.985,0.0,0.0,0.0,0.0,0.0,208.556714,7.287,2,128107
163814,17,2011-09-09,1,1.0,16268.59,61.94,3.619,0.0,0.0,0.0,0.0,0.0,129.3686129,6.745,2,93188
265775,27,2012-03-23,0,14.0,27655.68,57.3,4.054,4142.06,506.34,5.17,917.38,3467.03,141.6269332,8.009,3,204184
235173,24,2012-01-27,0,24.0,3030.7,31.92,3.737,755.78,4142.75,190.3,90.5,2594.66,136.9598387,8.659,3,203819
5761,1,2011-08-19,0,28.0,259.67,89.94,3.554,0.0,0.0,0.0,0.0,0.0,215.6693107,7.962,3,151315
177249,18,2012-08-31,0,90.0,25128.71,70.09,3.884,20913.04,7.98,98.98,9800.5,4527.8,138.3771935,8.535,2,120653
253846,26,2011-10-07,0,45.0,11.97,46.84,3.633,0.0,0.0,0.0,0.0,0.0,136.472,7.598,3,152513
19755,2,2012-08-17,0,21.0,8420.22,84.79,3.571,4774.16,330.78,10.53,4253.28,4927.26,221.6751459,6.565,3,202307
229683,24,2010-08-06,0,3.0,21792.59,74.54,2.942,0.0,0.0,0.0,0.0,0.0,132.6141935,8.117,3,203819
125037,13,2011-11-25,1,96.0,10470.69,38.89,3.445,1282.42,548.1,109030.75,146.33,3557.67,129.8364,6.392,3,219622
252842,26,2011-06-24,0,9.0,28771.55,56.94,3.851,0.0,0.0,0.0,0.0,0.0,135.2652667,7.818,3,152513
184292,19,2011-10-28,0,42.0,6682.38,46.49,3.757,0.0,0.0,0.0,0.0,0.0,136.4884516,7.866,3,203819
291240,30,2011-06-17,0,40.0,21649.86,87.54,3.637,0.0,0.0,0.0,0.0,0.0,214.6513538,7.931,1,42988
110617,12,2010-09-24,0,2.0,70717.58,81.77,2.939,0.0,0.0,0.0,0.0,0.0,126.1900333,14.18,2,112238
116061,12,2012-04-13,0,17.0,12060.12,64.28,4.254,9681.11,2934.51,14.08,1944.35,3103.61,131.108,11.627,2,112238
81507,9,2010-11-19,0,52.0,1346.17,49.96,2.771,0.0,0.0,0.0,0.0,0.0,215.4372854,6.56,2,125833
324422,34,2010-10-15,0,74.0,6977.85,59.57,2.732,0.0,0.0,0.0,0.0,0.0,126.3266774,10.21,3,158114
327928,34,2011-09-16,0,38.0,56892.03,64.94,3.532,0.0,0.0,0.0,0.0,0.0,129.4306,10.641,3,158114
343282,36,2010-10-29,0,20.0,42.4,76.22,2.68,0.0,0.0,0.0,0.0,0.0,210.6736944,8.476,3,39910
312021,32,2011-12-16,0,28.0,1051.17,26.23,3.266,5519.01,79.0,572.44,493.58,4074.52,195.9841685,8.513,3,203007
370441,39,2012-04-13,0,35.0,2683.62,71.59,3.891,5032.34,3521.71,15.9,1241.57,10538.44,220.1953389,6.989,3,184109
394064,42,2010-09-03,0,59.0,85.5,83.8,3.087,0.0,0.0,0.0,0.0,0.0,126.1019355,9.199,1,39690
273914,28,2011-09-09,1,97.0,27870.7,88.0,3.913,0.0,0.0,0.0,0.0,0.0,129.3686129,13.503,3,206302
221139,23,2011-01-14,0,97.0,5824.43,18.2,3.215,0.0,0.0,0.0,0.0,0.0,132.9510645,5.114,2,114533
25294,3,2011-07-15,0,85.0,737.0,87.14,3.575,0.0,0.0,0.0,0.0,0.0,218.7275216,7.567,2,37392
348782,37,2010-06-04,0,60.0,783.2,79.93,2.705,0.0,0.0,0.0,0.0,0.0,209.9398091,8.464,1,39910
261643,27,2011-02-18,0,10.0,30618.02,39.32,3.42,0.0,0.0,0.0,0.0,0.0,137.2511849,7.827,3,204184
128646,14,2010-02-05,0,12.0,5567.75,27.31,2.784,0.0,0.0,0.0,0.0,0.0,181.8711898,8.992,3,200898
356273,38,2010-07-09,0,97.0,9705.06,90.37,3.1,0.0,0.0,0.0,0.0,0.0,126.1518,14.18,1,39690
79164,9,2010-02-26,0,17.0,6128.43,43.83,2.561,0.0,0.0,0.0,0.0,0.0,214.8780453,6.415,2,125833
233252,24,2011-07-22,0,95.0,115229.97,79.29,3.972,0.0,0.0,0.0,0.0,0.0,135.8738387,8.358,3,203819
269806,28,2010-07-30,0,52.0,2025.64,96.31,3.017,0.0,0.0,0.0,0.0,0.0,126.1069032,14.18,3,206302
348643,37,2010-05-14,0,92.0,52210.19,77.53,2.854,0.0,0.0,0.0,0.0,0.0,209.118536,8.464,1,39910
181379,19,2011-01-14,0,33.0,3011.73,21.68,3.367,0.0,0.0,0.0,0.0,0.0,132.9510645,7.771,3,203819
14330,2,2011-03-04,0,46.0,29971.92,57.77,3.288,0.0,0.0,0.0,0.0,0.0,213.4775305,8.028,3,202307
95305,10,2012-01-20,0,71.0,16812.45,54.51,3.66,2972.31,3286.44,1.0,644.03,5331.52,130.2792258,7.545,2,126512
254371,26,2011-11-25,1,21.0,6607.96,31.07,3.536,362.32,9.0,44999.94,0.0,660.57,136.4788,7.598,3,152513
81284,9,2010-10-29,0,13.0,22088.16,64.43,2.716,0.0,0.0,0.0,0.0,0.0,215.4573607,6.56,2,125833
306540,32,2010-06-25,0,54.0,189.0,72.42,2.715,0.0,0.0,0.0,0.0,0.0,189.4533931,8.963,3,203007
207810,21,2012-10-19,0,80.0,81.97,68.52,3.594,1144.77,0.0,5.62,724.63,7812.29,223.0598077,6.17,2,140167
39817,4,2012-10-19,0,3.0,13028.48,64.46,3.61,6313.84,0.0,15.05,2421.08,5885.12,131.1499677,3.879,3,205863
364290,39,2010-07-30,0,90.0,69555.77,80.99,2.64,0.0,0.0,0.0,0.0,0.0,210.1286794,8.36,3,184109
233723,24,2011-09-09,1,27.0,2866.2,68.32,3.93,0.0,0.0,0.0,0.0,0.0,136.2745806,8.358,3,203819
10541,2,2010-02-26,0,17.0,16339.18,46.1,2.561,0.0,0.0,0.0,0.0,0.0,210.9759573,8.324,3,202307
81219,9,2010-10-22,0,13.0,21194.6,69.99,2.725,0.0,0.0,0.0,0.0,0.0,215.4081762,6.56,2,125833
383947,41,2010-06-25,0,32.0,5406.06,66.0,2.715,0.0,0.0,0.0,0.0,0.0,189.4533931,7.363,3,196321
10328,2,2010-02-05,0,13.0,53319.96,40.19,2.572,0.0,0.0,0.0,0.0,0.0,210.7526053,8.324,3,202307
3280,1,2010-12-17,0,94.0,54141.38,49.84,2.869,0.0,0.0,0.0,0.0,0.0,211.4053124,7.838,3,151315
87373,9,2012-09-07,1,24.0,2138.83,87.93,3.73,4837.99,-5.96,22.74,602.8,1377.59,226.2103541,5.277,2,125833
285132,29,2012-02-03,0,35.0,1344.6,40.58,3.633,23656.27,2347.13,110.26,11641.23,2548.96,137.0632581,8.988,2,93638
132678,14,2011-03-18,0,85.0,1853.59,46.66,3.631,0.0,0.0,0.0,0.0,0.0,184.809719,8.549,3,200898
203576,21,2011-08-05,0,67.0,3717.86,94.22,3.684,0.0,0.0,0.0,0.0,0.0,215.1978515,7.852,2,140167
20274,2,2012-10-05,0,79.0,41127.05,70.27,3.617,6037.76,0.0,10.04,3027.37,3853.4,222.8159296,6.17,3,202307
214219,22,2011-11-11,0,97.0,4640.58,47.8,3.57,12691.27,16756.86,435.92,3159.94,6275.41,140.4111613,7.706,2,119557
418204,45,2011-05-20,0,24.0,4149.84,62.28,4.062,0.0,0.0,0.0,0.0,0.0,185.9661154,8.521,2,118221
159568,17,2010-07-02,0,35.0,2099.0,68.98,2.814,0.0,0.0,0.0,0.0,0.0,126.1392,6.697,2,93188
48832,5,2012-10-19,0,91.0,1375.17,69.17,3.594,908.91,0.0,0.0,0.0,709.95,224.0192873,5.422,2,34875
161046,17,2010-12-03,0,90.0,32539.79,22.47,2.812,0.0,0.0,0.0,0.0,0.0,126.7313333,6.885,2,93188
241179,25,2010-12-17,0,33.0,4561.34,21.6,3.14,0.0,0.0,0.0,0.0,0.0,204.6321194,7.484,2,128107
279752,29,2010-07-16,0,55.0,4901.64,76.3,2.796,0.0,0.0,0.0,0.0,0.0,132.5667742,10.409,2,93638
163158,17,2011-07-08,0,87.0,15141.76,70.6,3.563,0.0,0.0,0.0,0.0,0.0,129.1125,6.745,2,93188
50372,6,2010-06-18,0,40.0,64901.03,83.89,2.637,0.0,0.0,0.0,0.0,0.0,212.9813843,7.092,3,202505
170014,18,2010-08-27,0,71.0,10822.36,67.05,2.77,0.0,0.0,0.0,0.0,0.0,132.6932258,9.342,2,120653
220335,23,2010-10-29,0,97.0,30.38,48.68,2.938,0.0,0.0,0.0,0.0,0.0,132.8708387,5.287,2,114533
196996,20,2012-06-22,0,10.0,47204.19,76.51,3.564,12173.74,875.7,2.36,4195.01,7516.62,214.606,7.139,3,203742
79448,9,2010-03-26,0,91.0,474.07,51.8,2.732,0.0,0.0,0.0,0.0,0.0,214.5531227,6.415,2,125833
271684,28,2011-01-28,0,21.0,5074.93,50.74,3.342,0.0,0.0,0.0,0.0,0.0,127.5800323,14.021,3,206302
53972,6,2011-06-10,0,60.0,281.2,84.49,3.648,0.0,0.0,0.0,0.0,0.0,216.5840732,6.855,3,202505
305844,32,2010-04-23,0,83.0,3244.29,50.06,2.776,0.0,0.0,0.0,0.0,0.0,189.6190057,8.963,3,203007
214122,22,2011-11-04,0,40.0,53242.52,42.81,3.586,0.0,0.0,0.0,0.0,0.0,140.4279758,7.706,2,119557
118974,13,2010-04-30,0,72.0,58789.03,48.33,2.941,0.0,0.0,0.0,0.0,0.0,126.3805667,8.107,3,219622
282524,29,2011-05-06,0,27.0,1221.38,53.63,4.078,0.0,0.0,0.0,0.0,0.0,134.5143667,9.966,2,93638
330782,34,2012-06-29,0,2.0,33663.65,81.91,3.257,3725.46,52.2,0.0,343.56,3814.45,130.7562667,9.575,3,158114
148273,15,2012-09-28,0,2.0,22722.96,57.13,4.158,5223.97,19.73,0.66,1260.77,5490.76,138.7395,8.193,2,123737
161587,17,2011-01-28,0,36.0,364.0,22.16,2.96,0.0,0.0,0.0,0.0,0.0,127.5800323,6.866,2,93188
279366,29,2010-06-04,0,24.0,5205.44,69.49,2.857,0.0,0.0,0.0,0.0,0.0,132.3648387,10.16,2,93638
33508,4,2011-02-11,1,91.0,71523.3,33.29,3.033,0.0,0.0,0.0,0.0,0.0,127.859129,6.51,3,205863
337958,35,2011-10-14,0,35.0,3193.02,64.78,3.541,0.0,0.0,0.0,0.0,0.0,140.4784194,8.745,2,103681
231608,24,2011-02-11,1,95.0,94226.91,26.51,3.416,0.0,0.0,0.0,0.0,0.0,133.260871,8.252,3,203819
229058,24,2010-06-11,0,24.0,4997.5,64.84,2.972,0.0,0.0,0.0,0.0,0.0,132.4357419,8.211,3,203819
329994,34,2012-04-06,0,92.0,78749.71,54.42,3.864,6570.6,0.0,37.31,2558.69,5479.81,131.0375484,9.575,3,158114
127646,13,2012-08-03,0,93.0,52254.88,81.99,3.512,48280.91,73.92,98.64,13485.99,7765.27,130.737871,5.765,3,219622
10351,2,2010-02-05,0,11.0,24800.3,40.19,2.572,0.0,0.0,0.0,0.0,0.0,210.7526053,8.324,3,202307
418628,45,2011-07-08,0,60.0,114.4,77.49,3.711,0.0,0.0,0.0,0.0,0.0,186.032016,8.625,2,118221
218910,23,2010-06-04,0,21.0,8207.25,64.94,2.857,0.0,0.0,0.0,0.0,0.0,132.3648387,5.435,2,114533
157385,16,2012-08-24,0,72.0,30862.49,61.44,3.558,1556.47,16.0,3.34,869.05,1691.12,198.0984199,6.061,2,57197
81861,9,2010-12-31,1,72.0,36669.95,45.92,2.943,0.0,0.0,0.0,0.0,0.0,214.9268131,6.56,2,125833
322755,34,2010-04-30,0,91.0,28734.7,56.58,2.787,0.0,0.0,0.0,0.0,0.0,126.3805667,9.593,3,158114
52973,6,2011-03-04,0,82.0,17427.33,60.45,3.288,0.0,0.0,0.0,0.0,0.0,215.3584231,6.858,3,202505
66643,7,2012-03-02,0,28.0,266.66,21.64,3.191,41848.34,2326.08,139.2,15505.0,1348.86,196.9565303,8.256,2,70713
129169,14,2010-04-02,0,19.0,152.94,47.74,2.85,0.0,0.0,0.0,0.0,0.0,181.8657537,8.899,3,200898
261175,27,2010-12-31,1,20.0,5697.4,29.59,3.336,0.0,0.0,0.0,0.0,0.0,136.665265,8.021,3,204184
387457,41,2011-06-10,0,55.0,6877.7,61.1,3.735,0.0,0.0,0.0,0.0,0.0,192.8470612,6.934,3,196321
246150,25,2012-05-11,0,29.0,4850.62,59.21,3.889,16186.46,0.0,23.05,4625.4,2037.11,214.5319099,7.139,2,128107
400811,43,2010-07-23,0,79.0,13301.4,86.6,2.608,0.0,0.0,0.0,0.0,0.0,203.1750161,9.816,1,41062
219000,23,2010-06-11,0,4.0,30273.12,58.35,2.83,0.0,0.0,0.0,0.0,0.0,132.4357419,5.435,2,114533
131132,14,2010-10-15,0,34.0,23087.5,58.61,2.868,0.0,0.0,0.0,0.0,0.0,182.8106203,8.724,3,200898
192715,20,2011-05-06,0,93.0,52881.91,53.41,4.046,0.0,0.0,0.0,0.0,0.0,208.7992595,7.287,3,203742
863,1,2010-04-23,0,6.0,3945.19,64.84,2.795,0.0,0.0,0.0,0.0,0.0,210.4391228,7.808,3,151315
270491,28,2010-10-01,0,9.0,14628.08,85.2,3.001,0.0,0.0,0.0,0.0,0.0,126.2346,14.313,3,206302
141887,15,2010-12-24,0,3.0,17312.33,25.07,3.309,0.0,0.0,0.0,0.0,0.0,132.7477419,8.067,2,123737
279148,29,2010-05-14,0,94.0,745.0,50.99,2.983,0.0,0.0,0.0,0.0,0.0,132.152129,10.16,2,93638
243830,25,2011-09-16,0,38.0,41345.84,62.05,3.742,0.0,0.0,0.0,0.0,0.0,209.1893892,7.274,2,128107
321913,34,2010-02-12,1,83.0,3689.44,36.13,2.573,0.0,0.0,0.0,0.0,0.0,126.4962581,9.521,3,158114
320503,33,2012-04-20,0,55.0,14.0,72.94,4.111,470.51,119.92,0.0,128.87,284.28,131.1173333,7.396,3,39690
63504,7,2011-04-15,0,85.0,2134.6,27.79,3.611,0.0,0.0,0.0,0.0,0.0,192.4225954,8.595,2,70713
268978,28,2010-05-07,0,56.0,2245.71,70.15,3.127,0.0,0.0,0.0,0.0,0.0,126.2898,14.099,3,206302
7395,1,2012-01-27,0,42.0,6961.76,54.26,3.29,1164.46,1082.74,44.0,11.0,1222.19,220.0788523,7.348,3,151315
185293,19,2012-02-03,0,46.0,18293.32,36.22,3.796,51879.66,6433.83,394.18,52739.02,6473.61,137.0632581,7.943,3,203819
286951,29,2012-08-17,0,27.0,864.93,74.92,3.84,1727.05,167.24,0.3,504.22,1175.37,138.1857097,9.419,2,93638
246227,25,2012-05-18,0,93.0,1021.5,58.21,3.848,7191.69,0.0,1.7,640.51,1793.42,214.5485571,7.139,2,128107
37765,4,2012-04-06,0,56.0,28182.81,67.69,3.864,11341.17,0.0,73.38,5677.89,7821.95,131.0375484,4.308,3,205863
142460,15,2011-02-18,0,96.0,1614.26,33.06,3.42,0.0,0.0,0.0,0.0,0.0,133.3701429,7.771,2,123737
401525,43,2010-11-05,0,82.0,7168.99,62.52,2.689,0.0,0.0,0.0,0.0,0.0,203.8713871,10.21,1,41062
236767,24,2012-06-29,0,58.0,1630.0,70.4,3.667,5708.44,329.3,0.0,1310.41,4292.22,138.1962667,8.983,3,203819
30297,4,2010-04-09,0,83.0,7861.52,54.16,2.773,0.0,0.0,0.0,0.0,0.0,126.6019032,7.896,3,205863
373303,40,2010-04-23,0,82.0,10165.91,45.85,2.895,0.0,0.0,0.0,0.0,0.0,132.0226667,5.435,3,155083
148464,15,2012-10-19,0,81.0,4092.46,52.89,4.153,710.9,0.0,1.68,176.01,1098.68,138.8336129,7.992,2,123737
108419,12,2010-02-12,1,2.0,74171.01,47.87,2.946,0.0,0.0,0.0,0.0,0.0,126.4962581,13.975,2,112238
362423,38,2012-10-19,0,2.0,12170.89,68.66,4.449,314.73,0.0,9.24,0.0,388.28,131.1499677,10.199,1,39690
193274,20,2011-06-24,0,18.0,0.1,72.4,3.804,0.0,0.0,0.0,0.0,0.0,208.2306018,7.287,3,203742
108484,12,2010-02-19,0,29.0,9411.35,54.83,2.915,0.0,0.0,0.0,0.0,0.0,126.5262857,13.975,2,112238
215749,22,2012-04-20,0,24.0,7868.9,58.81,4.046,7200.16,6519.27,14.55,54.25,3897.67,141.9015262,7.671,2,119557
43622,5,2011-03-18,0,20.0,1452.15,64.31,3.488,0.0,0.0,0.0,0.0,0.0,214.9257339,6.634,2,34875
261231,27,2011-01-07,0,74.0,32598.45,34.42,3.351,0.0,0.0,0.0,0.0,0.0,136.7332569,7.827,3,204184
187568,19,2012-09-14,0,71.0,5337.1,65.08,4.088,13667.97,0.0,13.57,1166.93,7136.43,138.5673,8.193,3,203819
349296,37,2010-08-20,0,1.0,8883.09,85.54,2.664,0.0,0.0,0.0,0.0,0.0,210.3617581,8.36,1,39910
239085,25,2010-05-21,0,72.0,29096.56,57.17,2.958,0.0,0.0,0.0,0.0,0.0,203.8770235,7.856,2,128107
409293,44,2011-03-18,0,52.0,22.54,44.69,3.407,0.0,0.0,0.0,0.0,0.0,128.5121935,7.224,1,39910
150131,16,2010-07-16,0,10.0,15217.04,67.68,2.699,0.0,0.0,0.0,0.0,0.0,189.6125456,6.868,2,57197
235054,24,2012-01-13,0,1.0,11002.12,36.5,3.666,3545.34,8743.62,127.43,819.74,4434.08,136.753,8.659,3,203819
282745,29,2011-06-03,0,92.0,23993.69,70.09,3.973,0.0,0.0,0.0,0.0,0.0,134.8551613,9.966,2,93638
217145,22,2012-09-07,1,59.0,90.15,73.3,3.921,12941.56,4.0,37.34,2510.1,3346.55,142.500303,7.753,2,119557
416534,45,2010-12-03,0,3.0,8288.97,40.93,3.046,0.0,0.0,0.0,0.0,0.0,182.6676154,8.724,2,118221
239947,25,2010-08-13,0,34.0,11241.0,72.73,2.805,0.0,0.0,0.0,0.0,0.0,204.8533784,7.527,2,128107
325757,34,2011-02-18,0,65.0,48701.35,45.12,3.058,0.0,0.0,0.0,0.0,0.0,127.99525,10.398,3,158114
264835,27,2011-12-23,0,92.0,188077.31,41.59,3.587,2415.4,239.89,1438.33,209.34,2976.85,140.528765,7.906,3,204184
306088,32,2010-05-14,0,21.0,5522.27,46.42,2.788,0.0,0.0,0.0,0.0,0.0,189.4904116,8.963,3,203007
42950,5,2011-01-07,0,59.0,129.17,48.3,2.976,0.0,0.0,0.0,0.0,0.0,211.9560305,6.634,2,34875
323370,34,2010-07-02,0,46.0,16405.12,73.66,2.668,0.0,0.0,0.0,0.0,0.0,126.1392,9.816,3,158114
248037,26,2010-02-19,0,59.0,450.1,22.62,2.747,0.0,0.0,0.0,0.0,0.0,131.637,8.488,3,152513
360164,38,2011-12-23,0,90.0,41079.6,45.4,3.541,59.23,0.0,0.6,0.0,1588.1,129.9845484,12.89,1,39690
7299,1,2012-01-13,0,98.0,11706.34,48.53,3.261,5183.29,8025.87,42.24,453.08,3719.38,219.8925263,7.348,3,151315
212715,22,2011-06-10,0,7.0,34791.32,69.53,3.924,0.0,0.0,0.0,0.0,0.0,138.8606382,8.252,2,119557
21887,3,2010-06-25,0,8.0,7914.04,83.79,2.653,0.0,0.0,0.0,0.0,0.0,214.6660741,7.343,2,37392
73346,8,2011-04-15,0,44.0,3375.81,63.55,3.743,0.0,0.0,0.0,0.0,0.0,218.7262524,6.297,3,155078
298240,31,2010-12-31,1,25.0,7522.57,47.19,2.943,0.0,0.0,0.0,0.0,0.0,211.064774,8.163,3,203750
28463,3,2012-06-29,0,26.0,1913.79,86.42,3.286,2297.32,8.0,0.0,395.28,1182.52,225.3492435,6.664,2,37392
167054,17,2012-08-03,0,25.0,4772.04,72.94,3.512,13721.83,56.6,8.34,12343.79,1797.84,130.737871,5.936,2,93188
343672,36,2010-12-31,1,2.0,11737.02,52.88,2.949,0.0,0.0,0.0,0.0,0.0,210.182398,8.476,3,39910
151550,16,2010-12-17,0,36.0,4103.5,26.01,2.778,0.0,0.0,0.0,0.0,0.0,191.0303376,6.986,2,57197
72704,8,2011-02-11,1,41.0,1598.0,28.26,3.022,0.0,0.0,0.0,0.0,0.0,216.3126733,6.262,3,155078
302045,31,2012-01-13,0,58.0,2355.0,45.0,3.261,4371.53,14136.14,54.52,719.85,3942.03,219.5328198,7.057,3,203750
241868,25,2011-03-04,0,56.0,1650.98,31.59,3.433,0.0,0.0,0.0,0.0,0.0,206.9153485,7.343,2,128107
226052,23,2012-05-11,0,46.0,36604.47,52.9,3.947,8839.9,0.0,58.82,1419.42,2237.57,138.0882667,4.125,2,114533
58844,6,2012-09-28,0,55.0,9951.23,77.82,3.666,4181.54,7.64,1.65,1952.69,2447.92,224.6029706,5.668,3,202505
386202,41,2011-02-04,0,9.0,15098.43,14.56,3.011,0.0,0.0,0.0,0.0,0.0,191.7625895,7.241,3,196321
81995,9,2011-01-14,0,31.0,1484.46,36.43,2.983,0.0,0.0,0.0,0.0,0.0,214.9749587,6.416,2,125833
83832,9,2011-08-12,0,25.0,5109.32,91.63,3.638,0.0,0.0,0.0,0.0,0.0,219.1929854,6.404,2,125833
192209,20,2011-03-18,0,95.0,140075.71,44.8,3.631,0.0,0.0,0.0,0.0,0.0,207.4283845,7.343,3,203742
209668,22,2010-07-30,0,59.0,431.39,76.35,2.792,0.0,0.0,0.0,0.0,0.0,136.4554021,8.433,2,119557
248893,26,2010-05-14,0,56.0,12670.1,39.08,2.983,0.0,0.0,0.0,0.0,0.0,132.152129,8.512,3,152513
82410,9,2011-03-04,0,21.0,3498.31,60.67,3.288,0.0,0.0,0.0,0.0,0.0,217.4036503,6.416,2,125833
296483,31,2010-07-09,0,55.0,6165.33,81.67,2.642,0.0,0.0,0.0,0.0,0.0,210.7657317,8.099,3,203750
122096,13,2011-02-18,0,21.0,8384.58,40.85,3.062,0.0,0.0,0.0,0.0,0.0,127.99525,7.47,3,219622
396266,42,2011-07-22,0,95.0,58215.45,88.59,3.697,0.0,0.0,0.0,0.0,0.0,129.1507742,8.257,1,39690
349422,37,2010-09-10,1,92.0,56289.42,80.58,2.565,0.0,0.0,0.0,0.0,0.0,210.2641156,8.36,1,39910
290868,30,2011-04-29,0,79.0,5116.94,70.19,3.81,0.0,0.0,0.0,0.0,0.0,215.2772683,7.931,1,42988
187191,19,2012-08-10,0,59.0,245.77,74.45,3.863,6196.55,232.43,76.35,3086.53,3417.36,138.1437742,8.193,3,203819
385308,41,2010-11-05,0,49.0,5035.45,46.74,2.729,0.0,0.0,0.0,0.0,0.0,190.9964377,7.508,3,196321
219335,23,2010-07-16,0,38.0,46930.15,73.94,2.796,0.0,0.0,0.0,0.0,0.0,132.5667742,5.326,2,114533
309663,32,2011-04-29,0,35.0,2487.0,44.86,3.663,0.0,0.0,0.0,0.0,0.0,192.6243322,8.595,3,203007
67953,7,2012-07-13,0,95.0,46630.88,64.21,3.613,1562.86,85.7,0.35,424.66,57029.78,197.8788621,7.872,2,70713
169337,18,2010-06-18,0,16.0,32475.91,65.96,2.805,0.0,0.0,0.0,0.0,0.0,132.4733333,9.269,2,120653
166251,17,2012-05-11,0,44.0,8203.14,49.96,3.809,6288.63,0.0,22.59,997.55,1266.73,131.1453333,6.235,2,93188
367221,39,2011-05-20,0,22.0,11629.26,73.31,3.907,0.0,0.0,0.0,0.0,0.0,214.465412,8.3,3,184109
372764,40,2010-03-05,0,52.0,1448.1,34.78,2.766,0.0,0.0,0.0,0.0,0.0,131.735,5.892,3,155083
14924,2,2011-04-29,0,42.0,8155.77,69.21,3.81,0.0,0.0,0.0,0.0,0.0,215.2772683,7.931,3,202307
255654,26,2012-03-30,0,30.0,2415.64,33.33,3.921,8827.14,169.73,12.75,981.6,3196.41,137.7261935,7.467,3,152513
105728,11,2012-02-17,0,60.0,225.0,52.77,3.51,10256.46,9792.52,24.82,4060.54,2418.36,223.9170153,6.833,3,207499
218616,23,2010-05-07,0,3.0,12644.2,61.04,2.981,0.0,0.0,0.0,0.0,0.0,132.1062,5.435,2,114533
226339,23,2012-06-15,0,17.0,25573.91,64.73,3.683,4810.62,442.3,41.03,1361.6,2213.38,138.1295333,4.125,2,114533
107349,11,2012-07-27,0,22.0,14614.71,85.43,3.407,2799.14,97.58,5.64,2364.95,1897.08,225.4537579,6.334,3,207499
372246,39,2012-10-12,0,59.0,178.03,69.88,3.601,2360.14,0.0,22.59,579.21,15387.94,222.0510793,6.228,3,184109
325279,34,2010-12-31,1,27.0,982.6,34.11,2.955,0.0,0.0,0.0,0.0,0.0,127.0876774,10.21,3,158114
320629,33,2012-05-11,0,46.0,2375.51,81.02,4.186,758.77,0.0,0.0,0.0,2001.77,131.1453333,7.396,3,39690
166788,17,2012-07-06,0,48.0,1409.0,68.91,3.63,9824.36,128.0,25.38,3990.35,3618.23,130.7196333,5.936,2,93188
65783,7,2011-12-09,0,60.0,176.0,11.17,3.331,3393.21,0.0,94.93,589.44,3067.9,195.8742575,8.513,2,70713
249822,26,2010-08-20,0,54.0,140.0,62.68,2.796,0.0,0.0,0.0,0.0,0.0,132.6616129,8.445,3,152513
161550,17,2011-01-21,0,33.0,3840.19,26.62,2.934,0.0,0.0,0.0,0.0,0.0,127.4404839,6.866,2,93188
78555,8,2012-09-21,0,60.0,270.0,66.96,3.721,3913.12,5.73,2.28,0.0,6984.96,226.3645848,5.401,3,155078
14207,2,2011-02-18,0,31.0,3729.86,57.83,3.045,0.0,0.0,0.0,0.0,0.0,212.9033115,8.028,3,202307
247298,25,2012-09-07,1,22.0,5822.65,72.79,3.911,15308.07,0.0,22.06,5643.24,1903.09,215.2189573,7.28,2,128107
223593,23,2011-09-16,0,52.0,2595.22,60.52,3.809,0.0,0.0,0.0,0.0,0.0,136.3145,4.584,2,114533
152457,16,2011-03-25,0,59.0,31.0,32.61,3.414,0.0,0.0,0.0,0.0,0.0,192.1964844,6.614,2,57197
324678,34,2010-11-05,0,42.0,4594.9,52.43,2.699,0.0,0.0,0.0,0.0,0.0,126.4912903,10.21,3,158114
286042,29,2012-05-11,0,55.0,3362.64,56.72,3.947,6606.84,0.0,7.15,477.96,2857.52,138.0882667,9.14,2,93638
145925,15,2012-02-03,0,5.0,13217.5,35.3,3.796,25565.53,3425.96,56.72,19303.94,3230.99,137.0632581,7.943,2,123737
125086,13,2011-12-02,0,26.0,14750.13,33.94,3.389,7945.42,56.0,25126.9,5550.87,31844.2,129.8459667,6.392,3,219622
42770,5,2010-12-17,0,18.0,10917.88,51.61,2.869,0.0,0.0,0.0,0.0,0.0,211.9580815,6.768,2,34875
361492,38,2012-06-15,0,38.0,79582.27,85.94,4.144,635.42,0.0,0.13,0.0,1800.18,130.8295333,11.627,1,39690
145187,15,2011-11-25,1,10.0,11156.63,41.1,3.689,299.72,54.94,67073.91,34.22,171.76,136.4788,7.866,2,123737
112860,12,2011-05-20,0,38.0,48610.83,66.59,4.169,0.0,0.0,0.0,0.0,0.0,129.0756774,13.736,2,112238
101488,11,2010-12-24,0,34.0,29703.41,59.33,2.886,0.0,0.0,0.0,0.0,0.0,214.7017828,7.564,3,207499
164330,17,2011-11-04,0,97.0,8788.1,37.52,3.538,0.0,0.0,0.0,0.0,0.0,129.8051935,6.617,2,93188
23359,3,2010-12-10,0,81.0,1193.9,51.13,2.843,0.0,0.0,0.0,0.0,0.0,214.7693037,7.564,2,37392
235295,24,2012-02-10,1,52.0,1201.05,33.82,3.826,11788.06,6777.04,73.29,11571.69,4451.85,137.1666774,8.659,3,203819
26264,3,2011-10-28,0,34.0,5573.23,71.04,3.372,0.0,0.0,0.0,0.0,0.0,221.0801842,7.197,2,37392
190115,20,2010-08-20,0,31.0,6265.52,75.34,2.779,0.0,0.0,0.0,0.0,0.0,204.8217044,7.527,3,203742
291009,30,2011-05-13,0,24.0,4.0,75.04,3.899,0.0,0.0,0.0,0.0,0.0,215.6124735,7.931,1,42988
66493,7,2012-02-17,0,18.0,4001.58,27.03,3.113,5453.54,4918.31,1.88,1838.98,5303.89,196.9432711,8.256,2,70713
207843,21,2012-10-19,0,67.0,4898.37,68.52,3.594,1144.77,0.0,5.62,724.63,7812.29,223.0598077,6.17,2,140167
397422,42,2012-01-06,0,94.0,37645.83,59.85,3.443,2.91,2655.21,77.86,0.0,649.61,130.1575161,7.545,1,39690
173779,18,2011-09-16,0,91.0,63.84,66.23,3.809,0.0,0.0,0.0,0.0,0.0,136.3145,8.89,2,120653
171269,18,2010-12-31,1,26.0,5118.55,26.1,3.177,0.0,0.0,0.0,0.0,0.0,132.8150323,9.331,2,120653
86693,9,2012-06-22,0,31.0,511.25,81.05,3.346,2886.26,3.8,0.0,1270.8,4545.91,225.5495841,5.539,2,125833
286704,29,2012-07-20,0,36.0,-117.0,76.57,3.61,1142.93,212.35,8.11,368.45,1625.35,138.2331935,9.419,2,93638
159252,17,2010-05-28,0,20.0,4243.55,48.19,2.908,0.0,0.0,0.0,0.0,0.0,126.1602258,6.635,2,93188
2846,1,2010-11-05,0,36.0,1375.0,58.74,2.689,0.0,0.0,0.0,0.0,0.0,211.9563939,7.838,3,151315
269875,28,2010-08-06,0,79.0,45146.8,92.95,3.123,0.0,0.0,0.0,0.0,0.0,126.0854516,14.18,3,206302
95872,10,2012-03-16,0,32.0,21939.35,62.11,4.273,3977.45,-10.5,6.03,1928.5,2273.92,130.8261935,7.545,2,126512
317973,33,2011-04-01,0,21.0,162.37,71.41,3.772,0.0,0.0,0.0,0.0,0.0,128.7199355,8.687,3,39690
157488,16,2012-08-31,0,2.0,23143.17,64.19,3.556,8702.4,0.0,35.78,3576.08,4493.67,198.0967341,6.061,2,57197
338840,35,2012-01-13,0,92.0,28404.09,41.3,3.513,2428.51,7532.95,2.28,413.26,3750.02,140.7048214,8.744,2,103681
394818,42,2010-12-24,0,93.0,36179.08,57.06,3.236,0.0,0.0,0.0,0.0,0.0,126.9835806,9.003,1,39690
65747,7,2011-12-02,0,27.0,553.58,20.38,3.378,2229.32,6.47,738.42,1630.88,11534.89,195.8223287,8.513,2,70713
246786,25,2012-07-13,0,35.0,2862.89,73.87,3.523,7262.73,45.6,18.01,1803.13,1354.39,214.728027,7.28,2,128107
145263,15,2011-12-02,0,97.0,1542.87,45.67,3.666,3751.34,191.82,6485.06,1803.17,16136.43,136.4909333,7.866,2,123737
162765,17,2011-05-27,0,42.0,3968.59,51.04,3.778,0.0,0.0,0.0,0.0,0.0,129.0623548,6.774,2,93188
385290,41,2010-11-05,0,36.0,1153.0,46.74,2.729,0.0,0.0,0.0,0.0,0.0,190.9964377,7.508,3,196321
379523,40,2012-01-06,0,30.0,1969.3,23.29,3.439,3737.24,20629.4,169.85,954.18,4508.45,136.698129,4.261,3,155083
164898,17,2011-12-30,1,20.0,4015.44,26.73,3.119,4439.21,42391.85,120.08,1366.9,2383.67,130.0710323,6.617,2,93188
270246,28,2010-09-10,1,38.0,37878.17,83.63,3.044,0.0,0.0,0.0,0.0,0.0,126.1145806,14.18,3,206302
67552,7,2012-06-01,0,32.0,3565.32,55.06,3.764,2427.12,0.0,98.67,1349.72,2112.74,197.6218954,8.09,2,70713
357343,38,2010-12-03,0,80.0,10526.01,43.33,3.041,0.0,0.0,0.0,0.0,0.0,126.7313333,14.313,1,39690
392213,41,2012-09-21,0,31.0,1496.38,59.81,3.765,11062.12,72.64,6.0,1125.21,7962.34,198.358523,6.432,3,196321
214051,22,2011-10-28,0,23.0,36669.16,49.31,3.604,0.0,0.0,0.0,0.0,0.0,140.4447903,7.706,2,119557
225876,23,2012-04-27,0,46.0,34543.92,44.62,4.023,2622.72,1325.48,27.04,2.0,2132.69,137.9781333,4.125,2,114533
236388,24,2012-05-25,0,82.0,17172.03,65.79,3.979,15776.58,0.0,624.13,3992.12,3763.4,138.1101935,8.983,3,203819
353777,37,2012-05-04,0,91.0,31004.05,77.17,3.749,276.27,0.0,14.9,0.0,671.64,220.3545033,6.989,1,39910
115212,12,2012-01-13,0,23.0,28349.47,48.07,3.657,6935.5,23438.57,0.0,2289.8,9526.73,130.244,12.187,2,112238
282972,29,2011-06-24,0,8.0,21603.18,68.53,3.851,0.0,0.0,0.0,0.0,0.0,135.2652667,9.966,2,93638
147928,15,2012-08-24,0,92.0,18583.89,66.98,3.997,3669.07,-6.69,0.0,2813.59,1610.18,138.2814516,8.193,2,123737
178148,19,2010-02-26,0,6.0,6857.75,30.33,2.91,0.0,0.0,0.0,0.0,0.0,131.686,8.35,3,203819
221658,23,2011-03-11,0,16.0,5784.49,29.36,3.6,0.0,0.0,0.0,0.0,0.0,133.7361429,5.114,2,114533
376384,40,2011-03-04,0,31.0,1057.1,18.49,3.437,0.0,0.0,0.0,0.0,0.0,133.6141429,5.114,3,155083
376341,40,2011-02-25,0,97.0,15049.29,16.5,3.281,0.0,0.0,0.0,0.0,0.0,133.4921429,5.114,3,155083
342835,36,2010-08-20,0,81.0,14622.61,85.54,2.604,0.0,0.0,0.0,0.0,0.0,210.3617581,8.36,3,39910
67340,7,2012-05-11,0,67.0,7276.42,48.54,3.87,24426.8,0.0,4.8,402.53,2012.64,197.5481609,8.09,2,70713
229458,24,2010-07-16,0,26.0,6203.8,76.56,2.933,0.0,0.0,0.0,0.0,0.0,132.5667742,8.117,3,203819
113204,12,2011-06-24,0,41.0,86.0,88.95,3.898,0.0,0.0,0.0,0.0,0.0,129.0663,13.736,2,112238
173609,18,2011-08-26,0,9.0,31112.25,70.32,3.796,0.0,0.0,0.0,0.0,0.0,136.2136129,8.89,2,120653
24905,3,2011-05-27,0,9.0,6412.59,84.41,3.786,0.0,0.0,0.0,0.0,0.0,218.8860765,7.574,2,37392
422792,45,2012-09-07,1,49.0,5.0,75.7,3.911,11024.45,12.8,52.63,1854.77,2055.7,191.5776756,8.684,2,118221
33570,4,2011-02-18,0,2.0,99214.16,48.17,3.058,0.0,0.0,0.0,0.0,0.0,127.99525,6.51,3,205863
309831,32,2011-05-13,0,2.0,49156.13,56.09,3.767,0.0,0.0,0.0,0.0,0.0,192.826069,8.595,3,203007
169667,18,2010-07-23,0,97.0,4719.81,75.71,2.784,0.0,0.0,0.0,0.0,0.0,132.5825806,9.342,2,120653
230165,24,2010-09-24,0,23.0,25017.61,64.3,2.837,0.0,0.0,0.0,0.0,0.0,132.7619333,8.117,3,203819
387336,41,2011-05-27,0,54.0,102.72,50.56,3.795,0.0,0.0,0.0,0.0,0.0,192.8365651,6.934,3,196321
274478,28,2011-11-04,0,14.0,15811.56,59.77,3.828,0.0,0.0,0.0,0.0,0.0,129.8051935,12.89,3,206302
190762,20,2010-10-22,0,8.0,71626.77,50.52,2.917,0.0,0.0,0.0,0.0,0.0,205.0627881,7.484,3,203742
4085,1,2011-03-04,0,42.0,9642.28,59.58,3.288,0.0,0.0,0.0,0.0,0.0,213.8233327,7.742,3,151315
204936,21,2011-12-23,0,4.0,22076.81,46.54,3.112,759.8,6.92,577.46,29.81,2830.92,218.9995495,7.441,2,140167
39409,4,2012-09-14,0,24.0,10577.37,68.2,3.706,13802.34,0.0,23.12,3643.77,12517.18,130.9776667,4.077,3,205863
2493,1,2010-10-01,0,5.0,23381.38,71.89,2.603,0.0,0.0,0.0,0.0,0.0,211.6719895,7.838,3,151315
409884,44,2011-06-10,0,16.0,1399.89,61.39,3.732,0.0,0.0,0.0,0.0,0.0,129.0357097,6.906,1,39910
237714,24,2012-10-05,0,42.0,5943.23,60.35,4.151,10349.0,0.0,16.05,5824.86,2770.76,138.8256,8.693,3,203819
90968,10,2010-11-26,1,23.0,100274.46,55.33,3.162,0.0,0.0,0.0,0.0,0.0,126.6692667,9.003,2,126512
31505,4,2010-07-30,0,1.0,27493.53,80.7,2.65,0.0,0.0,0.0,0.0,0.0,126.1069032,7.372,3,205863
76555,8,2012-03-02,0,18.0,1284.25,50.95,3.63,19521.45,1000.19,0.6,5819.37,3641.54,224.3959793,5.825,3,155078
4088,1,2011-03-04,0,41.0,663.0,59.58,3.288,0.0,0.0,0.0,0.0,0.0,213.8233327,7.742,3,151315
67039,7,2012-04-13,0,1.0,12213.38,41.43,3.901,1662.2,1555.57,15.47,776.66,1377.63,197.780931,8.09,2,70713
406350,43,2012-10-19,0,9.0,176.41,71.25,3.594,121.84,0.0,11.14,0.0,964.01,214.7212488,8.839,1,41062
18821,2,2012-05-18,0,37.0,4393.5,71.27,3.63,9262.12,0.0,42.67,3694.8,4612.01,221.380331,6.891,3,202307
281178,29,2010-12-17,0,54.0,177.84,30.46,3.139,0.0,0.0,0.0,0.0,0.0,132.6804516,10.524,2,93638
123352,13,2011-06-17,0,33.0,8721.87,63.35,3.704,0.0,0.0,0.0,0.0,0.0,129.0432,7.193,3,219622
281151,29,2010-12-10,0,90.0,11742.42,28.43,3.132,0.0,0.0,0.0,0.0,0.0,132.6764,10.524,2,93638
252076,26,2011-04-08,0,21.0,5843.28,29.09,3.72,0.0,0.0,0.0,0.0,0.0,134.1777742,7.818,3,152513
71690,8,2010-10-29,0,34.0,10103.0,57.93,2.716,0.0,0.0,0.0,0.0,0.0,215.2739,6.433,3,155078
324872,34,2010-11-26,1,21.0,5202.49,41.13,2.752,0.0,0.0,0.0,0.0,0.0,126.6692667,10.21,3,158114
108368,12,2010-02-05,0,14.0,24359.71,49.47,2.962,0.0,0.0,0.0,0.0,0.0,126.4420645,13.975,2,112238
160936,17,2010-11-19,0,23.0,12488.23,36.31,2.842,0.0,0.0,0.0,0.0,0.0,126.6072,6.885,2,93188
29657,4,2010-02-05,0,2.0,91481.24,43.76,2.598,0.0,0.0,0.0,0.0,0.0,126.4420645,8.623,3,205863
384863,41,2010-09-24,0,33.0,4709.82,60.11,2.793,0.0,0.0,0.0,0.0,0.0,190.5713264,7.335,3,196321
54711,6,2011-08-19,0,90.0,52352.02,89.26,3.554,0.0,0.0,0.0,0.0,0.0,217.2069662,6.925,3,202505
386954,41,2011-04-22,0,98.0,10027.3,42.86,3.636,0.0,0.0,0.0,0.0,0.0,192.5234638,6.934,3,196321
173190,18,2011-07-15,0,90.0,12951.79,74.36,3.827,0.0,0.0,0.0,0.0,0.0,135.7837419,8.89,2,120653
48177,5,2012-08-03,0,11.0,9724.86,86.91,3.417,7365.26,14.48,0.7,3640.7,2517.31,222.5385111,5.603,2,34875
83778,9,2011-08-05,0,1.0,9174.31,91.52,3.684,0.0,0.0,0.0,0.0,0.0,219.1349201,6.404,2,125833
9017,1,2012-06-29,0,94.0,60793.02,84.88,3.286,3965.73,161.6,0.0,435.99,4212.97,221.8434,7.143,3,151315
345351,36,2011-09-23,0,55.0,35.0,78.35,3.441,0.0,0.0,0.0,0.0,0.0,215.1233185,8.177,3,39910
98230,11,2010-02-05,0,60.0,1.0,46.04,2.572,0.0,0.0,0.0,0.0,0.0,214.4248812,7.368,3,207499
48578,5,2012-09-21,0,4.0,10459.89,71.09,3.721,3033.26,5.73,1.1,83.82,4579.05,223.3737593,5.603,2,34875
280326,29,2010-09-17,0,26.0,5310.6,62.49,2.716,0.0,0.0,0.0,0.0,0.0,132.7670667,10.409,2,93638
111475,12,2010-12-24,0,29.0,17660.01,52.02,3.236,0.0,0.0,0.0,0.0,0.0,126.9835806,14.313,2,112238
407835,44,2010-08-20,0,2.0,9033.49,76.34,2.85,0.0,0.0,0.0,0.0,0.0,126.0766452,7.804,1,39910
82452,9,2011-03-11,0,18.0,21.96,54.75,3.459,0.0,0.0,0.0,0.0,0.0,217.6977326,6.416,2,125833
14587,2,2011-04-01,0,96.0,29176.36,55.43,3.524,0.0,0.0,0.0,0.0,0.0,214.4886908,7.931,3,202307
393567,42,2010-06-18,0,8.0,16506.17,83.49,2.935,0.0,0.0,0.0,0.0,0.0,126.114,9.524,1,39690
139982,15,2010-06-11,0,33.0,3452.38,61.04,2.972,0.0,0.0,0.0,0.0,0.0,132.4357419,8.185,2,123737
79718,9,2010-04-30,0,25.0,5112.0,66.07,2.78,0.0,0.0,0.0,0.0,0.0,213.8990459,6.384,2,125833
343760,36,2011-01-14,0,97.0,7939.23,42.87,2.971,0.0,0.0,0.0,0.0,0.0,210.2379731,8.395,3,39910
315727,33,2010-04-16,0,38.0,6990.12,72.44,3.109,0.0,0.0,0.0,0.0,0.0,126.5621,9.849,3,39690
236400,24,2012-05-25,0,85.0,1733.81,65.79,3.979,15776.58,0.0,624.13,3992.12,3763.4,138.1101935,8.983,3,203819
28480,3,2012-06-29,0,5.0,15920.6,86.42,3.286,2297.32,8.0,0.0,395.28,1182.52,225.3492435,6.664,2,37392
332142,35,2010-02-05,0,80.0,208.5,27.19,2.784,0.0,0.0,0.0,0.0,0.0,135.3524608,9.262,2,103681
231174,24,2010-12-31,1,67.0,8489.3,25.9,3.336,0.0,0.0,0.0,0.0,0.0,132.8150323,8.275,3,203819
369291,39,2011-12-16,0,55.0,31993.65,58.58,3.159,873.38,15.15,505.72,650.86,6904.19,217.8781339,7.716,3,184109
221645,23,2011-03-04,0,25.0,9848.02,20.67,3.437,0.0,0.0,0.0,0.0,0.0,133.6141429,5.114,2,114533
167993,18,2010-02-05,0,83.0,410.0,21.33,2.788,0.0,0.0,0.0,0.0,0.0,131.5279032,9.202,2,120653
415490,45,2010-08-13,0,79.0,16152.16,78.44,2.805,0.0,0.0,0.0,0.0,0.0,182.6226346,8.743,2,118221
123346,13,2011-06-17,0,99.0,50.0,63.35,3.704,0.0,0.0,0.0,0.0,0.0,129.0432,7.193,3,219622
294484,30,2012-09-07,1,7.0,255.09,88.4,3.73,223.74,0.0,124.14,33.14,1987.38,222.0747635,6.565,1,42988
29689,4,2010-02-05,0,31.0,3184.46,43.76,2.598,0.0,0.0,0.0,0.0,0.0,126.4420645,8.623,3,205863
212692,22,2011-06-10,0,18.0,-5.0,69.53,3.924,0.0,0.0,0.0,0.0,0.0,138.8606382,8.252,2,119557
236452,24,2012-06-01,0,96.0,20580.92,71.79,3.915,5320.71,42.2,204.43,883.54,2374.74,138.1138065,8.983,3,203819
142716,15,2011-03-18,0,31.0,2166.85,40.23,3.796,0.0,0.0,0.0,0.0,0.0,133.8492258,7.771,2,123737
91995,10,2011-03-04,0,59.0,670.28,56.96,3.674,0.0,0.0,0.0,0.0,0.0,128.26475,8.744,2,126512
189016,20,2010-05-07,0,95.0,172763.52,66.74,2.966,0.0,0.0,0.0,0.0,0.0,203.6101784,7.856,3,203742
406118,43,2012-09-21,0,3.0,1022.83,75.87,3.721,259.57,0.0,0.0,0.0,1792.73,214.1192333,9.285,1,41062
139348,15,2010-04-09,0,59.0,412.76,57.77,2.992,0.0,0.0,0.0,0.0,0.0,131.9408065,8.185,2,123737
263193,27,2011-07-22,0,67.0,8136.67,82.28,3.972,0.0,0.0,0.0,0.0,0.0,139.7969712,7.85,3,204184
354664,37,2012-08-31,0,79.0,6859.44,84.79,3.638,0.0,0.0,12.12,0.0,540.98,220.9853964,6.623,1,39910
237597,24,2012-09-21,0,22.0,13166.95,61.25,4.203,11768.07,1.91,56.98,873.12,6190.47,138.6534,8.953,3,203819
305351,32,2010-03-05,0,97.0,15786.57,37.72,2.62,0.0,0.0,0.0,0.0,0.0,189.6695049,9.014,3,203007
405755,43,2012-07-27,0,97.0,17137.37,82.01,3.407,22.35,0.0,1.19,0.0,1452.64,213.3303963,9.285,1,41062
42469,5,2010-11-12,0,96.0,4443.08,62.37,2.728,0.0,0.0,0.0,0.0,0.0,212.5604113,6.768,2,34875
223944,23,2011-10-21,0,55.0,12832.54,52.12,3.618,0.0,0.0,0.0,0.0,0.0,136.5017742,4.42,2,114533
157745,16,2012-09-28,0,54.0,28.92,51.4,3.789,2130.57,3.82,0.0,583.9,1409.43,198.5903276,6.061,2,57197
26903,3,2012-01-06,0,56.0,54.0,52.42,3.157,3824.22,9389.98,15.0,415.36,1476.85,223.1923049,6.833,2,37392
285038,29,2012-01-27,0,27.0,851.09,35.68,3.568,961.63,2011.62,0.73,117.38,1504.22,136.9598387,8.988,2,93638
147865,15,2012-08-17,0,81.0,4123.24,70.29,3.963,3690.95,10.66,0.3,788.18,1176.04,138.1857097,8.193,2,123737
15100,2,2011-05-20,0,6.0,4742.86,67.14,3.907,0.0,0.0,0.0,0.0,0.0,215.3834778,7.931,3,202307
266101,27,2012-04-27,0,27.0,1768.81,52.33,4.163,6408.19,901.65,58.56,51.97,2182.32,141.9596595,8.253,3,204184
384695,41,2010-09-10,1,23.0,15537.5,63.3,2.78,0.0,0.0,0.0,0.0,0.0,190.3958293,7.335,3,196321
372492,40,2010-02-05,0,31.0,1263.5,14.48,2.788,0.0,0.0,0.0,0.0,0.0,131.5279032,5.892,3,155083
127351,13,2012-07-06,0,4.0,52284.96,79.23,3.63,14357.07,337.7,89.85,8820.75,5507.25,130.7196333,5.765,3,219622
310931,32,2011-09-02,0,72.0,38996.71,74.6,3.511,0.0,0.0,0.0,0.0,0.0,194.5092113,8.622,3,203007
312282,32,2012-01-13,0,60.0,888.8,28.99,3.077,2682.32,14928.54,211.06,1049.44,3137.59,196.7330517,8.256,3,203007
270558,28,2010-10-08,0,52.0,2692.8,71.82,3.013,0.0,0.0,0.0,0.0,0.0,126.2791667,14.313,3,206302
388026,41,2011-08-05,0,22.0,12610.9,72.19,3.554,0.0,0.0,0.0,0.0,0.0,193.9110133,6.901,3,196321
99024,11,2010-04-23,0,81.0,13286.2,68.37,2.795,0.0,0.0,0.0,0.0,0.0,213.7221852,7.343,3,207499
218635,23,2010-05-07,0,41.0,2241.0,61.04,2.981,0.0,0.0,0.0,0.0,0.0,132.1062,5.435,2,114533
320213,33,2012-03-09,0,14.0,1195.54,62.2,3.963,128.45,3.68,0.99,0.0,1640.64,130.7413793,7.603,3,39690
418534,45,2011-06-24,0,42.0,4249.9,74.85,3.804,0.0,0.0,0.0,0.0,0.0,185.7919609,8.521,2,118221
277269,28,2012-08-03,0,94.0,42681.49,88.16,3.76,27801.87,28.5,76.11,8969.45,5970.49,130.737871,10.926,3,206302
82940,9,2011-04-29,0,30.0,1623.42,70.85,3.81,0.0,0.0,0.0,0.0,0.0,219.2588382,6.38,2,125833
409171,44,2011-02-25,0,81.0,6853.47,33.17,3.12,0.0,0.0,0.0,0.0,0.0,128.13,7.224,1,39910
420724,45,2012-02-10,1,92.0,59665.85,37.0,3.64,15760.3,6113.95,5.43,5656.35,4685.58,189.7076048,8.424,2,118221
359706,38,2011-10-21,0,25.0,27.8,73.05,3.842,0.0,0.0,0.0,0.0,0.0,129.7821613,12.89,1,39690
221499,23,2011-02-18,0,83.0,1808.02,26.6,3.263,0.0,0.0,0.0,0.0,0.0,133.3701429,5.114,2,114533
258551,27,2010-04-16,0,19.0,191.63,54.95,3.01,0.0,0.0,0.0,0.0,0.0,135.82725,8.058,3,204184
164432,17,2011-11-11,0,93.0,4724.33,27.61,3.513,3935.0,4172.99,225.67,2515.61,3009.79,129.8167097,6.617,2,93188
58349,6,2012-08-10,0,29.0,5772.81,87.04,3.494,5750.2,187.04,5.21,3920.14,7505.63,223.5699533,5.668,3,202505
27938,3,2012-04-27,0,11.0,12043.09,73.39,3.814,1178.7,0.0,2.95,36.5,351.97,225.1243526,6.664,2,37392
285129,29,2012-02-03,0,95.0,28924.85,40.58,3.633,23656.27,2347.13,110.26,11641.23,2548.96,137.0632581,8.988,2,93638
19352,2,2012-07-06,0,25.0,15180.28,84.2,3.227,12355.5,295.05,100.15,6720.4,5506.53,221.5215064,6.565,3,202307
236926,24,2012-07-20,0,83.0,4215.89,76.42,3.732,571.85,126.88,145.72,614.55,1867.65,138.2331935,8.953,3,203819
121959,13,2011-02-04,0,37.0,3327.67,23.35,2.974,0.0,0.0,0.0,0.0,0.0,127.7195806,7.47,3,219622
154779,16,2011-12-02,0,36.0,2165.49,27.83,3.378,516.47,61.0,944.52,9.0,7124.75,195.8223287,6.232,2,57197
238614,25,2010-04-02,0,91.0,6988.91,47.2,2.85,0.0,0.0,0.0,0.0,0.0,204.0252842,7.856,2,128107
337632,35,2011-09-09,1,87.0,9916.25,70.93,3.738,0.0,0.0,0.0,0.0,0.0,140.2310173,8.684,2,103681
329465,34,2012-02-17,0,44.0,4917.44,37.25,3.493,8386.11,4644.97,16.48,2748.66,6015.47,130.4546207,9.653,3,158114
180394,19,2010-10-08,0,82.0,22008.73,53.74,2.903,0.0,0.0,0.0,0.0,0.0,132.7516667,8.067,3,203819
1491,1,2010-06-25,0,23.0,27161.66,84.34,2.653,0.0,0.0,0.0,0.0,0.0,211.3386526,7.808,3,151315
413798,45,2010-02-19,0,19.0,1380.9,31.27,2.745,0.0,0.0,0.0,0.0,0.0,182.0347816,8.992,2,118221
239185,25,2010-05-28,0,27.0,1336.0,69.31,2.899,0.0,0.0,0.0,0.0,0.0,204.1406556,7.856,2,128107
178659,19,2010-04-16,0,42.0,7522.46,49.67,3.01,0.0,0.0,0.0,0.0,0.0,131.9809,8.185,3,203819
163306,17,2011-07-22,0,52.0,3456.41,69.82,3.563,0.0,0.0,0.0,0.0,0.0,129.1507742,6.745,2,93188
402890,43,2011-05-27,0,8.0,11735.54,80.89,3.786,0.0,0.0,0.0,0.0,0.0,207.3119816,10.581,1,41062
316479,33,2010-08-20,0,7.0,117.0,96.46,3.041,0.0,0.0,0.0,0.0,0.0,126.0766452,9.495,3,39690
248074,26,2010-02-19,0,35.0,1493.0,22.62,2.747,0.0,0.0,0.0,0.0,0.0,131.637,8.488,3,152513
254558,26,2011-12-16,0,93.0,25865.75,28.24,3.445,2698.03,0.0,494.72,533.84,2670.1,136.5335161,7.598,3,152513
21788,3,2010-06-18,0,17.0,2414.39,83.52,2.637,0.0,0.0,0.0,0.0,0.0,214.7858259,7.343,2,37392
44844,5,2011-08-05,0,47.0,50.0,91.07,3.684,0.0,0.0,0.0,0.0,0.0,216.1071198,6.529,2,34875
6079,1,2011-09-16,0,97.0,38823.04,79.94,3.526,0.0,0.0,0.0,0.0,0.0,216.0410526,7.962,3,151315
285484,29,2012-03-16,0,71.0,3158.25,46.06,3.867,4383.29,94.3,0.99,642.33,1575.61,137.5843871,8.988,2,93638
92507,10,2011-04-22,0,82.0,22788.4,75.93,3.917,0.0,0.0,0.0,0.0,0.0,128.9553,8.494,2,126512
51554,6,2010-10-15,0,56.0,3257.18,68.93,2.72,0.0,0.0,0.0,0.0,0.0,213.3337977,7.007,3,202505
335730,35,2011-02-18,0,6.0,6189.26,39.32,3.245,0.0,0.0,0.0,0.0,0.0,137.2511849,8.549,2,103681
372956,40,2010-03-19,0,83.0,3618.38,40.54,2.834,0.0,0.0,0.0,0.0,0.0,131.8242903,5.892,3,155083
88143,10,2010-02-26,0,45.0,62.73,52.77,2.825,0.0,0.0,0.0,0.0,0.0,126.5522857,9.765,2,126512
200992,21,2010-11-05,0,8.0,19125.69,58.71,2.689,0.0,0.0,0.0,0.0,0.0,211.6135053,8.163,2,140167
85544,9,2012-02-17,0,87.0,17497.45,43.81,3.51,4572.81,5448.91,6.0,945.06,7589.85,224.1588663,5.667,2,125833
406886,44,2010-04-09,0,28.0,52.64,38.97,2.877,0.0,0.0,0.0,0.0,0.0,126.6019032,7.972,1,39910
8683,1,2012-06-01,0,71.0,2286.73,77.95,3.501,6086.21,12.0,370.51,148.75,3690.85,221.7472139,7.143,3,151315
251026,26,2010-12-24,0,45.0,24.96,21.81,3.15,0.0,0.0,0.0,0.0,0.0,132.7477419,8.149,3,152513
157876,16,2012-10-12,0,48.0,813.0,43.26,3.76,522.32,0.0,11.09,40.2,5247.6,199.0539368,5.847,2,57197
369332,39,2011-12-16,0,13.0,55018.22,58.58,3.159,873.38,15.15,505.72,650.86,6904.19,217.8781339,7.716,3,184109
420006,45,2011-11-25,1,20.0,5646.98,48.71,3.492,140.87,384.82,26961.99,28.59,1110.12,188.3504,8.523,2,118221
141333,15,2010-10-29,0,87.0,7311.2,55.09,3.055,0.0,0.0,0.0,0.0,0.0,132.8708387,8.067,2,123737
309543,32,2011-04-15,0,4.0,27321.1,45.97,3.611,0.0,0.0,0.0,0.0,0.0,192.4225954,8.595,3,203007
12100,2,2010-07-30,0,72.0,65792.29,83.49,2.64,0.0,0.0,0.0,0.0,0.0,211.0264684,8.099,3,202307
351385,37,2011-06-17,0,13.0,15872.67,84.43,3.637,0.0,0.0,0.0,0.0,0.0,213.7481256,8.3,1,39910
72251,8,2010-12-24,0,56.0,904.37,45.67,2.886,0.0,0.0,0.0,0.0,0.0,214.7479069,6.433,3,155078
301556,31,2011-11-25,1,7.0,54597.43,56.43,3.236,403.7,92.35,40307.29,95.5,492.36,218.1130269,7.441,3,203750
100045,11,2010-07-30,0,95.0,73178.85,83.26,2.64,0.0,0.0,0.0,0.0,0.0,214.695346,7.346,3,207499
178045,19,2010-02-19,0,95.0,94343.27,28.57,2.909,0.0,0.0,0.0,0.0,0.0,131.637,8.35,3,203819
311905,32,2011-12-02,0,72.0,45575.94,33.8,3.378,5261.51,65.0,1075.86,4742.55,25961.21,195.8223287,8.513,3,203007
67524,7,2012-06-01,0,33.0,1785.72,55.06,3.764,2427.12,0.0,98.67,1349.72,2112.74,197.6218954,8.09,2,70713
245934,25,2012-04-20,0,72.0,37494.63,57.1,4.027,4862.43,2190.68,9.16,787.22,2870.05,214.3675045,7.139,2,128107
252428,26,2011-05-13,0,16.0,36550.34,48.2,4.095,0.0,0.0,0.0,0.0,0.0,134.593,7.818,3,152513
9908,1,2012-09-28,0,60.0,864.0,76.08,3.666,3666.27,7.64,1.65,1417.96,4744.28,222.9816579,6.908,3,151315
379427,40,2011-12-30,1,16.0,4367.59,18.75,3.402,3392.38,25557.03,205.29,421.72,2439.13,136.6432581,4.42,3,155083
74739,8,2011-09-02,0,1.0,11143.04,84.77,3.533,0.0,0.0,0.0,0.0,0.0,219.1970226,6.425,3,155078
246524,25,2012-06-15,0,50.0,1727.0,68.34,3.62,5987.75,147.2,100.04,1735.9,3500.18,214.5653243,7.139,2,128107
76441,8,2012-02-17,0,41.0,563.91,37.51,3.51,4376.58,10723.12,10.5,1546.82,4117.02,223.9658621,5.825,3,155078
200906,21,2010-10-29,0,82.0,14297.19,67.51,2.716,0.0,0.0,0.0,0.0,0.0,211.5661131,8.163,2,140167
18458,2,2012-04-13,0,91.0,80858.88,68.08,3.891,8994.04,6573.08,20.21,4162.2,1966.38,221.1484028,6.891,3,202307
229429,24,2010-07-16,0,40.0,45992.17,76.56,2.933,0.0,0.0,0.0,0.0,0.0,132.5667742,8.117,3,203819
86434,9,2012-05-25,0,71.0,1671.64,79.69,3.561,1574.27,0.0,361.83,81.12,5286.38,225.4944288,5.539,2,125833
10814,2,2010-03-26,0,98.0,14165.73,51.26,2.732,0.0,0.0,0.0,0.0,0.0,210.6766095,8.324,3,202307
385765,41,2010-12-24,0,36.0,2989.0,29.81,2.781,0.0,0.0,0.0,0.0,0.0,191.1430189,7.508,3,196321
211101,22,2010-12-24,0,6.0,34228.77,29.76,3.15,0.0,0.0,0.0,0.0,0.0,136.597273,8.572,2,119557
67690,7,2012-06-15,0,4.0,15967.05,59.33,3.723,16717.38,119.4,0.65,677.29,1144.07,197.692292,8.09,2,70713
212941,22,2011-07-01,0,31.0,2257.27,70.8,3.815,0.0,0.0,0.0,0.0,0.0,139.36375,8.023,2,119557
91819,10,2011-02-18,0,33.0,15038.98,61.77,3.43,0.0,0.0,0.0,0.0,0.0,127.99525,8.744,2,126512
391618,41,2012-07-27,0,29.0,4926.06,73.31,3.57,4473.9,125.46,2.53,6596.96,3228.27,197.9792136,6.432,3,196321
330187,34,2012-04-27,0,1.0,15833.49,66.49,3.81,5573.52,886.23,8.87,338.1,2014.84,131.1266667,9.575,3,158114
279757,29,2010-07-16,0,59.0,216.74,76.3,2.796,0.0,0.0,0.0,0.0,0.0,132.5667742,10.409,2,93638
156158,16,2012-04-20,0,1.0,7778.74,43.61,3.936,2479.18,582.08,22.92,558.25,1659.22,197.7227385,6.169,2,57197
415289,45,2010-07-23,0,51.0,2.16,81.46,2.771,0.0,0.0,0.0,0.0,0.0,182.3509895,8.743,2,118221
238902,25,2010-04-30,0,1.0,14100.81,50.97,2.921,0.0,0.0,0.0,0.0,0.0,203.6503685,7.856,2,128107
244914,25,2012-01-06,0,71.0,3377.35,30.23,3.422,8642.2,26833.97,25.94,1092.98,3714.33,212.5711125,6.961,2,128107
98448,11,2010-02-26,0,30.0,8007.82,52.79,2.561,0.0,0.0,0.0,0.0,0.0,214.6475127,7.368,3,207499
79664,9,2010-04-23,0,23.0,8617.3,61.26,2.795,0.0,0.0,0.0,0.0,0.0,213.9496138,6.384,2,125833
160288,17,2010-09-17,0,22.0,7349.08,58.53,2.875,0.0,0.0,0.0,0.0,0.0,126.1454667,6.697,2,93188
60004,7,2010-04-16,0,91.0,3344.63,41.89,2.765,0.0,0.0,0.0,0.0,0.0,189.6628845,8.963,2,70713
320734,33,2012-05-25,0,16.0,409.69,88.89,4.127,320.93,0.0,0.0,0.0,4038.58,131.0287742,7.396,3,39690
378068,40,2011-08-19,0,74.0,12291.82,64.05,3.82,0.0,0.0,0.0,0.0,0.0,136.183129,4.584,3,155083
364363,39,2010-08-06,0,94.0,60646.56,84.92,2.627,0.0,0.0,0.0,0.0,0.0,210.2614925,8.36,3,184109
4102,1,2011-03-11,0,85.0,3103.3,53.56,3.459,0.0,0.0,0.0,0.0,0.0,214.1110564,7.742,3,151315
46078,5,2011-12-16,0,20.0,1161.39,54.42,3.159,802.42,0.0,78.77,319.84,1940.54,219.7596266,6.3,2,34875
349860,37,2010-11-12,0,80.0,10438.8,61.97,2.728,0.0,0.0,0.0,0.0,0.0,210.7667944,8.476,1,39910
36371,4,2011-11-18,0,30.0,6217.66,50.44,3.294,4539.94,840.56,372.9,613.96,5358.13,129.8268333,5.143,3,205863
421684,45,2012-05-18,0,9.0,18890.6,66.3,3.848,6813.74,0.0,13.86,936.49,2941.55,190.9964479,8.567,2,118221
266690,27,2012-06-22,0,40.0,69176.49,73.23,3.722,9510.17,821.5,7.98,3928.13,6054.38,142.1606464,8.253,3,204184
33545,4,2011-02-18,0,33.0,11810.98,48.17,3.058,0.0,0.0,0.0,0.0,0.0,127.99525,6.51,3,205863
119609,13,2010-06-25,0,33.0,9534.85,71.83,2.82,0.0,0.0,0.0,0.0,0.0,126.1266,8.107,3,219622
84440,9,2011-10-21,0,72.0,44498.95,65.46,3.353,0.0,0.0,0.0,0.0,0.0,221.1498206,6.054,2,125833
249998,26,2010-09-03,0,38.0,113103.49,66.93,2.735,0.0,0.0,0.0,0.0,0.0,132.7248387,8.445,3,152513
251676,26,2011-02-25,0,33.0,2175.1,16.3,3.281,0.0,0.0,0.0,0.0,0.0,133.4921429,7.907,3,152513
395910,42,2011-06-03,0,17.0,376.1,81.87,3.893,0.0,0.0,0.0,0.0,0.0,129.0490323,8.494,1,39690
17232,2,2011-12-16,0,45.0,23.94,50.13,3.159,4908.83,61.03,341.49,469.8,4744.27,218.8217928,7.441,3,202307
82375,9,2011-02-25,0,91.0,639.04,59.01,3.065,0.0,0.0,0.0,0.0,0.0,217.1095679,6.416,2,125833
56514,6,2012-02-10,1,71.0,8332.75,48.58,3.409,12635.19,5694.76,68.45,8976.17,6779.43,221.8644987,6.132,3,202505
93824,10,2011-09-02,0,74.0,40835.23,91.61,3.798,0.0,0.0,0.0,0.0,0.0,129.3259355,8.257,2,126512
410007,44,2011-06-24,0,56.0,1466.01,66.38,3.668,0.0,0.0,0.0,0.0,0.0,129.0663,6.906,1,39910
385234,41,2010-10-29,0,8.0,31759.04,42.16,2.748,0.0,0.0,0.0,0.0,0.0,190.951728,7.508,3,196321
151265,16,2010-11-19,0,26.0,2381.58,27.26,2.758,0.0,0.0,0.0,0.0,0.0,191.0312172,6.986,2,57197
78462,8,2012-09-14,0,79.0,20448.25,67.21,3.717,4678.98,0.0,12.29,1130.96,5427.34,226.1615981,5.401,3,155078
199184,21,2010-04-30,0,67.0,4775.73,66.93,2.78,0.0,0.0,0.0,0.0,0.0,210.0505833,8.2,2,140167
257890,27,2010-02-12,1,40.0,65229.16,29.81,2.94,0.0,0.0,0.0,0.0,0.0,135.4113076,8.237,3,204184
99057,11,2010-04-23,0,92.0,70975.27,68.37,2.795,0.0,0.0,0.0,0.0,0.0,213.7221852,7.343,3,207499
260323,27,2010-10-08,0,35.0,3376.5,57.78,2.903,0.0,0.0,0.0,0.0,0.0,136.6277321,8.021,3,204184
55333,6,2011-10-21,0,28.0,653.53,68.53,3.353,0.0,0.0,0.0,0.0,0.0,219.0740167,6.551,3,202505
348053,37,2010-02-19,0,9.0,136.76,45.66,2.514,0.0,0.0,0.0,0.0,0.0,210.0451024,8.554,1,39910
150497,16,2010-08-27,0,82.0,10583.27,65.66,2.731,0.0,0.0,0.0,0.0,0.0,190.3284922,6.868,2,57197
337071,35,2011-07-15,0,81.0,6244.59,77.83,3.76,0.0,0.0,0.0,0.0,0.0,139.7006325,8.684,2,103681
344188,36,2011-03-25,0,21.0,317.85,71.07,3.488,0.0,0.0,0.0,0.0,0.0,213.3436744,8.395,3,39910
79981,9,2010-05-28,0,3.0,4258.88,77.12,2.759,0.0,0.0,0.0,0.0,0.0,214.4328505,6.384,2,125833
272509,28,2011-04-22,0,3.0,8095.03,72.12,4.134,0.0,0.0,0.0,0.0,0.0,128.9553,13.736,3,206302
412271,44,2012-05-04,0,72.0,133.9,54.41,3.831,513.1,0.0,8.62,0.0,529.55,131.136,5.621,1,39910
67874,7,2012-07-06,0,97.0,6814.32,64.67,3.646,2779.97,326.2,5.07,2112.68,1548.33,197.8322195,7.872,2,70713
345299,36,2011-09-16,0,3.0,441.11,82.06,3.473,0.0,0.0,0.0,0.0,0.0,214.7934111,8.177,3,39910
344318,36,2011-04-15,0,94.0,54804.73,73.25,3.763,0.0,0.0,0.0,0.0,0.0,214.026217,8.3,3,39910
199382,21,2010-05-21,0,33.0,7551.25,74.24,2.826,0.0,0.0,0.0,0.0,0.0,210.2768443,8.2,2,140167
178634,19,2010-04-16,0,10.0,27669.09,49.67,3.01,0.0,0.0,0.0,0.0,0.0,131.9809,8.185,3,203819
306029,32,2010-05-07,0,67.0,22870.9,48.94,2.771,0.0,0.0,0.0,0.0,0.0,189.5312483,8.963,3,203007
57230,6,2012-04-20,0,78.0,7.0,68.64,3.877,2326.27,2591.86,14.79,81.42,3663.48,223.17092,5.964,3,202505
295781,31,2010-04-30,0,3.0,6749.97,66.93,2.78,0.0,0.0,0.0,0.0,0.0,210.0505833,8.2,3,203750
35860,4,2011-09-30,0,8.0,58750.26,72.15,3.371,0.0,0.0,0.0,0.0,0.0,129.6060667,5.644,3,205863
23990,3,2011-02-18,0,79.0,7554.23,61.58,3.045,0.0,0.0,0.0,0.0,0.0,216.5843571,7.551,2,37392
172547,18,2011-05-13,0,12.0,4652.9,58.48,4.095,0.0,0.0,0.0,0.0,0.0,134.593,8.975,2,120653
200173,21,2010-08-13,0,54.0,276.0,89.65,2.692,0.0,0.0,0.0,0.0,0.0,211.2951413,8.099,2,140167
237386,24,2012-08-31,0,23.0,26948.53,71.18,4.026,34000.98,79.5,69.24,8772.12,4937.68,138.3771935,8.953,3,203819
317385,33,2011-01-07,0,83.0,1913.5,46.25,3.287,0.0,0.0,0.0,0.0,0.0,127.1917742,8.951,3,39690
387159,41,2011-05-13,0,9.0,32602.05,50.29,3.767,0.0,0.0,0.0,0.0,0.0,192.826069,6.934,3,196321
227860,24,2010-02-12,1,83.0,6594.8,25.94,2.94,0.0,0.0,0.0,0.0,0.0,131.5866129,8.326,3,203819
238878,25,2010-04-30,0,28.0,737.91,50.97,2.921,0.0,0.0,0.0,0.0,0.0,203.6503685,7.856,2,128107
245566,25,2012-03-09,0,56.0,1376.93,37.44,3.848,11412.9,944.64,0.7,13264.83,3951.01,213.8711137,6.961,2,128107
360238,38,2012-01-06,0,59.0,476.91,50.43,3.599,9.61,2765.45,56.96,0.0,560.58,130.1575161,12.187,1,39690
394793,42,2010-12-17,0,10.0,383.63,59.15,3.125,0.0,0.0,0.0,0.0,0.0,126.8794839,9.003,1,39690
145012,15,2011-11-04,0,80.0,26.7,43.39,3.738,0.0,0.0,0.0,0.0,0.0,136.475129,7.866,2,123737
22486,3,2010-09-03,0,10.0,9126.59,84.16,2.577,0.0,0.0,0.0,0.0,0.0,214.8481685,7.346,2,37392
192321,20,2011-03-25,0,46.0,31536.8,44.83,3.625,0.0,0.0,0.0,0.0,0.0,207.6553444,7.343,3,203742
113061,12,2011-06-10,0,30.0,5968.99,78.72,3.981,0.0,0.0,0.0,0.0,0.0,129.0357097,13.736,2,112238
184195,19,2011-10-14,0,29.0,4700.05,61.86,3.744,0.0,0.0,0.0,0.0,0.0,136.5150968,7.866,3,203819
216264,22,2012-06-08,0,85.0,3225.0,61.71,3.746,18261.32,142.4,19.79,3041.13,4316.44,142.1158099,7.671,2,119557
171436,18,2011-01-21,0,31.0,2918.56,22.55,3.232,0.0,0.0,0.0,0.0,0.0,133.0285161,9.131,2,120653
241318,25,2010-12-31,1,79.0,7438.79,25.89,3.179,0.0,0.0,0.0,0.0,0.0,204.6432267,7.484,2,128107
422487,45,2012-08-10,0,1.0,10985.3,78.65,3.722,17868.84,50.6,57.66,2593.93,1890.59,191.1626135,8.684,2,118221
408694,44,2010-12-24,0,80.0,6026.34,34.9,2.846,0.0,0.0,0.0,0.0,0.0,126.9835806,7.61,1,39910
401838,43,2010-12-17,0,40.0,18281.8,56.51,2.869,0.0,0.0,0.0,0.0,0.0,203.3996521,10.21,1,41062
271092,28,2010-12-03,0,85.0,1859.45,43.33,3.041,0.0,0.0,0.0,0.0,0.0,126.7313333,14.313,3,206302
154880,16,2011-12-09,0,83.0,342.78,14.44,3.331,2229.52,28.0,73.7,1696.73,6465.69,195.8742575,6.232,2,57197
268368,28,2010-03-05,0,16.0,8151.09,53.77,2.987,0.0,0.0,0.0,0.0,0.0,126.5782857,13.975,3,206302
351235,37,2011-05-27,0,97.0,14794.08,81.28,3.786,0.0,0.0,0.0,0.0,0.0,214.2408462,8.3,1,39910
66605,7,2012-03-02,0,21.0,1798.78,21.64,3.191,41848.34,2326.08,139.2,15505.0,1348.86,196.9565303,8.256,2,70713
127889,13,2012-08-24,0,21.0,8010.88,77.37,3.582,9360.8,71.92,179.51,8290.49,6291.99,130.8381613,5.765,3,219622
122606,13,2011-04-08,0,56.0,6295.41,42.75,3.547,0.0,0.0,0.0,0.0,0.0,128.8238065,7.193,3,219622
97038,10,2012-07-06,0,55.0,12010.55,86.87,3.666,12644.88,11.2,4.12,5763.56,4746.94,130.7196333,7.17,2,126512
60518,7,2010-06-11,0,21.0,1150.1,63.59,2.684,0.0,0.0,0.0,0.0,0.0,189.4000734,8.963,2,70713
391981,41,2012-08-31,0,48.0,2885.0,71.56,3.556,17423.04,14.94,58.91,4700.3,6180.92,198.0967341,6.432,3,196321
148916,16,2010-03-05,0,8.0,16370.12,27.92,2.62,0.0,0.0,0.0,0.0,0.0,189.6695049,7.039,2,57197
408515,44,2010-11-26,1,97.0,5940.79,28.22,2.83,0.0,0.0,0.0,0.0,0.0,126.6692667,7.61,1,39910
57115,6,2012-04-06,0,72.0,70421.94,71.6,3.891,9199.63,0.0,24.6,4044.88,4314.27,223.0419298,5.964,3,202505
195238,20,2012-01-06,0,13.0,61544.83,33.42,3.422,9273.46,45971.43,207.6,1365.38,5460.86,212.5711125,6.961,3,203742
183428,19,2011-08-05,0,96.0,18454.58,73.84,4.02,0.0,0.0,0.0,0.0,0.0,136.0540323,7.806,3,203819
338647,35,2011-12-23,0,80.0,378.56,41.59,3.389,318.61,22.4,1429.48,20.98,4140.36,140.528765,8.745,2,103681
9485,1,2012-08-17,0,26.0,4924.3,84.85,3.571,3662.06,137.86,4.84,2752.2,3446.15,222.0384109,6.908,3,151315
291361,30,2011-07-01,0,96.0,20917.55,87.57,3.524,0.0,0.0,0.0,0.0,0.0,214.8368678,7.852,1,42988
366898,39,2011-04-15,0,12.0,4061.43,73.19,3.743,0.0,0.0,0.0,0.0,0.0,214.026217,8.3,3,184109
205796,21,2012-03-23,0,23.0,35498.2,62.96,3.787,4713.76,155.09,2.38,534.23,4878.22,220.9244858,7.057,2,140167
89712,10,2010-07-30,0,96.0,9326.23,85.03,3.017,0.0,0.0,0.0,0.0,0.0,126.1069032,9.199,2,126512
50078,6,2010-05-21,0,28.0,541.32,74.8,2.826,0.0,0.0,0.0,0.0,0.0,212.1275324,7.092,3,202505
199892,21,2010-07-16,0,41.0,1146.99,85.61,2.623,0.0,0.0,0.0,0.0,0.0,210.7577954,8.099,2,140167
173970,18,2011-10-07,0,25.0,14289.93,54.65,3.633,0.0,0.0,0.0,0.0,0.0,136.472,8.471,2,120653
22886,3,2010-10-15,0,28.0,238.0,69.71,2.72,0.0,0.0,0.0,0.0,0.0,215.1293114,7.564,2,37392
319607,33,2011-12-09,0,80.0,8973.22,47.7,3.644,9.88,0.0,6.93,0.0,1580.88,129.8555333,8.01,3,39690
309498,32,2011-04-15,0,14.0,14719.96,45.97,3.611,0.0,0.0,0.0,0.0,0.0,192.4225954,8.595,3,203007
217600,22,2012-10-26,0,12.0,3306.16,57.58,3.917,7330.98,111.86,152.91,536.08,708.93,142.7624113,7.543,2,119557
405338,43,2012-05-25,0,74.0,956.88,82.41,3.561,566.81,0.0,1.1,0.0,875.91,213.1736682,9.575,1,41062
197445,20,2012-08-10,0,7.0,32436.3,75.4,3.722,16845.14,156.18,12.47,6921.28,6346.44,214.7484595,7.28,3,203742
253967,26,2011-10-14,0,12.0,5622.41,53.91,3.583,0.0,0.0,0.0,0.0,0.0,136.5150968,7.598,3,152513
232865,24,2011-06-17,0,2.0,40285.43,64.34,3.989,0.0,0.0,0.0,0.0,0.0,135.0837333,8.212,3,203819
144199,15,2011-08-19,0,9.0,22775.15,70.41,3.942,0.0,0.0,0.0,0.0,0.0,136.183129,7.806,2,123737
336829,35,2011-06-17,0,11.0,15209.31,67.03,3.842,0.0,0.0,0.0,0.0,0.0,139.0028333,8.512,2,103681
175037,18,2012-01-20,0,42.0,5128.61,24.2,3.542,4209.35,5114.77,3.66,414.31,965.11,136.8564194,8.075,2,120653
96986,10,2012-07-06,0,93.0,1549.38,86.87,3.666,12644.88,11.2,4.12,5763.56,4746.94,130.7196333,7.17,2,126512
126593,13,2012-04-27,0,8.0,33271.86,64.8,3.842,4626.7,0.11,67.16,104.18,3280.73,131.1266667,5.965,3,219622
177672,18,2012-10-12,0,96.0,-0.95,50.97,4.029,2241.19,0.0,30.08,901.32,3592.56,138.9117,8.243,2,120653
102463,11,2011-04-01,0,33.0,6127.74,69.1,3.524,0.0,0.0,0.0,0.0,0.0,218.2114184,7.574,3,207499
314051,32,2012-07-06,0,45.0,17.91,78.68,3.646,6157.85,472.3,28.64,3908.86,6007.28,197.8322195,7.872,3,203007
382201,40,2012-09-28,0,36.0,866.35,50.98,4.018,3579.04,0.0,0.0,709.97,4706.12,138.7395,4.156,3,155083
257905,27,2010-02-12,1,35.0,2594.0,29.81,2.94,0.0,0.0,0.0,0.0,0.0,135.4113076,8.237,3,204184
146372,15,2012-03-23,0,71.0,4419.65,58.92,4.054,7318.86,118.73,0.5,3744.04,1224.93,137.6552903,7.943,2,123737
17429,2,2011-12-30,1,91.0,58947.97,44.57,3.129,8321.44,92523.94,139.53,1515.4,3027.69,219.1773063,7.441,3,202307
49889,6,2010-04-30,0,2.0,48575.8,68.91,2.78,0.0,0.0,0.0,0.0,0.0,211.8942725,7.092,3,202505
76918,8,2012-04-06,0,79.0,26535.29,62.18,3.891,6821.13,0.0,27.04,2101.86,3627.77,224.9883618,5.679,3,155078
120562,13,2010-09-24,0,22.0,14661.99,68.22,2.872,0.0,0.0,0.0,0.0,0.0,126.1900333,7.951,3,219622
281209,29,2010-12-17,0,36.0,1595.0,30.46,3.139,0.0,0.0,0.0,0.0,0.0,132.6804516,10.524,2,93638
5779,1,2011-08-19,0,29.0,4158.06,89.94,3.554,0.0,0.0,0.0,0.0,0.0,215.6693107,7.962,3,151315
415982,45,2010-10-01,0,85.0,2127.24,70.58,2.707,0.0,0.0,0.0,0.0,0.0,182.7168385,8.724,2,118221
195434,20,2012-01-27,0,71.0,6794.49,37.19,3.567,1023.6,3044.15,106.08,52.87,2447.73,212.9286312,6.961,3,203742
398873,42,2012-07-20,0,38.0,35214.66,84.45,3.589,200.92,0.0,4.48,0.0,1026.11,130.7012903,7.17,1,39690
48873,5,2012-10-19,0,71.0,252.25,69.17,3.594,908.91,0.0,0.0,0.0,709.95,224.0192873,5.422,2,34875
100489,11,2010-09-17,0,58.0,4580.0,83.04,2.582,0.0,0.0,0.0,0.0,0.0,214.8322484,7.346,3,207499
201986,21,2011-02-18,0,20.0,5492.09,59.87,3.045,0.0,0.0,0.0,0.0,0.0,212.9033115,8.028,2,140167
353501,37,2012-03-30,0,18.0,791.35,70.48,3.845,41.95,0.5,0.0,0.0,619.87,220.0454862,7.244,1,39910
324760,34,2010-11-12,0,98.0,8041.25,47.2,2.741,0.0,0.0,0.0,0.0,0.0,126.5461613,10.21,3,158114
370627,39,2012-04-27,0,81.0,20495.82,69.11,3.814,5821.79,0.0,-0.2,164.58,8663.37,220.3014485,6.989,3,184109
34031,4,2011-04-08,0,92.0,161295.36,62.61,3.605,0.0,0.0,0.0,0.0,0.0,128.8238065,5.946,3,205863
208209,22,2010-02-26,0,25.0,6153.25,35.98,2.753,0.0,0.0,0.0,0.0,0.0,135.5195191,8.283,2,119557
49017,6,2010-02-05,0,10.0,43843.57,40.43,2.572,0.0,0.0,0.0,0.0,0.0,212.6223518,7.259,3,202505
88715,10,2010-04-23,0,18.0,379.25,66.42,3.05,0.0,0.0,0.0,0.0,0.0,126.4713333,9.524,2,126512
294025,30,2012-07-06,0,17.0,2.34,85.26,3.227,799.32,0.0,2.35,2.96,2510.56,221.5215064,6.565,1,42988
205831,21,2012-03-30,0,67.0,3967.6,67.87,3.845,12592.65,180.02,0.0,1101.6,11593.14,220.9991248,7.057,2,140167
312098,32,2011-12-23,0,91.0,54681.21,25.97,3.173,1211.62,10.3,1255.26,33.0,4932.34,196.1713893,8.513,3,203007
155652,16,2012-02-24,0,1.0,9647.56,26.21,3.129,12120.37,2778.82,0.0,1634.92,4210.7,196.9499007,6.162,2,57197
327105,34,2011-07-01,0,48.0,-465.0,81.96,3.504,0.0,0.0,0.0,0.0,0.0,129.0894,10.641,3,158114
83451,9,2011-07-01,0,82.0,9770.37,89.14,3.524,0.0,0.0,0.0,0.0,0.0,218.7796415,6.404,2,125833
380587,40,2012-04-20,0,24.0,1925.33,55.3,4.046,3255.99,1157.63,25.59,340.56,3376.98,137.9230667,4.125,3,155083
118941,13,2010-04-23,0,95.0,138391.91,55.66,2.936,0.0,0.0,0.0,0.0,0.0,126.4713333,8.107,3,219622
43805,5,2011-04-08,0,56.0,3886.22,69.64,3.622,0.0,0.0,0.0,0.0,0.0,215.6407939,6.489,2,34875
203537,21,2011-08-05,0,10.0,20605.28,94.22,3.684,0.0,0.0,0.0,0.0,0.0,215.1978515,7.852,2,140167
277989,28,2012-10-12,0,3.0,8443.58,71.74,4.468,1546.44,0.0,13.36,1057.73,6560.97,131.1083333,10.199,3,206302
361933,38,2012-08-17,0,31.0,83.0,94.87,4.002,244.09,0.0,5.14,11.22,2519.9,130.7909677,10.926,1,39690
176816,18,2012-07-20,0,94.0,8470.69,77.43,3.61,2316.87,161.52,27.08,525.04,887.18,138.2331935,8.535,2,120653
265871,27,2012-04-06,0,56.0,10802.71,48.73,4.143,10800.82,0.0,101.35,3079.87,5692.72,141.7712396,8.253,3,204184
50689,6,2010-07-16,0,42.0,8645.92,83.75,2.623,0.0,0.0,0.0,0.0,0.0,212.6212163,6.973,3,202505
395979,42,2011-06-10,0,60.0,264.0,84.57,3.981,0.0,0.0,0.0,0.0,0.0,129.0357097,8.494,1,39690
325317,34,2011-01-07,0,17.0,6646.24,24.5,2.98,0.0,0.0,0.0,0.0,0.0,127.1917742,10.398,3,158114
73638,8,2011-05-13,0,26.0,5234.67,72.96,3.899,0.0,0.0,0.0,0.0,0.0,219.4159857,6.297,3,155078
275140,28,2012-01-06,0,29.0,5904.18,50.43,3.599,5155.86,19549.51,218.29,636.73,5218.5,130.1575161,12.187,3,206302
323817,34,2010-08-13,0,17.0,5560.98,76.72,2.698,0.0,0.0,0.0,0.0,0.0,126.064,9.816,3,158114
377404,40,2011-06-10,0,95.0,73350.94,64.19,3.924,0.0,0.0,0.0,0.0,0.0,134.9425484,4.781,3,155083
356600,38,2010-08-20,0,3.0,236.38,92.81,3.041,0.0,0.0,0.0,0.0,0.0,126.0766452,14.18,1,39690
198721,21,2010-03-12,0,18.0,843.6,57.1,2.667,0.0,0.0,0.0,0.0,0.0,211.037551,8.324,2,140167
334707,35,2010-11-05,0,80.0,17.12,45.91,2.917,0.0,0.0,0.0,0.0,0.0,136.7862258,8.763,2,103681
88328,10,2010-03-19,0,97.0,5832.94,61.46,3.054,0.0,0.0,0.0,0.0,0.0,126.6066452,9.765,2,126512
202342,21,2011-03-25,0,36.0,1657.0,70.33,3.473,0.0,0.0,0.0,0.0,0.0,214.2521573,8.028,2,140167
74839,8,2011-09-09,1,35.0,1546.38,69.01,3.546,0.0,0.0,0.0,0.0,0.0,219.2604355,6.425,3,155078
133707,14,2011-06-24,0,11.0,23582.24,74.85,3.804,0.0,0.0,0.0,0.0,0.0,185.7919609,8.521,3,200898
333823,35,2010-08-06,0,21.0,5366.2,77.45,2.784,0.0,0.0,0.0,0.0,0.0,136.4741118,8.861,2,103681
88447,10,2010-03-26,0,35.0,6403.0,60.05,2.98,0.0,0.0,0.0,0.0,0.0,126.6050645,9.765,2,126512
173210,18,2011-07-22,0,1.0,14762.56,78.68,3.882,0.0,0.0,0.0,0.0,0.0,135.8738387,8.89,2,120653
299468,31,2011-04-29,0,36.0,1338.0,70.19,3.81,0.0,0.0,0.0,0.0,0.0,215.2772683,7.931,3,203750
47319,5,2012-04-27,0,5.0,4570.65,68.96,3.814,1127.44,0.0,5.05,33.35,2598.67,222.2053519,5.801,2,34875
232020,24,2011-03-25,0,71.0,4018.39,36.88,3.789,0.0,0.0,0.0,0.0,0.0,133.9587419,8.252,3,203819
256427,26,2012-06-22,0,32.0,4805.56,63.04,3.629,5543.88,372.0,103.99,1901.89,6556.54,138.1629,7.489,3,152513
142552,15,2011-03-04,0,60.0,139.0,28.16,3.605,0.0,0.0,0.0,0.0,0.0,133.6141429,7.771,2,123737
243240,25,2011-07-22,0,23.0,15615.45,78.1,3.811,0.0,0.0,0.0,0.0,0.0,208.5937018,7.274,2,128107
2997,1,2010-11-19,0,29.0,5275.25,51.41,2.771,0.0,0.0,0.0,0.0,0.0,211.8896737,7.838,3,151315
238319,25,2010-03-05,0,58.0,1422.0,29.45,2.777,0.0,0.0,0.0,0.0,0.0,204.4940734,8.187,2,128107
119481,13,2010-06-11,0,31.0,3440.64,65.24,2.841,0.0,0.0,0.0,0.0,0.0,126.1119032,8.107,3,219622
87239,9,2012-08-24,0,60.0,117.0,77.9,3.62,1524.71,0.0,1.8,501.16,4241.59,225.9364729,5.277,2,125833
86934,9,2012-07-20,0,94.0,1.0,83.39,3.311,1107.97,0.5,5.85,862.28,1986.24,225.6871121,5.277,2,125833
255825,26,2012-04-20,0,23.0,11676.16,50.81,4.046,3275.87,865.21,36.58,154.69,3169.48,137.9230667,7.489,3,152513
265022,27,2012-01-13,0,49.0,11088.06,41.3,3.666,8081.05,16237.87,542.46,643.15,6238.31,140.7048214,8.009,3,204184
36960,4,2012-01-20,0,25.0,11023.44,42.09,3.273,2109.41,7040.02,44.16,918.36,1116.83,130.2792258,4.607,3,205863
351661,37,2011-07-22,0,74.0,977.33,83.31,3.651,0.0,0.0,0.0,0.0,0.0,214.1713416,8.177,1,39910
381821,40,2012-08-24,0,85.0,1543.79,63.91,3.874,6243.66,18.3,48.06,2649.7,6021.47,138.2814516,4.156,3,155083
210194,22,2010-09-17,0,20.0,6478.97,62.49,2.716,0.0,0.0,0.0,0.0,0.0,136.6338071,8.433,2,119557
107387,11,2012-08-03,0,85.0,1328.55,86.94,3.417,21974.47,173.58,25.5,22778.65,6172.69,225.4636332,6.334,3,207499
286373,29,2012-06-15,0,21.0,3998.67,66.56,3.683,3861.04,306.6,7.02,89.54,1180.28,138.1295333,9.14,2,93638
3731,1,2011-02-04,0,97.0,37785.87,42.27,2.989,0.0,0.0,0.0,0.0,0.0,212.5668812,7.742,3,151315
96654,10,2012-06-01,0,49.0,15230.47,80.06,4.277,11614.41,0.0,172.39,2945.55,1528.02,130.9592258,7.382,2,126512
340291,35,2012-06-15,0,12.0,1636.08,69.52,3.62,4983.83,6.8,1.04,2545.67,1991.41,142.1292548,8.876,2,103681
64418,7,2011-07-22,0,52.0,1059.79,56.22,3.545,0.0,0.0,0.0,0.0,0.0,193.5120367,8.622,2,70713
99159,11,2010-05-07,0,28.0,984.17,75.57,2.835,0.0,0.0,0.0,0.0,0.0,213.6211778,7.343,3,207499
266848,27,2012-07-06,0,56.0,5643.49,82.08,3.646,12579.0,303.6,217.95,8280.23,7999.22,142.2234298,8.239,3,204184
279956,29,2010-08-06,0,35.0,1467.0,74.37,2.792,0.0,0.0,0.0,0.0,0.0,132.6141935,10.409,2,93638
73671,8,2011-05-13,0,59.0,258.62,72.96,3.899,0.0,0.0,0.0,0.0,0.0,219.4159857,6.297,3,155078
221059,23,2011-01-07,0,52.0,2961.65,27.81,3.193,0.0,0.0,0.0,0.0,0.0,132.8823226,5.114,2,114533
25757,3,2011-09-02,0,34.0,3872.01,89.12,3.533,0.0,0.0,0.0,0.0,0.0,219.1501106,7.567,2,37392
362652,39,2010-02-12,1,9.0,12093.32,44.58,2.548,0.0,0.0,0.0,0.0,0.0,209.9970208,8.554,3,184109
371104,39,2012-06-15,0,85.0,2083.04,81.33,3.393,8270.46,76.4,0.06,3324.17,25107.85,220.4494148,6.989,3,184109
26326,3,2011-11-04,0,46.0,6370.27,59.31,3.332,0.0,0.0,0.0,0.0,0.0,221.245968,7.197,2,37392
402086,43,2011-01-28,0,46.0,7249.24,44.98,3.01,0.0,0.0,0.0,0.0,0.0,204.1789677,10.398,1,41062
264287,27,2011-11-04,0,42.0,9081.71,44.46,3.738,0.0,0.0,0.0,0.0,0.0,140.4279758,7.906,3,204184
388266,41,2011-09-02,0,22.0,9135.13,70.37,3.511,0.0,0.0,0.0,0.0,0.0,194.5092113,6.901,3,196321
234310,24,2011-11-04,0,1.0,30456.16,39.87,3.738,0.0,0.0,0.0,0.0,0.0,136.475129,8.454,3,203819
95827,10,2012-03-09,0,2.0,113949.26,57.65,3.963,11265.62,7.9,14.95,919.45,2473.83,130.7413793,7.545,2,126512
400056,43,2010-04-02,0,97.0,17985.79,62.19,2.719,0.0,0.0,0.0,0.0,0.0,202.83803,9.593,1,41062
204690,21,2011-12-02,0,67.0,3946.75,48.72,3.172,3389.1,43.0,1258.32,325.35,8623.67,218.3590319,7.441,2,140167
97237,10,2012-07-27,0,79.0,36497.44,83.98,3.769,9511.34,0.0,8.87,16376.33,3062.22,130.7195806,7.17,2,126512
329810,34,2012-03-23,0,79.0,15805.2,47.93,3.759,3662.39,107.42,0.59,941.47,1934.93,130.8966452,9.653,3,158114
79993,9,2010-05-28,0,96.0,4189.43,77.12,2.759,0.0,0.0,0.0,0.0,0.0,214.4328505,6.384,2,125833
199960,21,2010-07-23,0,79.0,25574.94,87.17,2.608,0.0,0.0,0.0,0.0,0.0,210.8921319,8.099,2,140167
232204,24,2011-04-15,0,36.0,1689.0,52.36,3.981,0.0,0.0,0.0,0.0,0.0,134.2784667,8.212,3,203819
381922,40,2012-08-31,0,54.0,36.8,66.11,3.884,10904.29,38.81,23.95,2684.17,2912.76,138.3771935,4.156,3,155083
275445,28,2012-02-03,0,27.0,2055.63,50.58,3.702,44998.1,3682.17,182.6,39241.63,16008.79,130.3496774,12.187,3,206302
398241,42,2012-04-27,0,95.0,60944.78,80.11,4.088,685.44,0.0,12.09,0.0,512.76,131.1266667,7.382,1,39690
53435,6,2011-04-15,0,17.0,13757.16,73.17,3.743,0.0,0.0,0.0,0.0,0.0,216.8446627,6.855,3,202505
391955,41,2012-08-24,0,16.0,13801.1,69.07,3.558,6068.27,-20.0,85.74,3710.05,2287.85,198.0984199,6.432,3,196321
181065,19,2010-12-10,0,44.0,7652.95,25.12,3.255,0.0,0.0,0.0,0.0,0.0,132.6764,8.067,3,203819
57801,6,2012-06-15,0,28.0,319.65,82.1,3.393,7041.68,276.35,350.16,3373.11,5325.58,223.3680933,5.964,3,202505
283828,29,2011-09-23,0,14.0,8534.45,62.36,3.758,0.0,0.0,0.0,0.0,0.0,136.367,9.863,2,93638
156909,16,2012-07-06,0,40.0,35581.6,70.49,3.646,1559.36,68.8,13.1,420.62,6013.75,197.8322195,6.061,2,57197
192066,20,2011-03-04,0,67.0,14389.08,37.33,3.433,0.0,0.0,0.0,0.0,0.0,206.9153485,7.343,3,203742
219592,23,2010-08-13,0,83.0,289.46,67.43,2.81,0.0,0.0,0.0,0.0,0.0,132.63,5.326,2,114533
234698,24,2011-12-16,0,11.0,19502.68,36.0,3.611,6244.37,9.09,143.42,1766.33,5516.14,136.5335161,8.454,3,203819
285480,29,2012-03-16,0,17.0,8203.42,46.06,3.867,4383.29,94.3,0.99,642.33,1575.61,137.5843871,8.988,2,93638
136345,14,2012-03-16,0,82.0,29336.51,50.56,3.862,6021.47,280.43,5.5,1814.5,1581.84,190.4618964,8.424,3,200898
336618,35,2011-05-27,0,79.0,23457.75,66.43,3.985,0.0,0.0,0.0,0.0,0.0,138.6782834,8.512,2,103681
131311,14,2010-10-29,0,91.0,94540.56,61.3,2.921,0.0,0.0,0.0,0.0,0.0,182.9011166,8.724,3,200898
361450,38,2012-06-15,0,13.0,10548.18,85.94,4.144,635.42,0.0,0.13,0.0,1800.18,130.8295333,11.627,1,39690
181573,19,2011-01-28,0,55.0,10949.1,20.66,3.402,0.0,0.0,0.0,0.0,0.0,133.1059677,7.771,3,203819
250117,26,2010-09-17,0,12.0,5245.67,50.08,2.716,0.0,0.0,0.0,0.0,0.0,132.7670667,8.445,3,152513
65827,7,2011-12-09,0,91.0,13006.15,11.17,3.331,3393.21,0.0,94.93,589.44,3067.9,195.8742575,8.513,2,70713
225207,23,2012-02-17,0,72.0,91914.75,27.01,3.703,8924.48,10140.32,1.88,6699.65,2236.81,137.2583103,4.261,2,114533
321083,33,2012-07-13,0,95.0,32854.32,97.6,3.723,221.83,0.0,0.6,0.0,2405.4,130.683,7.147,3,39690
217175,22,2012-09-14,0,22.0,11638.21,66.42,3.988,7069.56,3.44,8.43,499.91,6011.9,142.5938833,7.753,2,119557
151691,16,2010-12-31,1,21.0,3648.65,19.66,2.829,0.0,0.0,0.0,0.0,0.0,191.2557002,6.986,2,57197
102859,11,2011-05-13,0,31.0,2274.62,80.93,3.899,0.0,0.0,0.0,0.0,0.0,219.3683556,7.574,3,207499
56648,6,2012-02-24,0,79.0,24413.42,59.17,3.555,9198.08,8878.31,10.6,642.13,5539.68,222.2392726,6.132,3,202505
198977,21,2010-04-09,0,25.0,21442.5,65.74,2.77,0.0,0.0,0.0,0.0,0.0,210.2831653,8.2,2,140167
353350,37,2012-03-09,0,2.0,17989.91,63.19,3.669,1024.83,2.0,10.7,0.0,2304.93,219.7437314,7.244,1,39910
116282,12,2012-05-04,0,21.0,4219.11,76.03,4.171,10073.64,0.0,76.29,1671.53,3721.62,131.136,11.627,2,112238
41599,5,2010-08-06,0,7.0,4844.54,86.1,2.627,0.0,0.0,0.0,0.0,0.0,212.0624447,6.496,2,34875
317223,33,2010-12-10,0,38.0,11614.83,60.72,3.091,0.0,0.0,0.0,0.0,0.0,126.7934,9.265,3,39690
9996,1,2012-10-05,0,30.0,2520.85,68.55,3.617,8077.89,0.0,18.22,3617.43,3626.14,223.1814772,6.573,3,151315
140904,15,2010-09-17,0,56.0,1761.36,57.94,2.846,0.0,0.0,0.0,0.0,0.0,132.7670667,8.099,2,123737
258359,27,2010-04-02,0,29.0,7093.5,46.9,2.957,0.0,0.0,0.0,0.0,0.0,135.7464988,8.058,3,204184
194832,20,2011-11-25,1,16.0,5091.3,46.38,3.492,335.66,80.0,101378.79,64.46,2251.98,211.4120757,7.082,3,203742
359927,38,2011-11-25,1,81.0,10148.95,53.25,3.622,17.17,0.0,5.26,0.0,615.68,129.8364,12.89,1,39690
271164,28,2010-12-10,0,30.0,2474.82,50.01,3.203,0.0,0.0,0.0,0.0,0.0,126.7934,14.313,3,206302
105626,11,2012-02-10,1,59.0,561.36,52.23,3.409,12424.72,4575.75,81.74,8932.68,6987.67,223.753643,6.833,3,207499
290167,30,2011-01-21,0,74.0,337.98,42.72,3.016,0.0,0.0,0.0,0.0,0.0,211.4864691,8.028,1,42988
416965,45,2011-01-14,0,95.0,52489.08,24.78,3.205,0.0,0.0,0.0,0.0,0.0,182.6585782,8.549,2,118221
243906,25,2011-09-23,0,18.0,3174.45,60.28,3.711,0.0,0.0,0.0,0.0,0.0,209.4986126,7.274,2,128107
202683,21,2011-05-06,0,25.0,19071.82,61.87,3.906,0.0,0.0,0.0,0.0,0.0,215.4448709,7.931,2,140167
126455,13,2012-04-13,0,48.0,147.0,51.7,3.833,7419.44,19610.52,54.65,3021.51,3374.9,131.108,5.965,3,219622
393922,42,2010-08-13,0,83.0,4990.12,88.37,3.049,0.0,0.0,0.0,0.0,0.0,126.064,9.199,1,39690
32330,4,2010-10-22,0,21.0,9287.01,64.17,2.736,0.0,0.0,0.0,0.0,0.0,126.3815484,7.127,3,205863
339035,35,2012-02-03,0,34.0,15764.64,42.52,3.617,62567.6,3718.52,41.68,40201.38,4130.12,141.0161924,8.744,2,103681
136009,14,2012-02-10,1,49.0,13591.99,37.0,3.64,17118.97,6533.16,285.82,11597.23,6174.43,189.7076048,8.424,3,200898
179464,19,2010-07-02,0,32.0,7427.66,66.25,2.958,0.0,0.0,0.0,0.0,0.0,132.5218667,8.099,3,203819
143693,15,2011-06-24,0,2.0,28301.57,69.96,3.964,0.0,0.0,0.0,0.0,0.0,135.2652667,7.658,2,123737
132993,14,2011-04-15,0,52.0,1846.91,53.69,3.821,0.0,0.0,0.0,0.0,0.0,185.5339821,8.521,3,200898
252834,26,2011-06-24,0,16.0,26279.75,56.94,3.851,0.0,0.0,0.0,0.0,0.0,135.2652667,7.818,3,152513
163895,17,2011-09-16,0,21.0,4360.24,61.48,3.641,0.0,0.0,0.0,0.0,0.0,129.4306,6.745,2,93188
203660,21,2011-08-12,0,38.0,36188.83,92.32,3.638,0.0,0.0,0.0,0.0,0.0,215.2593211,7.852,2,140167
223362,23,2011-08-26,0,90.0,23482.31,67.04,3.796,0.0,0.0,0.0,0.0,0.0,136.2136129,4.584,2,114533
286285,29,2012-06-08,0,5.0,8186.96,61.71,3.746,5777.3,117.2,23.9,440.62,3946.59,138.1174194,9.14,2,93638
254165,26,2011-11-04,0,50.0,777.0,31.7,3.586,0.0,0.0,0.0,0.0,0.0,136.475129,7.598,3,152513
39293,4,2012-08-31,0,37.0,2112.71,76.47,3.646,19617.58,1.02,68.29,7187.73,6428.12,130.8853548,4.077,3,205863
222531,23,2011-06-03,0,7.0,42619.47,67.21,3.973,0.0,0.0,0.0,0.0,0.0,134.8551613,4.781,2,114533
419328,45,2011-09-16,0,35.0,2732.46,69.17,3.742,0.0,0.0,0.0,0.0,0.0,186.8024,8.625,2,118221
152207,16,2011-02-25,0,3.0,5857.79,26.15,3.101,0.0,0.0,0.0,0.0,0.0,191.9647167,6.614,2,57197
165002,17,2012-01-06,0,87.0,16044.96,27.64,3.08,5185.45,12090.5,33.9,1490.06,4832.68,130.1575161,6.403,2,93188
364323,39,2010-07-30,0,31.0,4349.04,80.99,2.64,0.0,0.0,0.0,0.0,0.0,210.1286794,8.36,3,184109
93906,10,2011-09-09,1,85.0,2464.0,89.06,3.771,0.0,0.0,0.0,0.0,0.0,129.3686129,8.257,2,126512
61988,7,2010-11-12,0,55.0,13011.6,22.12,2.737,0.0,0.0,0.0,0.0,0.0,191.0411474,9.137,2,70713
117849,12,2012-10-12,0,93.0,583.17,71.74,4.468,1986.92,0.0,16.75,910.5,4225.2,131.1083333,10.199,2,112238
281033,29,2010-12-03,0,94.0,0.5,39.42,3.065,0.0,0.0,0.0,0.0,0.0,132.7566667,10.524,2,93638
363331,39,2010-04-23,0,85.0,1676.51,67.64,2.795,0.0,0.0,0.0,0.0,0.0,209.2199574,8.464,3,184109
419774,45,2011-11-04,0,3.0,6119.72,43.92,3.551,0.0,0.0,0.0,0.0,0.0,187.9703629,8.523,2,118221
352298,37,2011-10-14,0,56.0,58.33,74.16,3.274,0.0,0.0,0.0,0.0,0.0,216.0885258,7.716,1,39910
393872,42,2010-08-06,0,7.0,581.3,86.13,3.123,0.0,0.0,0.0,0.0,0.0,126.0854516,9.199,1,39690
264532,27,2011-11-25,1,36.0,4485.1,47.88,3.689,164.01,27.47,73934.06,24.22,540.56,140.4217857,7.906,3,204184
46122,5,2011-12-23,0,36.0,621.07,50.33,3.112,225.21,0.15,427.57,0.0,1443.04,219.9387246,6.3,2,34875
294265,30,2012-08-10,0,7.0,267.09,89.57,3.494,971.97,0.0,1.03,52.96,2168.04,221.5954138,6.565,1,42988
279099,29,2010-05-07,0,16.0,19134.34,63.81,2.981,0.0,0.0,0.0,0.0,0.0,132.1062,10.16,2,93638
132268,14,2011-02-04,0,3.0,15749.75,28.73,3.231,0.0,0.0,0.0,0.0,0.0,183.4408542,8.549,3,200898
234488,24,2011-11-25,1,7.0,79878.88,41.83,3.689,2571.98,66.94,64304.51,221.93,3661.62,136.4788,8.454,3,203819
382240,40,2012-10-05,0,28.0,347.72,57.21,4.027,4298.34,0.0,12.03,1754.05,2273.79,138.8256,4.145,3,155083
369504,39,2012-01-06,0,17.0,11949.1,55.83,3.157,4525.51,23319.85,120.18,117.6,9638.2,218.4062876,7.244,3,184109
299363,31,2011-04-22,0,58.0,1050.0,70.79,3.807,0.0,0.0,0.0,0.0,0.0,215.1096657,7.931,3,203750
391579,41,2012-07-20,0,44.0,4219.03,74.06,3.585,4142.86,102.5,23.84,1362.4,5518.54,197.9290378,6.432,3,196321
414402,45,2010-04-23,0,52.0,1940.58,53.47,2.902,0.0,0.0,0.0,0.0,0.0,181.6772564,8.899,2,118221
34672,4,2011-06-10,0,71.0,6256.22,80.05,3.64,0.0,0.0,0.0,0.0,0.0,129.0357097,5.946,3,205863
57636,6,2012-06-01,0,18.0,2.24,80.39,3.501,8267.68,16.0,441.83,1904.81,3517.55,223.3539397,5.964,3,202505
368564,39,2011-09-30,0,56.0,2338.04,81.51,3.355,0.0,0.0,0.0,0.0,0.0,215.4532259,8.177,3,184109
188168,20,2010-02-12,1,56.0,1531.4,22.12,2.773,0.0,0.0,0.0,0.0,0.0,204.3857472,8.187,3,203742
98235,11,2010-02-05,0,93.0,31781.73,46.04,2.572,0.0,0.0,0.0,0.0,0.0,214.4248812,7.368,3,207499
76483,8,2012-02-24,0,27.0,1208.22,46.33,3.555,9712.39,4960.15,1.0,2441.26,5314.33,224.1809207,5.825,3,155078
23118,3,2010-11-12,0,55.0,9448.2,62.79,2.728,0.0,0.0,0.0,0.0,0.0,215.3256258,7.564,2,37392
85134,9,2011-12-30,1,96.0,5014.43,43.41,3.129,2155.73,14481.63,44.07,237.84,3699.24,223.2496766,6.054,2,125833
33267,4,2011-01-21,0,97.0,40147.13,38.34,3.017,0.0,0.0,0.0,0.0,0.0,127.4404839,6.51,3,205863
380115,40,2012-03-09,0,18.0,470.75,30.58,3.876,12923.38,404.23,0.4,7062.19,3420.25,137.5066897,4.261,3,155083
349128,37,2010-07-30,0,16.0,2634.02,81.88,2.64,0.0,0.0,0.0,0.0,0.0,210.1286794,8.36,1,39910
298119,31,2010-12-17,0,90.0,83327.13,48.63,2.869,0.0,0.0,0.0,0.0,0.0,211.0645458,8.163,3,203750
24423,3,2011-04-08,0,26.0,2485.34,72.55,3.622,0.0,0.0,0.0,0.0,0.0,218.4553663,7.574,2,37392
295096,31,2010-02-26,0,71.0,10208.03,45.31,2.561,0.0,0.0,0.0,0.0,0.0,210.9759573,8.324,3,203750
215304,22,2012-03-02,0,59.0,291.5,37.47,3.827,28298.18,3333.76,89.58,25615.48,3141.76,141.3875357,7.503,2,119557
41357,5,2010-07-09,0,28.0,121.49,81.14,2.642,0.0,0.0,0.0,0.0,0.0,211.6642907,6.496,2,34875
225508,23,2012-03-23,0,44.0,5529.34,57.82,3.889,3502.06,72.5,6.97,276.39,1541.93,137.6552903,4.261,2,114533
313433,32,2012-05-04,0,48.0,8.0,58.29,3.903,11832.54,0.0,117.43,1881.84,4729.13,197.6063534,8.09,3,203007
2166,1,2010-09-03,0,51.0,22.24,81.21,2.577,0.0,0.0,0.0,0.0,0.0,211.5312479,7.787,3,151315
239370,25,2010-06-18,0,22.0,6232.87,69.56,2.78,0.0,0.0,0.0,0.0,0.0,204.670036,7.856,2,128107
77685,8,2012-06-22,0,35.0,2084.8,78.85,3.346,5146.44,124.95,2.97,1409.95,3956.16,225.3558843,5.679,3,155078
108980,12,2010-04-09,0,44.0,6359.26,59.25,3.09,0.0,0.0,0.0,0.0,0.0,126.6019032,14.099,2,112238
315525,33,2010-03-12,0,3.0,33.97,55.61,3.034,0.0,0.0,0.0,0.0,0.0,126.6042857,10.115,3,39690
97489,10,2012-08-24,0,46.0,48217.8,82.5,4.055,11322.69,0.0,34.0,6602.59,7256.22,130.8381613,7.17,2,126512
212726,22,2011-06-10,0,82.0,17425.66,69.53,3.924,0.0,0.0,0.0,0.0,0.0,138.8606382,8.252,2,119557
152346,16,2011-03-11,0,79.0,5084.65,29.36,3.372,0.0,0.0,0.0,0.0,0.0,192.058484,6.614,2,57197
56006,6,2011-12-23,0,11.0,32009.39,49.45,3.112,2143.54,55.54,1417.2,23.41,5336.5,220.9477245,6.551,3,202505
4103,1,2011-03-11,0,21.0,7731.5,53.56,3.459,0.0,0.0,0.0,0.0,0.0,214.1110564,7.742,3,151315
216248,22,2012-06-08,0,45.0,23.94,61.71,3.746,18261.32,142.4,19.79,3041.13,4316.44,142.1158099,7.671,2,119557
414708,45,2010-05-21,0,60.0,123.2,62.62,2.958,0.0,0.0,0.0,0.0,0.0,181.8538486,8.899,2,118221
89865,10,2010-08-13,0,56.0,56.44,88.37,3.049,0.0,0.0,0.0,0.0,0.0,126.064,9.199,2,126512
206941,21,2012-07-20,0,26.0,8855.06,84.25,3.311,4773.73,57.8,10.12,3554.45,4341.89,221.5701123,6.565,2,140167
94390,10,2011-10-21,0,35.0,7610.67,77.91,3.842,0.0,0.0,0.0,0.0,0.0,129.7821613,7.874,2,126512
106404,11,2012-04-27,0,55.0,7414.16,73.4,3.814,1824.41,1.41,1.48,0.0,5826.68,225.1243526,6.664,3,207499
11873,2,2010-07-09,0,3.0,13839.77,82.59,2.642,0.0,0.0,0.0,0.0,0.0,210.7657317,8.099,3,202307
211027,22,2010-12-17,0,44.0,7849.21,30.46,3.139,0.0,0.0,0.0,0.0,0.0,136.5292811,8.572,2,119557
110885,12,2010-10-22,0,26.0,17355.41,68.85,3.014,0.0,0.0,0.0,0.0,0.0,126.3815484,14.313,2,112238
11136,2,2010-04-23,0,23.0,26937.87,65.11,2.795,0.0,0.0,0.0,0.0,0.0,210.1000648,8.2,3,202307
141847,15,2010-12-24,0,44.0,7621.77,25.07,3.309,0.0,0.0,0.0,0.0,0.0,132.7477419,8.067,2,123737
304115,31,2012-08-03,0,41.0,1342.41,91.57,3.417,22694.34,15.96,76.19,14090.47,8759.63,221.5869799,6.565,3,203750
413028,44,2012-08-17,0,90.0,33915.17,79.4,3.545,411.11,0.0,9.77,0.0,689.16,130.7909677,5.407,1,39910
200776,21,2010-10-15,0,87.0,6496.66,68.61,2.72,0.0,0.0,0.0,0.0,0.0,211.4713286,8.163,2,140167
174134,18,2011-10-21,0,21.0,3946.23,55.83,3.618,0.0,0.0,0.0,0.0,0.0,136.5017742,8.471,2,120653
64950,7,2011-09-16,0,35.0,425.95,43.67,3.596,0.0,0.0,0.0,0.0,0.0,194.7419707,8.622,2,70713
147018,15,2012-05-25,0,42.0,4451.85,67.97,3.979,6258.04,0.0,482.11,928.64,1315.99,138.1101935,8.15,2,123737
42266,5,2010-10-22,0,18.0,2029.1,70.96,2.725,0.0,0.0,0.0,0.0,0.0,212.4169928,6.768,2,34875
248099,26,2010-02-26,0,34.0,7459.0,27.32,2.753,0.0,0.0,0.0,0.0,0.0,131.686,8.488,3,152513
295799,31,2010-05-07,0,90.0,79133.74,70.87,2.835,0.0,0.0,0.0,0.0,0.0,210.0011018,8.2,3,203750
51777,6,2010-11-05,0,97.0,21320.29,59.9,2.689,0.0,0.0,0.0,0.0,0.0,213.4785503,7.007,3,202505
68292,7,2012-08-17,0,6.0,5676.36,59.66,3.545,1266.82,34.6,46.86,1649.91,1421.44,198.1001057,7.872,2,70713
388645,41,2011-10-07,0,23.0,18235.42,58.74,3.498,0.0,0.0,0.0,0.0,0.0,194.9459724,6.759,3,196321
13741,2,2011-01-07,0,5.0,25042.94,44.69,2.976,0.0,0.0,0.0,0.0,0.0,211.0648881,8.028,3,202307
188683,20,2010-04-02,0,42.0,11510.71,51.0,2.85,0.0,0.0,0.0,0.0,0.0,204.0252842,7.856,3,203742
38796,4,2012-07-13,0,8.0,59340.87,76.86,3.224,11075.38,151.0,17.27,3810.25,4766.88,130.683,4.077,3,205863
39951,5,2010-02-05,0,52.0,823.96,39.7,2.572,0.0,0.0,0.0,0.0,0.0,211.6539716,6.566,2,34875
185902,19,2012-03-30,0,56.0,6139.45,43.47,4.098,9356.36,134.4,6.75,2056.18,3420.94,137.7261935,7.943,3,203819
213300,22,2011-08-12,0,4.0,34119.12,74.69,3.88,0.0,0.0,0.0,0.0,0.0,140.0859873,8.023,2,119557
364108,39,2010-07-09,0,35.0,2044.0,81.1,2.642,0.0,0.0,0.0,0.0,0.0,209.8708867,8.36,3,184109
329196,34,2012-01-20,0,21.0,4427.69,39.28,3.273,1358.95,3015.89,27.49,255.88,2402.57,130.2792258,9.653,3,158114
159873,17,2010-08-06,0,31.0,2715.47,70.53,2.802,0.0,0.0,0.0,0.0,0.0,126.0854516,6.697,2,93188
304944,31,2012-10-19,0,30.0,3053.87,68.52,3.594,2432.45,0.0,14.89,1202.44,9394.54,223.0598077,6.17,3,203750
229220,24,2010-06-25,0,78.0,1.0,74.9,2.958,0.0,0.0,0.0,0.0,0.0,132.4976,8.211,3,203819
196298,20,2012-04-20,0,82.0,24576.92,60.11,4.027,7522.16,5650.88,67.26,1066.17,4006.0,214.3675045,7.139,3,203742
333206,35,2010-05-28,0,11.0,56869.01,67.88,2.899,0.0,0.0,0.0,0.0,0.0,136.1489101,9.051,2,103681
237847,24,2012-10-12,0,92.0,146764.4,51.64,4.186,5138.51,0.0,141.88,407.81,3284.69,138.9117,8.693,3,203819
343439,36,2010-11-26,1,91.0,10471.82,67.73,2.725,0.0,0.0,0.0,0.0,0.0,210.5152765,8.476,3,39910
173699,18,2011-09-09,1,12.0,4242.54,68.11,3.809,0.0,0.0,0.0,0.0,0.0,136.2745806,8.89,2,120653
246979,25,2012-08-03,0,46.0,19054.63,72.08,3.654,14653.91,1155.02,13.07,10978.83,2021.96,214.7433514,7.28,2,128107
54675,6,2011-08-12,0,9.0,39377.29,90.49,3.638,0.0,0.0,0.0,0.0,0.0,217.1438281,6.925,3,202505
332869,35,2010-04-23,0,21.0,4571.28,53.91,2.902,0.0,0.0,0.0,0.0,0.0,135.8721667,9.051,2,103681
213375,22,2011-08-19,0,80.0,1713.71,71.3,3.82,0.0,0.0,0.0,0.0,0.0,140.1289205,8.023,2,119557
86385,9,2012-05-18,0,2.0,25159.33,69.52,3.63,1926.92,0.0,0.24,426.51,2968.78,225.4942498,5.539,2,125833
42556,5,2010-11-19,0,22.0,3502.11,52.52,2.771,0.0,0.0,0.0,0.0,0.0,212.445487,6.768,2,34875
290615,30,2011-03-25,0,16.0,2286.13,70.33,3.473,0.0,0.0,0.0,0.0,0.0,214.2521573,8.028,1,42988
393135,42,2010-04-16,0,95.0,64304.36,69.74,3.109,0.0,0.0,0.0,0.0,0.0,126.5621,9.524,1,39690
337456,35,2011-08-19,0,10.0,13360.62,72.97,3.747,0.0,0.0,0.0,0.0,0.0,140.1289205,8.684,2,103681
90913,10,2010-11-19,0,9.0,50203.94,58.83,3.047,0.0,0.0,0.0,0.0,0.0,126.6072,9.003,2,126512
115158,12,2012-01-06,0,59.0,857.67,50.43,3.599,11181.59,33829.84,36.96,624.05,10152.27,130.1575161,12.187,2,112238
41507,5,2010-07-30,0,95.0,19494.58,82.46,2.64,0.0,0.0,0.0,0.0,0.0,211.9270006,6.496,2,34875
266029,27,2012-04-20,0,79.0,34237.11,62.62,4.17,12507.63,2681.1,99.95,1433.43,3244.98,141.9015262,8.253,3,204184
201579,21,2011-01-07,0,56.0,4.0,44.24,2.976,0.0,0.0,0.0,0.0,0.0,211.0648881,8.028,2,140167
78900,8,2012-10-26,0,56.0,924.96,64.74,3.506,2679.05,20.38,6.0,384.25,1691.31,227.0369359,5.124,3,155078
291623,30,2011-08-05,0,38.0,57262.46,94.22,3.684,0.0,0.0,0.0,0.0,0.0,215.1978515,7.852,1,42988
66785,7,2012-03-16,0,40.0,44452.66,37.29,3.486,2980.91,3.28,2.55,3440.61,1127.01,197.0457208,8.256,2,70713
158733,17,2010-04-09,0,42.0,2960.06,34.05,2.877,0.0,0.0,0.0,0.0,0.0,126.6019032,6.635,2,93188
176915,18,2012-07-27,0,42.0,7098.41,72.97,3.701,4182.36,117.52,5.9,3944.27,4654.0,138.2033871,8.535,2,120653
318709,33,2011-07-29,0,14.0,788.18,95.28,3.694,0.0,0.0,0.0,0.0,0.0,129.1677097,8.442,3,39690
243404,25,2011-08-05,0,60.0,255.2,74.0,3.842,0.0,0.0,0.0,0.0,0.0,208.719238,7.274,2,128107
176921,18,2012-07-27,0,11.0,11988.38,72.97,3.701,4182.36,117.52,5.9,3944.27,4654.0,138.2033871,8.535,2,120653
263870,27,2011-09-23,0,55.0,11478.07,63.61,3.899,0.0,0.0,0.0,0.0,0.0,140.32725,7.85,3,204184
413743,45,2010-02-12,1,54.0,155.0,27.73,2.773,0.0,0.0,0.0,0.0,0.0,181.982317,8.992,2,118221
210101,22,2010-09-10,1,87.0,13360.44,68.6,2.717,0.0,0.0,0.0,0.0,0.0,136.6212085,8.433,2,119557
240103,25,2010-09-03,0,1.0,13997.07,71.17,2.715,0.0,0.0,0.0,0.0,0.0,204.7583566,7.527,2,128107
201727,21,2011-01-21,0,56.0,25.5,42.72,3.016,0.0,0.0,0.0,0.0,0.0,211.4864691,8.028,2,140167
394387,42,2010-10-22,0,9.0,79.95,68.12,3.014,0.0,0.0,0.0,0.0,0.0,126.3815484,9.003,1,39690
327612,34,2011-08-19,0,8.0,24852.4,77.08,3.55,0.0,0.0,0.0,0.0,0.0,129.2405806,10.641,3,158114
32893,4,2010-12-17,0,60.0,976.8,46.57,2.884,0.0,0.0,0.0,0.0,0.0,126.8794839,7.127,3,205863
191959,20,2011-02-18,0,42.0,9914.43,42.95,3.245,0.0,0.0,0.0,0.0,0.0,206.3694701,7.343,3,203742
3075,1,2010-11-26,1,98.0,17693.74,64.52,2.735,0.0,0.0,0.0,0.0,0.0,211.7484333,7.838,3,151315
404368,43,2011-12-30,1,9.0,57.42,41.83,3.129,415.59,1926.05,0.0,50.66,837.74,211.0740553,10.148,1,41062
48896,5,2012-10-26,0,40.0,19823.71,71.7,3.506,1547.61,1.74,0.0,133.31,598.74,224.0378139,5.422,2,34875
414992,45,2010-06-18,0,85.0,2515.34,72.62,2.78,0.0,0.0,0.0,0.0,0.0,182.4424199,8.899,2,118221
20597,3,2010-02-05,0,12.0,2353.57,45.71,2.572,0.0,0.0,0.0,0.0,0.0,214.4248812,7.368,2,37392
304751,31,2012-10-05,0,91.0,69472.49,70.28,3.617,3155.26,0.0,25.01,4822.44,7109.64,222.8159296,6.17,3,203750
32513,4,2010-11-05,0,56.0,394.51,51.6,2.699,0.0,0.0,0.0,0.0,0.0,126.4912903,7.127,3,205863
334683,35,2010-11-05,0,79.0,24548.1,45.91,2.917,0.0,0.0,0.0,0.0,0.0,136.7862258,8.763,2,103681
418303,45,2011-06-03,0,40.0,36509.73,76.38,3.922,0.0,0.0,0.0,0.0,0.0,185.7545,8.521,2,118221
346743,36,2012-05-04,0,10.0,218.26,77.17,3.835,621.82,0.0,0.0,18.38,1191.47,220.3545033,6.989,3,39910
293444,30,2012-04-13,0,83.0,1625.42,69.03,3.891,48.96,856.15,12.0,0.0,699.85,221.1484028,6.891,1,42988
2945,1,2010-11-19,0,13.0,38446.26,51.41,2.771,0.0,0.0,0.0,0.0,0.0,211.8896737,7.838,3,151315
199191,21,2010-04-30,0,35.0,3081.0,66.93,2.78,0.0,0.0,0.0,0.0,0.0,210.0505833,8.2,2,140167
282785,29,2011-06-03,0,3.0,5002.59,70.09,3.973,0.0,0.0,0.0,0.0,0.0,134.8551613,9.966,2,93638
7182,1,2012-01-06,0,85.0,3437.73,49.01,3.157,6277.39,21813.16,143.1,1450.13,8483.0,219.7142581,7.348,3,151315
127327,13,2012-07-06,0,40.0,79198.92,79.23,3.63,14357.07,337.7,89.85,8820.75,5507.25,130.7196333,5.765,3,219622
37940,4,2012-04-20,0,93.0,74013.14,68.6,3.864,2774.39,4279.41,43.43,2409.97,4544.22,131.1173333,4.308,3,205863
137528,14,2012-07-13,0,14.0,17480.61,79.97,3.523,9158.47,-2.5,5.37,4516.68,2574.55,191.1685192,8.684,3,200898
286861,29,2012-08-10,0,14.0,8036.17,76.74,3.772,27921.89,341.19,9.08,1673.62,1983.79,138.1437742,9.419,2,93638
234869,24,2011-12-30,1,12.0,2173.11,33.45,3.566,5743.34,44499.08,228.23,1242.49,4310.79,136.6432581,8.454,3,203819
54999,6,2011-09-16,0,5.0,27575.42,84.94,3.526,0.0,0.0,0.0,0.0,0.0,217.5797506,6.925,3,202505
146957,15,2012-05-18,0,6.0,3153.22,58.84,4.029,5226.88,0.0,8.93,546.11,1281.16,138.1065806,8.15,2,123737
239526,25,2010-07-02,0,67.0,8148.98,66.42,2.815,0.0,0.0,0.0,0.0,0.0,204.4650559,7.527,2,128107
379406,40,2011-12-30,1,22.0,8237.03,18.75,3.402,3392.38,25557.03,205.29,421.72,2439.13,136.6432581,4.42,3,155083
53143,6,2011-03-18,0,48.0,898.0,65.07,3.488,0.0,0.0,0.0,0.0,0.0,215.9035078,6.858,3,202505
188614,20,2010-03-26,0,42.0,9495.32,50.49,2.854,0.0,0.0,0.0,0.0,0.0,204.201755,8.187,3,203742
302745,31,2012-03-16,0,99.0,0.02,63.39,3.734,6738.65,801.74,8.13,2047.38,7905.67,220.8498468,7.057,3,203750
88112,10,2010-02-26,0,31.0,7444.94,52.77,2.825,0.0,0.0,0.0,0.0,0.0,126.5522857,9.765,2,126512
76290,8,2012-02-03,0,9.0,8411.77,45.56,3.36,41524.03,1412.41,83.15,18723.56,3886.31,223.7079023,5.825,3,155078
385103,41,2010-10-15,0,6.0,4340.99,49.91,2.762,0.0,0.0,0.0,0.0,0.0,190.8623087,7.508,3,196321
241239,25,2010-12-24,0,90.0,16431.81,22.94,3.141,0.0,0.0,0.0,0.0,0.0,204.6376731,7.484,2,128107
271027,28,2010-11-26,1,93.0,54499.0,47.66,3.162,0.0,0.0,0.0,0.0,0.0,126.6692667,14.313,3,206302
101413,11,2010-12-17,0,52.0,2451.69,54.63,2.869,0.0,0.0,0.0,0.0,0.0,214.704919,7.564,3,207499
133434,14,2011-06-03,0,24.0,10683.51,76.38,3.922,0.0,0.0,0.0,0.0,0.0,185.7545,8.521,3,200898
72775,8,2011-02-18,0,8.0,27703.28,50.64,3.045,0.0,0.0,0.0,0.0,0.0,216.6310383,6.262,3,155078
319578,33,2011-12-02,0,14.0,706.77,59.12,3.701,0.5,0.0,4.0,0.0,1280.77,129.8459667,8.01,3,39690
297786,31,2010-11-12,0,3.0,6749.72,60.95,2.728,0.0,0.0,0.0,0.0,0.0,211.6608975,8.163,3,203750
392755,42,2010-02-19,0,85.0,38.39,58.22,2.915,0.0,0.0,0.0,0.0,0.0,126.5262857,9.765,1,39690
224985,23,2012-01-27,0,49.0,28824.77,25.71,3.568,957.2,3319.68,0.0,9.0,1709.6,136.9598387,4.261,2,114533
120596,13,2010-10-01,0,4.0,38712.93,68.74,2.853,0.0,0.0,0.0,0.0,0.0,126.2346,7.795,3,219622
24617,3,2011-04-29,0,20.0,1368.02,78.69,3.81,0.0,0.0,0.0,0.0,0.0,219.0236099,7.574,2,37392
362641,39,2010-02-12,1,82.0,15465.29,44.58,2.548,0.0,0.0,0.0,0.0,0.0,209.9970208,8.554,3,184109
420928,45,2012-03-02,0,32.0,4429.64,41.55,3.816,22832.38,2515.25,4.0,13317.88,2560.48,190.1714927,8.424,2,118221
380794,40,2012-05-11,0,24.0,2343.57,52.06,3.947,7071.55,0.0,408.25,1175.76,4204.96,138.0882667,4.125,3,155083
77325,8,2012-05-18,0,19.0,530.08,64.16,3.63,7288.06,0.0,24.25,585.14,4836.15,225.3002908,5.679,3,155078
413926,45,2010-03-05,0,9.0,10816.32,37.13,2.777,0.0,0.0,0.0,0.0,0.0,182.1201566,8.992,2,118221
330807,34,2012-06-29,0,31.0,483.21,81.91,3.257,3725.46,52.2,0.0,343.56,3814.45,130.7562667,9.575,3,158114
202841,21,2011-05-20,0,31.0,2876.37,68.36,3.907,0.0,0.0,0.0,0.0,0.0,215.3834778,7.931,2,140167
250841,26,2010-12-03,0,52.0,1793.11,27.73,3.065,0.0,0.0,0.0,0.0,0.0,132.7566667,8.149,3,152513
328763,34,2011-12-09,0,92.0,80195.87,24.69,3.153,3131.47,3.0,127.58,479.79,4102.57,129.8555333,10.148,3,158114
415217,45,2010-07-16,0,74.0,11896.27,77.84,2.783,0.0,0.0,0.0,0.0,0.0,182.2604411,8.743,2,118221
235927,24,2012-04-13,0,49.0,5199.68,48.65,4.187,4765.31,5896.55,57.4,1204.7,3980.37,137.868,8.983,3,203819
124454,13,2011-10-07,0,97.0,30119.94,60.62,3.592,0.0,0.0,0.0,0.0,0.0,129.6938,6.392,3,219622
406376,43,2012-10-26,0,16.0,1441.77,69.17,3.506,23.68,7.24,6.0,0.0,815.05,214.7415392,8.839,1,41062
336203,35,2011-04-15,0,41.0,2836.5,52.24,3.821,0.0,0.0,0.0,0.0,0.0,138.1646952,8.512,2,103681
250739,26,2010-11-19,0,98.0,8273.22,36.73,3.03,0.0,0.0,0.0,0.0,0.0,132.9172,8.149,3,152513
149925,16,2010-06-25,0,56.0,24185.82,62.37,2.715,0.0,0.0,0.0,0.0,0.0,189.4533931,6.842,2,57197
317417,33,2011-01-07,0,7.0,357.33,46.25,3.287,0.0,0.0,0.0,0.0,0.0,127.1917742,8.951,3,39690
89948,10,2010-08-20,0,38.0,89213.93,89.88,3.041,0.0,0.0,0.0,0.0,0.0,126.0766452,9.199,2,126512
392605,41,2012-10-26,0,90.0,79524.89,41.8,3.686,4864.3,101.34,250.6,47.24,1524.43,199.2195317,6.195,3,196321
251993,26,2011-04-01,0,20.0,3017.95,22.99,3.638,0.0,0.0,0.0,0.0,0.0,134.0682581,7.818,3,152513
318698,33,2011-07-22,0,90.0,24371.15,97.17,3.697,0.0,0.0,0.0,0.0,0.0,129.1507742,8.442,3,39690
350066,37,2010-12-10,0,91.0,27788.1,51.83,2.843,0.0,0.0,0.0,0.0,0.0,210.2372494,8.476,1,39910
370930,39,2012-06-01,0,23.0,24419.54,80.33,3.501,8200.12,5.8,64.71,1772.73,9316.5,220.4322099,6.989,3,184109
413410,44,2012-10-05,0,38.0,47446.98,61.79,3.815,417.9,0.0,0.02,0.0,496.52,131.0756667,5.217,1,39910
31178,4,2010-07-02,0,45.0,3.5,73.66,2.668,0.0,0.0,0.0,0.0,0.0,126.1392,7.372,3,205863
95672,10,2012-02-24,0,48.0,1013.0,56.02,3.95,13929.09,4614.67,0.0,596.5,6528.31,130.5502069,7.545,2,126512
84662,9,2011-11-11,0,3.0,5826.14,58.28,3.297,3235.06,1645.11,63.15,1580.98,2209.21,221.6482278,6.054,2,125833
244316,25,2011-11-04,0,14.0,11654.02,40.88,3.551,0.0,0.0,0.0,0.0,0.0,210.8364551,7.082,2,128107
302628,31,2012-03-09,0,5.0,19085.01,57.16,3.669,6284.13,768.91,2.69,1051.13,8527.38,220.6974332,7.057,3,203750
352206,37,2011-10-07,0,6.0,57.3,71.2,3.285,0.0,0.0,0.0,0.0,0.0,215.7831333,7.716,1,39910
363371,39,2010-04-23,0,29.0,4669.12,67.64,2.795,0.0,0.0,0.0,0.0,0.0,209.2199574,8.464,3,184109
280949,29,2010-11-19,0,30.0,1930.14,48.62,3.03,0.0,0.0,0.0,0.0,0.0,132.9172,10.524,2,93638
386144,41,2011-01-28,0,97.0,16725.37,32.23,3.008,0.0,0.0,0.0,0.0,0.0,191.667891,7.241,3,196321
43511,5,2011-03-04,0,60.0,237.6,60.35,3.288,0.0,0.0,0.0,0.0,0.0,214.3842702,6.634,2,34875
81599,9,2010-12-03,0,81.0,2098.97,49.89,2.708,0.0,0.0,0.0,0.0,0.0,215.1445203,6.56,2,125833
415871,45,2010-09-24,0,97.0,5869.69,68.59,2.713,0.0,0.0,0.0,0.0,0.0,182.6696737,8.743,2,118221
323885,34,2010-08-20,0,93.0,29030.03,76.45,2.671,0.0,0.0,0.0,0.0,0.0,126.0766452,9.816,3,158114
50253,6,2010-06-04,0,82.0,23086.49,79.44,2.705,0.0,0.0,0.0,0.0,0.0,212.6982436,7.092,3,202505
68269,7,2012-08-17,0,1.0,8558.33,59.66,3.545,1266.82,34.6,46.86,1649.91,1421.44,198.1001057,7.872,2,70713
341274,35,2012-09-21,0,33.0,10749.43,66.1,4.038,6982.1,87.37,6.0,2085.94,9129.21,142.6798167,8.839,2,103681
275645,28,2012-02-24,0,97.0,20346.81,53.13,3.95,9687.54,3338.06,0.0,847.07,6736.61,130.5502069,12.187,3,206302
366307,39,2011-02-18,0,28.0,842.12,58.2,3.045,0.0,0.0,0.0,0.0,0.0,212.0063522,8.395,3,184109
152661,16,2011-04-15,0,44.0,3049.97,34.59,3.611,0.0,0.0,0.0,0.0,0.0,192.4225954,6.339,2,57197
83794,9,2011-08-05,0,67.0,2493.81,91.52,3.684,0.0,0.0,0.0,0.0,0.0,219.1349201,6.404,2,125833
257673,26,2012-10-26,0,16.0,3929.43,46.95,3.917,1827.16,35.87,50.0,478.93,2088.65,138.7281613,7.138,3,152513
53712,6,2011-05-13,0,12.0,5611.44,76.95,3.899,0.0,0.0,0.0,0.0,0.0,217.5247882,6.855,3,202505
84786,9,2011-11-25,1,2.0,23196.78,54.32,3.236,121.57,0.0,44061.13,247.83,8294.47,222.1389683,6.054,2,125833
300478,31,2011-08-05,0,19.0,44.4,94.22,3.684,0.0,0.0,0.0,0.0,0.0,215.1978515,7.852,3,203750
279568,29,2010-07-02,0,42.0,3441.21,72.88,2.815,0.0,0.0,0.0,0.0,0.0,132.5218667,10.409,2,93638
166249,17,2012-05-11,0,92.0,61328.94,49.96,3.809,6288.63,0.0,22.59,997.55,1266.73,131.1453333,6.235,2,93188
31859,4,2010-09-03,0,81.0,29458.07,76.8,2.584,0.0,0.0,0.0,0.0,0.0,126.1019355,7.372,3,205863
354608,37,2012-08-24,0,60.0,639.0,81.26,3.62,247.17,0.0,23.9,0.0,2285.83,220.8526787,6.623,1,39910
174677,18,2011-12-16,0,72.0,74605.9,35.52,3.445,3332.41,2.65,882.11,1350.2,2932.75,136.5335161,8.471,2,120653
303124,31,2012-04-27,0,85.0,1150.82,69.21,3.814,2973.44,-0.91,10.16,542.5,9196.82,221.255812,6.891,3,203750
266161,27,2012-05-04,0,91.0,66447.0,53.68,4.124,19913.55,0.0,213.38,5895.46,4687.08,142.0177929,8.253,3,204184
55024,6,2011-09-16,0,72.0,61254.69,84.94,3.526,0.0,0.0,0.0,0.0,0.0,217.5797506,6.925,3,202505
160922,17,2010-11-19,0,93.0,2630.64,36.31,2.842,0.0,0.0,0.0,0.0,0.0,126.6072,6.885,2,93188
34274,4,2011-04-29,0,37.0,3070.79,64.22,3.781,0.0,0.0,0.0,0.0,0.0,128.9998667,5.946,3,205863
415724,45,2010-09-10,1,79.0,14785.4,70.87,2.699,0.0,0.0,0.0,0.0,0.0,182.598178,8.743,2,118221
259925,27,2010-09-03,0,92.0,155117.83,78.52,2.86,0.0,0.0,0.0,0.0,0.0,136.5891118,7.982,3,204184
298361,31,2011-01-14,0,85.0,1346.22,34.14,2.983,0.0,0.0,0.0,0.0,0.0,211.1176713,8.028,3,203750
342650,36,2010-07-23,0,59.0,49.25,82.6,2.542,0.0,0.0,0.0,0.0,0.0,209.9958663,8.36,3,39910
4148,1,2011-03-11,0,36.0,695.0,53.56,3.459,0.0,0.0,0.0,0.0,0.0,214.1110564,7.742,3,151315
141782,15,2010-12-17,0,23.0,44632.61,25.3,3.301,0.0,0.0,0.0,0.0,0.0,132.6804516,8.067,2,123737
324547,34,2010-10-22,0,79.0,15655.31,58.11,2.736,0.0,0.0,0.0,0.0,0.0,126.3815484,10.21,3,158114
210813,22,2010-11-26,1,5.0,80992.83,44.61,3.07,0.0,0.0,0.0,0.0,0.0,136.6895714,8.572,2,119557
232027,24,2011-03-25,0,31.0,1628.7,36.88,3.789,0.0,0.0,0.0,0.0,0.0,133.9587419,8.252,3,203819
255414,26,2012-03-09,0,59.0,125.71,29.03,3.876,4540.15,480.42,1.98,387.57,3900.33,137.5066897,7.467,3,152513
113452,12,2011-07-15,0,40.0,44114.93,88.1,3.692,0.0,0.0,0.0,0.0,0.0,129.1338387,13.503,2,112238
263651,27,2011-09-02,0,17.0,16206.89,71.44,3.879,0.0,0.0,0.0,0.0,0.0,140.196985,7.85,3,204184
294587,30,2012-09-21,0,87.0,405.4,71.54,3.721,1046.34,0.0,0.0,69.2,1258.49,222.4169362,6.565,1,42988
210489,22,2010-10-22,0,5.0,19522.96,50.24,2.919,0.0,0.0,0.0,0.0,0.0,136.688871,8.572,2,119557
134335,14,2011-08-26,0,40.0,78590.95,72.55,3.704,0.0,0.0,0.0,0.0,0.0,186.5641172,8.625,3,200898
372036,39,2012-09-21,0,27.0,1446.66,73.58,3.721,11644.3,112.91,6.7,3300.92,13244.99,221.4578604,6.623,3,184109
373006,40,2010-03-26,0,71.0,2768.04,39.51,2.831,0.0,0.0,0.0,0.0,0.0,131.863129,5.892,3,155083
3459,1,2011-01-07,0,33.0,3835.59,48.27,2.976,0.0,0.0,0.0,0.0,0.0,211.4047419,7.742,3,151315
229967,24,2010-09-03,0,91.0,50503.73,73.52,2.86,0.0,0.0,0.0,0.0,0.0,132.7248387,8.117,3,203819
381528,40,2012-07-27,0,11.0,10342.64,67.88,3.701,3351.06,156.53,4.24,1624.68,1605.34,138.2033871,4.156,3,155083
39217,4,2012-08-24,0,91.0,72068.0,75.76,3.61,9983.59,0.0,23.4,8115.89,7158.66,130.8381613,4.077,3,205863
377087,40,2011-05-13,0,31.0,733.26,54.09,4.095,0.0,0.0,0.0,0.0,0.0,134.593,4.781,3,155083
218953,23,2010-06-11,0,12.0,8279.01,58.35,2.83,0.0,0.0,0.0,0.0,0.0,132.4357419,5.435,2,114533
167787,17,2012-10-12,0,44.0,8559.26,44.82,3.797,1171.21,0.0,3.58,371.84,3776.18,131.1083333,5.527,2,93188
356149,38,2010-06-18,0,10.0,320.26,81.06,3.043,0.0,0.0,0.0,0.0,0.0,126.114,14.099,1,39690
415821,45,2010-09-17,0,60.0,149.6,66.55,2.706,0.0,0.0,0.0,0.0,0.0,182.622509,8.743,2,118221
326229,34,2011-04-01,0,25.0,6273.31,55.46,3.521,0.0,0.0,0.0,0.0,0.0,128.7199355,10.581,3,158114
314839,32,2012-09-21,0,40.0,61835.19,63.49,3.765,7161.18,88.82,3.0,1011.45,5347.22,198.358523,7.872,3,203007
82981,9,2011-05-06,0,1.0,10231.78,62.2,3.906,0.0,0.0,0.0,0.0,0.0,219.4315106,6.38,2,125833
170826,18,2010-11-19,0,71.0,7359.38,45.26,3.03,0.0,0.0,0.0,0.0,0.0,132.9172,9.331,2,120653
3389,1,2010-12-31,1,12.0,6912.95,48.43,2.943,0.0,0.0,0.0,0.0,0.0,211.4049321,7.838,3,151315
93110,10,2011-06-24,0,29.0,13460.56,90.69,3.807,0.0,0.0,0.0,0.0,0.0,129.0663,8.494,2,126512
92372,10,2011-04-08,0,33.0,13487.34,73.03,3.818,0.0,0.0,0.0,0.0,0.0,128.8238065,8.494,2,126512
319755,33,2011-12-30,1,42.0,93.11,51.6,3.428,384.37,1919.79,4.95,25.2,556.38,130.0710323,8.01,3,39690
146136,15,2012-02-24,0,52.0,1746.92,33.18,3.917,6881.03,5859.12,1.0,3607.57,4147.13,137.3411034,7.943,2,123737
309964,32,2011-05-27,0,98.0,8030.67,55.13,3.795,0.0,0.0,0.0,0.0,0.0,192.8365651,8.595,3,203007
142492,15,2011-02-25,0,5.0,18351.3,20.87,3.452,0.0,0.0,0.0,0.0,0.0,133.4921429,7.771,2,123737
380224,40,2012-03-16,0,32.0,3371.33,37.13,3.867,4935.36,176.82,3.85,1392.83,2458.54,137.5843871,4.261,3,155083
370882,39,2012-05-25,0,44.0,4608.98,78.31,3.561,10926.02,0.0,967.95,1983.54,6579.15,220.4287124,6.989,3,184109
95528,10,2012-02-10,1,67.0,22407.36,55.73,3.722,8414.22,861.38,66.96,6806.11,5723.0,130.3849032,7.545,2,126512
324468,34,2010-10-15,0,30.0,949.5,59.57,2.732,0.0,0.0,0.0,0.0,0.0,126.3266774,10.21,3,158114
292391,30,2011-11-25,1,4.0,15545.56,56.43,3.236,19.97,0.0,0.0,0.0,477.74,218.1130269,7.441,1,42988
329091,34,2012-01-13,0,24.0,2293.87,33.99,3.263,2514.23,8431.82,48.38,186.59,4699.39,130.244,9.653,3,158114
117761,12,2012-09-28,0,98.0,593.29,81.22,3.966,3068.35,27.82,0.22,1307.43,3605.14,131.043,10.926,2,112238
236158,24,2012-05-04,0,4.0,29398.56,52.14,4.124,19129.69,192.0,195.04,5860.88,4953.15,138.0332,8.983,3,203819
401982,43,2011-01-14,0,81.0,19556.76,43.45,2.983,0.0,0.0,0.0,0.0,0.0,203.4840645,10.398,1,41062
346710,36,2012-04-27,0,3.0,326.31,70.06,3.888,252.98,36.03,0.0,0.0,6621.24,220.3014485,6.989,3,39910
246430,25,2012-06-08,0,40.0,46757.02,58.48,3.689,9024.73,207.4,64.04,2897.69,4748.56,214.5527132,7.139,2,128107
422193,45,2012-07-06,0,20.0,8022.5,82.99,3.475,5878.09,169.0,64.36,2996.47,5477.04,191.1338827,8.684,2,118221
225758,23,2012-04-13,0,71.0,9616.7,41.81,4.025,4460.9,4852.66,25.17,2064.48,1879.86,137.868,4.125,2,114533
397192,42,2011-12-02,0,52.0,18.5,57.29,3.701,24.09,0.0,4.7,0.0,1016.84,129.8459667,7.874,1,39690
96653,10,2012-06-01,0,28.0,719.18,80.06,4.277,11614.41,0.0,172.39,2945.55,1528.02,130.9592258,7.382,2,126512
215238,22,2012-02-24,0,59.0,317.35,39.0,3.751,10045.03,7913.38,0.0,8695.83,3361.36,141.3007857,7.503,2,119557
279482,29,2010-06-18,0,7.0,17622.6,67.13,2.805,0.0,0.0,0.0,0.0,0.0,132.4733333,10.16,2,93638
298093,31,2010-12-17,0,16.0,2175.68,48.63,2.869,0.0,0.0,0.0,0.0,0.0,211.0645458,8.163,3,203750
303263,31,2012-05-11,0,24.0,3618.65,74.14,3.688,13797.91,0.0,8.64,2960.85,3794.93,221.3632212,6.891,3,203750
36477,4,2011-12-02,0,55.0,24415.42,38.71,3.176,9762.39,160.94,2260.29,4767.86,28604.2,129.8459667,5.143,3,205863
2031,1,2010-08-20,0,33.0,14881.25,86.65,2.664,0.0,0.0,0.0,0.0,0.0,211.6033633,7.787,3,151315
371072,39,2012-06-15,0,1.0,17234.96,81.33,3.393,8270.46,76.4,0.06,3324.17,25107.85,220.4494148,6.989,3,184109
94537,10,2011-11-04,0,37.0,4089.61,68.57,3.828,0.0,0.0,0.0,0.0,0.0,129.8051935,7.874,2,126512
160357,17,2010-09-24,0,95.0,52457.74,58.39,2.872,0.0,0.0,0.0,0.0,0.0,126.1900333,6.697,2,93188
137355,14,2012-06-22,0,7.0,51449.69,74.22,3.564,10291.35,317.0,4.3,3292.07,6115.51,191.0646096,8.567,3,200898
226145,23,2012-05-25,0,93.0,3204.02,66.43,3.85,7101.14,0.0,246.45,1017.09,2752.95,138.1101935,4.125,2,114533
216409,22,2012-06-22,0,54.0,-9.92,70.61,3.629,8154.53,387.4,0.0,2396.96,3938.83,142.1606464,7.671,2,119557
200461,21,2010-09-10,1,35.0,2039.0,79.3,2.565,0.0,0.0,0.0,0.0,0.0,211.1532104,8.099,2,140167
130176,14,2010-07-09,0,49.0,11205.57,82.45,2.793,0.0,0.0,0.0,0.0,0.0,182.2569603,8.743,3,200898
366560,39,2011-03-11,0,25.0,7087.99,58.35,3.459,0.0,0.0,0.0,0.0,0.0,212.8611313,8.395,3,184109
312616,32,2012-02-10,1,45.0,17.94,23.34,3.103,19784.57,9309.88,225.85,29483.81,5473.82,196.9195056,8.256,3,203007
301682,31,2011-12-02,0,72.0,58422.35,48.72,3.172,5425.3,96.94,1100.35,2779.95,24475.38,218.3590319,7.441,3,203750
253676,26,2011-09-16,0,55.0,5617.36,55.19,3.809,0.0,0.0,0.0,0.0,0.0,136.3145,7.767,3,152513
30761,4,2010-05-21,0,9.0,29973.4,67.4,2.82,0.0,0.0,0.0,0.0,0.0,126.1843871,7.896,3,205863
35730,4,2011-09-16,0,54.0,14.0,72.76,3.532,0.0,0.0,0.0,0.0,0.0,129.4306,5.644,3,205863
367639,39,2011-07-01,0,83.0,5423.49,84.93,3.524,0.0,0.0,0.0,0.0,0.0,213.9324122,8.177,3,184109
259256,27,2010-06-25,0,59.0,589.98,78.02,2.958,0.0,0.0,0.0,0.0,0.0,136.3483143,8.058,3,204184
99175,11,2010-05-07,0,10.0,20395.15,75.57,2.835,0.0,0.0,0.0,0.0,0.0,213.6211778,7.343,3,207499
222093,23,2011-04-22,0,93.0,1640.5,39.62,3.919,0.0,0.0,0.0,0.0,0.0,134.3571,4.781,2,114533
345419,36,2011-10-07,0,91.0,10392.14,71.2,3.262,0.0,0.0,0.0,0.0,0.0,215.7831333,7.716,3,39910
329510,34,2012-02-24,0,13.0,23845.3,39.89,3.541,5674.77,3367.59,2.6,1389.89,3919.46,130.5502069,9.653,3,158114
272607,28,2011-04-29,0,49.0,15401.92,68.27,4.151,0.0,0.0,0.0,0.0,0.0,128.9998667,13.736,3,206302
364877,39,2010-09-24,0,41.0,2669.71,78.5,2.624,0.0,0.0,0.0,0.0,0.0,210.3664469,8.36,3,184109
339902,35,2012-05-04,0,3.0,6875.33,53.68,3.951,13647.64,0.0,9.87,6114.76,4853.52,142.0177929,8.876,2,103681
366128,39,2011-01-28,0,55.0,8403.24,47.94,3.01,0.0,0.0,0.0,0.0,0.0,210.9682412,8.395,3,184109
353980,37,2012-06-01,0,8.0,16932.6,80.74,3.501,57.81,0.0,0.0,0.0,1268.73,220.4322099,6.989,1,39910
9207,1,2012-07-20,0,52.0,2028.71,80.42,3.311,3213.0,313.72,9.53,2262.02,3228.19,221.9327267,6.908,3,151315
14529,2,2011-03-25,0,27.0,1234.72,69.42,3.473,0.0,0.0,0.0,0.0,0.0,214.2521573,8.028,3,202307
359214,38,2011-08-19,0,98.0,4270.3,91.74,3.743,0.0,0.0,0.0,0.0,0.0,129.2405806,13.503,1,39690
288983,30,2010-08-06,0,40.0,21366.84,90.3,2.627,0.0,0.0,0.0,0.0,0.0,211.1608049,8.099,1,42988
160985,17,2010-11-26,1,92.0,38423.56,19.03,2.83,0.0,0.0,0.0,0.0,0.0,126.6692667,6.885,2,93188
334465,35,2010-10-08,0,80.0,25.69,57.78,2.764,0.0,0.0,0.0,0.0,0.0,136.6277321,8.763,2,103681
56736,6,2012-03-02,0,14.0,24234.21,60.32,3.63,20243.99,618.72,14.35,9687.4,4968.92,222.4521862,6.132,3,202505
240540,25,2010-10-15,0,30.0,1744.78,54.09,2.868,0.0,0.0,0.0,0.0,0.0,205.0137637,7.484,2,128107
133571,14,2011-06-17,0,93.0,63115.44,69.32,3.842,0.0,0.0,0.0,0.0,0.0,185.6719333,8.521,3,200898
58228,6,2012-07-27,0,4.0,35089.26,85.78,3.407,7017.6,203.26,8.11,17151.91,3340.02,223.5516178,5.668,3,202505
320652,33,2012-05-11,0,1.0,2947.76,81.02,4.186,758.77,0.0,0.0,0.0,2001.77,131.1453333,7.396,3,39690
398072,42,2012-04-06,0,17.0,770.94,65.99,4.282,2.12,0.0,34.23,0.0,250.62,131.0375484,7.382,1,39690
235012,24,2012-01-13,0,98.0,8327.7,36.5,3.666,3545.34,8743.62,127.43,819.74,4434.08,136.753,8.659,3,203819
44132,5,2011-05-13,0,2.0,11821.98,77.38,3.899,0.0,0.0,0.0,0.0,0.0,216.5343611,6.489,2,34875
233002,24,2011-07-01,0,18.0,5.2,70.27,3.916,0.0,0.0,0.0,0.0,0.0,135.4468,8.358,3,203819
170244,18,2010-09-17,0,38.0,65345.53,60.94,2.716,0.0,0.0,0.0,0.0,0.0,132.7670667,9.342,2,120653
27989,3,2012-05-04,0,17.0,2816.26,79.51,3.749,2430.23,0.0,30.92,1159.71,1432.53,225.1797511,6.664,2,37392
422118,45,2012-06-29,0,44.0,2235.06,75.22,3.506,3291.36,425.6,0.0,314.88,2255.34,191.0992462,8.567,2,118221
39824,4,2012-10-19,0,71.0,5403.21,64.46,3.61,6313.84,0.0,15.05,2421.08,5885.12,131.1499677,3.879,3,205863
85199,9,2012-01-06,0,6.0,1529.44,47.54,3.157,3597.08,6203.76,11.2,3743.55,1912.75,223.4332408,5.667,2,125833
278703,29,2010-03-26,0,33.0,4533.4,48.56,2.831,0.0,0.0,0.0,0.0,0.0,131.863129,10.064,2,93638
355658,38,2010-04-16,0,72.0,149.93,64.95,3.109,0.0,0.0,0.0,0.0,0.0,126.5621,14.099,1,39690
86015,9,2012-04-06,0,44.0,3312.47,68.83,3.891,4876.77,0.0,10.0,1201.8,8545.16,225.1820555,5.539,2,125833
115924,12,2012-03-30,0,4.0,26927.82,64.36,4.294,13644.08,115.67,8.34,1885.51,2291.86,130.9670968,12.187,2,112238
334271,35,2010-09-17,0,40.0,32569.18,64.5,2.706,0.0,0.0,0.0,0.0,0.0,136.6338071,8.861,2,103681
13600,2,2010-12-24,0,5.0,150343.42,49.97,2.886,0.0,0.0,0.0,0.0,0.0,211.0646599,8.163,3,202307
24932,3,2011-06-03,0,82.0,6108.68,84.29,3.699,0.0,0.0,0.0,0.0,0.0,218.6449369,7.574,2,37392
226954,23,2012-08-10,0,40.0,67482.05,71.12,3.772,23983.92,144.9,106.86,13110.54,4860.8,138.1437742,4.156,2,114533
236704,24,2012-06-22,0,14.0,13840.45,72.29,3.722,8790.16,749.1,30.57,4434.39,7308.24,138.1629,8.983,3,203819
331537,34,2012-09-07,1,46.0,15106.68,78.26,3.709,8791.04,-5.98,25.77,3473.34,1789.37,130.9325484,9.285,3,158114
191768,20,2011-01-28,0,37.0,4114.38,23.21,3.237,0.0,0.0,0.0,0.0,0.0,205.3894952,7.343,3,203742
302906,31,2012-04-06,0,16.0,17873.02,69.02,3.891,12625.17,399.0,21.86,3623.01,16629.1,221.0737638,6.891,3,203750
342909,36,2010-09-03,0,25.0,2.0,82.29,2.533,0.0,0.0,0.0,0.0,0.0,210.2966631,8.36,3,39910
201045,21,2010-11-12,0,41.0,1620.33,60.95,2.728,0.0,0.0,0.0,0.0,0.0,211.6608975,8.163,2,140167
358186,38,2011-04-01,0,18.0,97.21,63.63,3.772,0.0,0.0,0.0,0.0,0.0,128.7199355,13.736,1,39690
60337,7,2010-05-21,0,80.0,69.14,46.6,2.776,0.0,0.0,0.0,0.0,0.0,189.467827,8.963,2,70713
199135,21,2010-04-30,0,17.0,6363.42,66.93,2.78,0.0,0.0,0.0,0.0,0.0,210.0505833,8.2,2,140167
349586,37,2010-10-01,0,7.0,851.85,74.66,2.603,0.0,0.0,0.0,0.0,0.0,210.4404433,8.476,1,39910
219822,23,2010-09-03,0,22.0,22747.14,72.91,2.735,0.0,0.0,0.0,0.0,0.0,132.7248387,5.326,2,114533
231555,24,2011-02-11,1,24.0,4554.96,26.51,3.416,0.0,0.0,0.0,0.0,0.0,133.260871,8.252,3,203819
317519,33,2011-01-28,0,25.0,9.75,56.62,3.231,0.0,0.0,0.0,0.0,0.0,127.5800323,8.951,3,39690
147885,15,2012-08-24,0,20.0,4386.38,66.98,3.997,3669.07,-6.69,0.0,2813.59,1610.18,138.2814516,8.193,2,123737
148107,15,2012-09-14,0,83.0,233.66,65.44,4.088,5163.64,0.0,1.49,922.73,3154.77,138.5673,8.193,2,123737
329451,34,2012-02-17,0,65.0,41589.14,37.25,3.493,8386.11,4644.97,16.48,2748.66,6015.47,130.4546207,9.653,3,158114
220563,23,2010-11-19,0,91.0,27973.18,41.66,3.03,0.0,0.0,0.0,0.0,0.0,132.9172,5.287,2,114533
177472,18,2012-09-21,0,8.0,28744.88,60.23,4.056,7820.69,41.64,296.78,1323.47,7158.18,138.6534,8.535,2,120653
337715,35,2011-09-16,0,42.0,9145.98,69.65,3.742,0.0,0.0,0.0,0.0,0.0,140.2735,8.684,2,103681
284329,29,2011-11-11,0,24.0,4409.81,47.8,3.57,8394.65,7331.95,200.28,1292.58,2786.42,136.4618065,9.357,2,93638
89486,10,2010-07-02,0,20.0,17056.37,92.89,2.978,0.0,0.0,0.0,0.0,0.0,126.1392,9.199,2,126512
371549,39,2012-08-03,0,17.0,13518.98,84.05,3.417,25778.96,173.2,51.52,24900.66,4573.34,220.6319358,6.623,3,184109
71726,8,2010-10-29,0,98.0,7991.43,57.93,2.716,0.0,0.0,0.0,0.0,0.0,215.2739,6.433,3,155078
180745,19,2010-11-12,0,59.0,1020.4,40.3,3.065,0.0,0.0,0.0,0.0,0.0,132.9783226,8.067,3,203819
8991,1,2012-06-29,0,93.0,66443.41,84.88,3.286,3965.73,161.6,0.0,435.99,4212.97,221.8434,7.143,3,151315
170009,18,2010-08-27,0,33.0,16648.48,67.05,2.77,0.0,0.0,0.0,0.0,0.0,132.6932258,9.342,2,120653
168613,18,2010-04-09,0,27.0,2976.0,59.91,2.849,0.0,0.0,0.0,0.0,0.0,131.9408065,9.269,2,120653
170984,18,2010-12-03,0,90.0,15463.13,37.09,3.065,0.0,0.0,0.0,0.0,0.0,132.7566667,9.331,2,120653
202030,21,2011-02-25,0,25.0,18901.83,61.27,3.065,0.0,0.0,0.0,0.0,0.0,213.190421,8.028,2,140167
215175,22,2012-02-17,0,30.0,4130.42,36.25,3.703,14910.44,10572.12,2.0,10409.34,5499.8,141.2140357,7.503,2,119557
74492,8,2011-08-05,0,59.0,275.94,85.15,3.684,0.0,0.0,0.0,0.0,0.0,218.9492991,6.425,3,155078
411279,44,2011-12-16,0,5.0,1689.33,27.85,3.282,29.4,0.0,6.75,0.0,1041.62,129.8980645,6.078,1,39910
91463,10,2011-01-14,0,31.0,4689.82,49.98,3.312,0.0,0.0,0.0,0.0,0.0,127.3009355,8.744,2,126512
383076,41,2010-03-26,0,9.0,18575.37,32.3,2.717,0.0,0.0,0.0,0.0,0.0,189.7195417,7.541,3,196321
123773,13,2011-07-29,0,95.0,140511.11,77.62,3.574,0.0,0.0,0.0,0.0,0.0,129.1677097,6.877,3,219622
298418,31,2011-01-14,0,25.0,8369.93,34.14,2.983,0.0,0.0,0.0,0.0,0.0,211.1176713,8.028,3,203750
149859,16,2010-06-18,0,82.0,9913.74,52.4,2.674,0.0,0.0,0.0,0.0,0.0,189.4185259,6.842,2,57197
85556,9,2012-02-17,0,59.0,3.41,43.81,3.51,4572.81,5448.91,6.0,945.06,7589.85,224.1588663,5.667,2,125833
3316,1,2010-12-24,0,23.0,62381.0,52.33,2.886,0.0,0.0,0.0,0.0,0.0,211.4051222,7.838,3,151315
349991,37,2010-12-03,0,21.0,1979.11,54.44,2.708,0.0,0.0,0.0,0.0,0.0,210.376263,8.476,1,39910
151387,16,2010-12-03,0,67.0,2610.88,23.68,2.712,0.0,0.0,0.0,0.0,0.0,190.9931437,6.986,2,57197
392321,41,2012-09-28,0,92.0,128422.98,56.08,3.789,4578.46,51.73,3.0,1902.88,14423.97,198.5903276,6.432,3,196321
85057,9,2011-12-23,0,35.0,1528.52,44.43,3.112,719.14,0.24,318.75,17.72,2357.19,223.0661125,6.054,2,125833
16918,2,2011-11-11,0,33.0,8096.26,59.33,3.297,10797.64,20445.0,443.32,4754.07,4787.16,217.6455387,7.441,3,202307
323923,34,2010-08-27,0,3.0,10207.84,72.87,2.621,0.0,0.0,0.0,0.0,0.0,126.0892903,9.816,3,158114
229841,24,2010-08-27,0,59.0,353.32,67.0,2.885,0.0,0.0,0.0,0.0,0.0,132.6932258,8.117,3,203819
363205,39,2010-04-09,0,95.0,92543.26,68.15,2.77,0.0,0.0,0.0,0.0,0.0,209.400638,8.464,3,184109
483,1,2010-03-19,0,93.0,62781.44,54.58,2.72,0.0,0.0,0.0,0.0,0.0,211.215635,8.106,3,151315
80181,9,2010-06-18,0,26.0,3346.74,82.99,2.637,0.0,0.0,0.0,0.0,0.0,215.0166484,6.384,2,125833
123646,13,2011-07-15,0,48.0,353.0,75.59,3.553,0.0,0.0,0.0,0.0,0.0,129.1338387,6.877,3,219622
134212,14,2011-08-19,0,81.0,38096.87,72.98,3.747,0.0,0.0,0.0,0.0,0.0,186.5093071,8.625,3,200898
115001,12,2011-12-23,0,80.0,45.73,45.4,3.541,1797.35,15.98,839.84,1375.84,17699.26,129.9845484,12.89,2,112238
73197,8,2011-04-01,0,91.0,28401.93,49.86,3.524,0.0,0.0,0.0,0.0,0.0,218.2586281,6.297,3,155078
34462,4,2011-05-20,0,26.0,15246.28,70.49,3.881,0.0,0.0,0.0,0.0,0.0,129.0756774,5.946,3,205863
197021,20,2012-06-29,0,29.0,7887.76,74.15,3.506,6569.4,605.7,0.0,561.31,4567.03,214.6466757,7.139,3,203742
372745,40,2010-02-26,0,36.0,265.0,33.32,2.753,0.0,0.0,0.0,0.0,0.0,131.686,5.892,3,155083
321434,33,2012-09-07,1,95.0,32209.31,92.02,4.124,175.64,0.0,0.0,0.0,841.9,130.9325484,7.147,3,39690
346263,36,2012-02-17,0,17.0,310.95,54.38,3.503,377.29,417.07,0.44,0.0,537.36,219.1148297,7.244,3,39910
236008,24,2012-04-20,0,80.0,26982.83,61.05,4.17,10959.96,3425.69,79.48,1682.87,4506.82,137.9230667,8.983,3,203819
288103,30,2010-04-02,0,60.0,1117.6,64.12,2.719,0.0,0.0,0.0,0.0,0.0,210.4798874,8.2,1,42988
306659,32,2010-07-09,0,13.0,29198.09,67.55,2.711,0.0,0.0,0.0,0.0,0.0,189.5231276,9.017,3,203007
401624,43,2010-11-19,0,94.0,42027.34,54.96,2.771,0.0,0.0,0.0,0.0,0.0,203.8191286,10.21,1,41062
42139,5,2010-10-08,0,32.0,2206.6,64.99,2.633,0.0,0.0,0.0,0.0,0.0,212.3019522,6.768,2,34875
347542,36,2012-09-07,1,26.0,194.99,84.19,3.697,463.27,0.0,1.75,0.0,2480.2,221.1181142,6.623,3,39910
105890,11,2012-03-09,0,3.0,12762.53,61.44,3.669,7634.94,379.04,3.5,1251.85,6147.5,224.5620291,6.833,3,207499
306243,32,2010-05-28,0,20.0,6747.7,64.69,2.737,0.0,0.0,0.0,0.0,0.0,189.4452425,8.963,3,203007
361733,38,2012-07-20,0,96.0,13543.93,85.53,3.726,75.04,0.0,0.19,0.0,1281.95,130.7012903,10.926,1,39690
147450,15,2012-07-06,0,50.0,566.0,74.64,3.646,4916.59,270.1,24.22,1747.41,2772.41,138.2296333,8.193,2,123737
66103,7,2012-01-06,0,79.0,7596.16,18.67,3.095,2373.44,11519.36,7.26,162.72,4504.47,196.5458309,8.256,2,70713
346000,36,2012-01-06,0,9.0,10.0,57.18,3.129,5.92,2257.39,2.86,0.0,1024.9,218.4062876,7.244,3,39910
47906,5,2012-07-06,0,33.0,1372.88,82.35,3.227,2592.37,2.65,52.06,914.36,2768.98,222.4714336,5.603,2,34875
253367,26,2011-08-19,0,99.0,370.0,60.58,3.82,0.0,0.0,0.0,0.0,0.0,136.183129,7.767,3,152513
20151,2,2012-09-21,0,34.0,17210.3,71.09,3.721,6707.94,3.82,15.55,1001.42,7607.94,222.4169362,6.565,3,202307
45076,5,2011-08-26,0,33.0,2899.93,89.18,3.523,0.0,0.0,0.0,0.0,0.0,216.2950176,6.529,2,34875
81817,9,2010-12-24,0,55.0,29166.26,50.93,2.886,0.0,0.0,0.0,0.0,0.0,214.9301534,6.56,2,125833
31424,4,2010-07-23,0,14.0,20940.73,79.78,2.612,0.0,0.0,0.0,0.0,0.0,126.1283548,7.372,3,205863
390088,41,2012-02-24,0,38.0,54130.76,27.89,3.129,9156.06,9181.74,3.2,3808.5,6148.47,196.9499007,6.589,3,196321
137496,14,2012-07-06,0,56.0,3221.04,82.99,3.475,7024.93,416.3,83.47,6927.24,6002.43,191.1338827,8.684,3,200898
231365,24,2011-01-21,0,95.0,83446.66,23.69,3.391,0.0,0.0,0.0,0.0,0.0,133.0285161,8.252,3,203819
30881,4,2010-06-04,0,5.0,37445.96,70.83,2.701,0.0,0.0,0.0,0.0,0.0,126.1360645,7.896,3,205863
351716,37,2011-07-29,0,6.0,106.48,84.99,3.682,0.0,0.0,0.0,0.0,0.0,214.2343177,8.177,1,39910
54135,6,2011-06-24,0,41.0,1290.5,85.51,3.594,0.0,0.0,0.0,0.0,0.0,216.6314502,6.855,3,202505
180071,19,2010-09-03,0,47.0,70.0,74.69,2.86,0.0,0.0,0.0,0.0,0.0,132.7248387,8.099,3,203819
221592,23,2011-03-04,0,90.0,25099.56,20.67,3.437,0.0,0.0,0.0,0.0,0.0,133.6141429,5.114,2,114533
220721,23,2010-12-03,0,12.0,3359.2,34.3,3.065,0.0,0.0,0.0,0.0,0.0,132.7566667,5.287,2,114533
115669,12,2012-03-02,0,17.0,15366.08,52.27,4.178,15046.69,2131.62,12.84,4574.95,3428.27,130.6457931,12.187,2,112238
325290,34,2011-01-07,0,72.0,36338.44,24.5,2.98,0.0,0.0,0.0,0.0,0.0,127.1917742,10.398,3,158114
370840,39,2012-05-18,0,30.0,4565.58,72.36,3.63,6962.99,0.0,7.0,2166.87,18547.03,220.4252149,6.989,3,184109
121009,13,2010-11-05,0,80.0,17777.92,49.96,2.831,0.0,0.0,0.0,0.0,0.0,126.4912903,7.795,3,219622
138494,14,2012-10-19,0,26.0,13010.84,56.47,3.969,4192.74,0.0,17.46,1076.25,3839.99,192.3308542,8.667,3,200898
146746,15,2012-04-27,0,24.0,3222.47,41.57,4.163,1863.53,0.0,9.82,192.32,1271.7,137.9781333,8.15,2,123737
272326,28,2011-04-01,0,56.0,1757.44,63.63,3.772,0.0,0.0,0.0,0.0,0.0,128.7199355,13.736,3,206302
199097,21,2010-04-23,0,11.0,12183.4,64.21,2.795,0.0,0.0,0.0,0.0,0.0,210.1000648,8.2,2,140167
44711,5,2011-07-15,0,46.0,4708.54,88.64,3.575,0.0,0.0,0.0,0.0,0.0,215.9250696,6.529,2,34875
241138,25,2010-12-17,0,87.0,7156.66,21.6,3.14,0.0,0.0,0.0,0.0,0.0,204.6321194,7.484,2,128107
73215,8,2011-04-01,0,23.0,12272.15,49.86,3.524,0.0,0.0,0.0,0.0,0.0,218.2586281,6.297,3,155078
182129,19,2011-03-25,0,41.0,1923.5,33.26,3.789,0.0,0.0,0.0,0.0,0.0,133.9587419,7.771,3,203819
234701,24,2011-12-16,0,83.0,4745.03,36.0,3.611,6244.37,9.09,143.42,1766.33,5516.14,136.5335161,8.454,3,203819
258091,27,2010-03-05,0,21.0,5417.47,38.07,2.919,0.0,0.0,0.0,0.0,0.0,135.5732602,8.237,3,204184
388263,41,2011-09-02,0,16.0,14113.53,70.37,3.511,0.0,0.0,0.0,0.0,0.0,194.5092113,6.901,3,196321
376872,40,2011-04-22,0,91.0,42992.71,39.32,3.919,0.0,0.0,0.0,0.0,0.0,134.3571,4.781,3,155083
380485,40,2012-04-13,0,11.0,6930.07,40.65,4.025,3668.82,4728.85,34.1,1320.78,1820.75,137.868,4.125,3,155083
47939,5,2012-07-06,0,96.0,9270.14,82.35,3.227,2592.37,2.65,52.06,914.36,2768.98,222.4714336,5.603,2,34875
302344,31,2012-02-10,1,22.0,14120.32,46.52,3.409,16946.96,3789.56,83.24,11187.79,8316.25,219.9049073,7.057,3,203750
252606,26,2011-06-03,0,32.0,4050.18,60.49,3.973,0.0,0.0,0.0,0.0,0.0,134.8551613,7.818,3,152513
401233,43,2010-09-24,0,91.0,38262.23,77.42,2.624,0.0,0.0,0.0,0.0,0.0,203.5216786,9.816,1,41062
69648,8,2010-04-02,0,92.0,57613.48,60.18,2.719,0.0,0.0,0.0,0.0,0.0,214.164218,6.29,3,155078
404354,43,2011-12-30,1,25.0,45.05,41.83,3.129,415.59,1926.05,0.0,50.66,837.74,211.0740553,10.148,1,41062
156676,16,2012-06-08,0,26.0,1719.76,65.43,3.741,3644.68,37.2,63.9,611.78,5520.95,197.6551863,6.169,2,57197
75995,8,2012-01-06,0,49.0,2457.69,43.47,3.157,3093.39,26001.46,96.35,500.91,4468.63,223.2409668,5.825,3,155078
332233,35,2010-02-19,0,56.0,393.0,32.44,2.745,0.0,0.0,0.0,0.0,0.0,135.4657781,9.262,2,103681
185064,19,2012-01-13,0,6.0,2018.05,37.08,3.666,3504.09,11505.42,291.37,1698.88,5451.32,136.753,7.943,3,203819
260380,27,2010-10-15,0,14.0,28158.18,58.38,2.999,0.0,0.0,0.0,0.0,0.0,136.6401935,8.021,3,204184
22167,3,2010-07-30,0,85.0,1130.03,82.04,2.64,0.0,0.0,0.0,0.0,0.0,214.695346,7.346,2,37392
107437,11,2012-08-03,0,28.0,653.27,86.94,3.417,21974.47,173.58,25.5,22778.65,6172.69,225.4636332,6.334,3,207499
268838,28,2010-04-23,0,35.0,3394.0,64.55,3.05,0.0,0.0,0.0,0.0,0.0,126.4713333,14.099,3,206302
152187,16,2011-02-25,0,67.0,2334.81,26.15,3.101,0.0,0.0,0.0,0.0,0.0,191.9647167,6.614,2,57197
269147,28,2010-05-21,0,98.0,9620.49,76.2,3.12,0.0,0.0,0.0,0.0,0.0,126.1843871,14.099,3,206302
6048,1,2011-09-16,0,98.0,11911.48,79.94,3.526,0.0,0.0,0.0,0.0,0.0,216.0410526,7.962,3,151315
415444,45,2010-08-06,0,30.0,3611.04,77.17,2.784,0.0,0.0,0.0,0.0,0.0,182.5320862,8.743,2,118221
228191,24,2010-03-12,0,10.0,23881.37,42.31,2.938,0.0,0.0,0.0,0.0,0.0,131.784,8.326,3,203819
247182,25,2012-08-24,0,17.0,11335.14,64.53,3.834,7693.13,69.6,50.0,2360.4,3561.61,214.9567044,7.28,2,128107
69166,8,2010-02-12,1,20.0,4640.45,33.34,2.548,0.0,0.0,0.0,0.0,0.0,214.6214189,6.299,3,155078
301660,31,2011-12-02,0,5.0,20600.26,48.72,3.172,5425.3,96.94,1100.35,2779.95,24475.38,218.3590319,7.441,3,203750
356104,38,2010-06-18,0,72.0,110.41,81.06,3.043,0.0,0.0,0.0,0.0,0.0,126.114,14.099,1,39690
404124,43,2011-11-25,1,3.0,429.29,55.7,3.236,3.37,0.0,5.76,0.0,212.75,210.0888571,10.148,1,41062
312445,32,2012-01-27,0,13.0,28366.27,36.67,3.038,1212.68,2986.04,177.27,69.87,2324.48,196.8262786,8.256,3,203007
57590,6,2012-05-25,0,85.0,2541.14,78.47,3.561,7694.17,0.0,945.23,1331.9,4852.27,223.3525662,5.964,3,202505
205772,21,2012-03-23,0,1.0,15362.3,62.96,3.787,4713.76,155.09,2.38,534.23,4878.22,220.9244858,7.057,2,140167
61000,7,2010-07-30,0,25.0,5394.52,66.07,2.69,0.0,0.0,0.0,0.0,0.0,189.9368504,9.017,2,70713
284553,29,2011-12-09,0,80.0,37.88,45.35,3.47,2597.24,0.0,614.02,499.88,5186.34,136.5030667,9.357,2,93638
321677,33,2012-10-12,0,98.0,6908.93,79.64,4.468,33.23,0.0,0.0,0.0,590.43,131.1083333,6.895,3,39690
36946,4,2012-01-13,0,11.0,25254.9,34.41,3.263,3666.28,14553.37,76.37,820.37,5955.28,130.244,4.607,3,205863
292182,30,2011-10-28,0,17.0,49.75,65.46,3.372,0.0,0.0,0.0,0.0,0.0,217.3251824,7.441,1,42988
155335,16,2012-01-27,0,80.0,1101.32,28.17,3.038,612.01,1011.32,0.0,8.41,2482.91,196.8262786,6.162,2,57197
145280,15,2011-12-02,0,81.0,4511.87,45.67,3.666,3751.34,191.82,6485.06,1803.17,16136.43,136.4909333,7.866,2,123737
196597,20,2012-05-18,0,83.0,6010.57,60.99,3.848,8077.14,512.0,5.13,2746.24,3677.78,214.5485571,7.139,3,203742
274014,28,2011-09-16,0,83.0,5009.92,76.36,3.918,0.0,0.0,0.0,0.0,0.0,129.4306,13.503,3,206302
324561,34,2010-10-29,0,4.0,17777.52,50.78,2.718,0.0,0.0,0.0,0.0,0.0,126.4364194,10.21,3,158114
78827,8,2012-10-19,0,91.0,34117.56,62.99,3.594,1260.59,0.0,6.5,280.98,3531.83,227.0184166,5.124,3,155078
371535,39,2012-07-27,0,9.0,21501.0,82.89,3.407,1476.42,77.44,7.24,1008.3,35419.19,220.6234054,6.623,3,184109
138983,15,2010-03-05,0,83.0,641.78,31.79,2.919,0.0,0.0,0.0,0.0,0.0,131.735,8.35,2,123737
400777,43,2010-07-16,0,96.0,27540.88,84.17,2.623,0.0,0.0,0.0,0.0,0.0,203.0538548,9.816,1,41062
297892,31,2010-11-26,1,40.0,52833.91,62.96,2.735,0.0,0.0,0.0,0.0,0.0,211.4062867,8.163,3,203750
162060,17,2011-03-18,0,4.0,20365.95,34.48,3.407,0.0,0.0,0.0,0.0,0.0,128.5121935,6.866,2,93188
231782,24,2011-03-04,0,45.0,22.94,31.36,3.605,0.0,0.0,0.0,0.0,0.0,133.6141429,8.252,3,203819
389469,41,2011-12-23,0,74.0,21376.9,25.59,3.173,1284.19,30.33,1059.9,35.76,3430.56,196.1713893,6.759,3,196321
366459,39,2011-03-04,0,97.0,22544.46,63.56,3.288,0.0,0.0,0.0,0.0,0.0,212.576205,8.395,3,184109
288570,30,2010-06-04,0,59.0,206.46,82.68,2.705,0.0,0.0,0.0,0.0,0.0,210.833616,8.2,1,42988
296383,31,2010-07-02,0,40.0,52451.69,82.29,2.669,0.0,0.0,0.0,0.0,0.0,210.8803726,8.099,3,203750
422734,45,2012-08-31,0,23.0,19834.21,75.09,3.867,23641.3,6.0,92.93,6988.31,3992.13,191.461281,8.684,2,118221
410738,44,2011-10-07,0,6.0,38.28,60.62,3.592,0.0,0.0,0.0,0.0,0.0,129.6938,6.078,1,39910
23348,3,2010-12-10,0,7.0,23375.98,51.13,2.843,0.0,0.0,0.0,0.0,0.0,214.7693037,7.564,2,37392
293635,30,2012-05-11,0,9.0,93.95,74.14,3.688,701.89,0.0,2.28,0.0,1487.23,221.3632212,6.891,1,42988
324230,34,2010-09-24,0,52.0,1284.21,69.78,2.642,0.0,0.0,0.0,0.0,0.0,126.1900333,9.816,3,158114
14978,2,2011-05-06,0,44.0,8143.36,61.48,3.906,0.0,0.0,0.0,0.0,0.0,215.4448709,7.931,3,202307
118189,13,2010-02-12,1,8.0,37958.97,33.16,2.671,0.0,0.0,0.0,0.0,0.0,126.4962581,8.316,3,219622
126797,13,2012-05-11,0,36.0,2141.0,56.47,3.809,14566.92,86.0,60.34,6009.18,4224.91,131.1453333,5.965,3,219622
253132,26,2011-07-22,0,6.0,4820.06,69.52,3.882,0.0,0.0,0.0,0.0,0.0,135.8738387,7.767,3,152513
2863,1,2010-11-05,0,21.0,7608.28,58.74,2.689,0.0,0.0,0.0,0.0,0.0,211.9563939,7.838,3,151315
412811,44,2012-07-13,0,79.0,5634.67,83.68,3.595,372.75,0.0,0.63,0.0,411.08,130.683,5.407,1,39910
391716,41,2012-08-03,0,91.0,57130.39,73.16,3.528,40493.45,83.46,44.56,23826.2,3666.08,198.0293893,6.432,3,196321
114443,12,2011-10-28,0,97.0,2317.5,67.41,3.727,0.0,0.0,0.0,0.0,0.0,129.7936774,12.89,2,112238
129198,14,2010-04-02,0,21.0,12748.32,47.74,2.85,0.0,0.0,0.0,0.0,0.0,181.8657537,8.899,3,200898
410495,44,2011-09-02,0,10.0,215.57,77.0,3.58,0.0,0.0,0.0,0.0,0.0,129.3259355,6.56,1,39910
324257,34,2010-09-24,0,32.0,3806.94,69.78,2.642,0.0,0.0,0.0,0.0,0.0,126.1900333,9.816,3,158114
278539,29,2010-03-12,0,92.0,23089.62,43.43,2.805,0.0,0.0,0.0,0.0,0.0,131.784,10.064,2,93638
154731,16,2011-11-25,1,32.0,5006.17,31.39,3.424,90.28,126.47,34754.69,24.64,1560.32,195.7704,6.232,2,57197
238529,25,2010-03-26,0,12.0,3394.49,45.84,2.854,0.0,0.0,0.0,0.0,0.0,204.201755,8.187,2,128107
387690,41,2011-07-01,0,52.0,1454.42,67.01,3.597,0.0,0.0,0.0,0.0,0.0,193.0930552,6.901,3,196321
342601,36,2010-07-16,0,92.0,60010.65,84.43,2.561,0.0,0.0,0.0,0.0,0.0,209.8630532,8.36,3,39910
329081,34,2012-01-06,0,55.0,13181.35,36.39,3.158,5998.79,18094.69,104.92,351.55,2890.32,130.1575161,9.653,3,158114
258398,27,2010-04-02,0,71.0,13919.24,46.9,2.957,0.0,0.0,0.0,0.0,0.0,135.7464988,8.058,3,204184
418125,45,2011-05-13,0,55.0,3579.7,60.38,4.066,0.0,0.0,0.0,0.0,0.0,186.0719231,8.521,2,118221
272909,28,2011-05-27,0,40.0,41529.58,76.67,4.087,0.0,0.0,0.0,0.0,0.0,129.0623548,13.736,3,206302
119642,13,2010-07-02,0,36.0,5629.5,78.82,2.814,0.0,0.0,0.0,0.0,0.0,126.1392,7.951,3,219622
218213,23,2010-03-26,0,4.0,24420.83,38.59,2.831,0.0,0.0,0.0,0.0,0.0,131.863129,5.892,2,114533
286470,29,2012-06-29,0,5.0,7425.47,70.99,3.577,5142.08,329.04,0.27,565.5,1957.42,138.1962667,9.14,2,93638
292913,30,2012-02-03,0,7.0,162.65,55.83,3.36,843.22,2.82,64.81,192.66,2393.21,219.8118854,7.057,1,42988
164936,17,2011-12-30,1,25.0,3638.65,26.73,3.119,4439.21,42391.85,120.08,1366.9,2383.67,130.0710323,6.617,2,93188
316500,33,2010-08-20,0,55.0,32.96,96.46,3.041,0.0,0.0,0.0,0.0,0.0,126.0766452,9.495,3,39690
98986,11,2010-04-16,0,18.0,1451.59,67.81,2.808,0.0,0.0,0.0,0.0,0.0,213.7726889,7.343,3,207499
354517,37,2012-08-10,0,95.0,50645.6,84.41,3.494,509.88,0.0,23.22,25.74,3183.91,220.6404663,6.623,1,39910
382913,41,2010-03-12,0,18.0,2102.97,33.4,2.684,0.0,0.0,0.0,0.0,0.0,189.7372075,7.541,3,196321
27363,3,2012-02-24,0,13.0,11467.28,60.12,3.555,6129.28,1802.84,0.0,301.48,1929.71,224.1320199,6.833,2,37392
152739,16,2011-04-22,0,95.0,17818.95,40.74,3.636,0.0,0.0,0.0,0.0,0.0,192.5234638,6.339,2,57197
307670,32,2010-10-15,0,37.0,3237.15,52.96,2.762,0.0,0.0,0.0,0.0,0.0,190.8623087,9.137,3,203007
13952,2,2011-01-28,0,7.0,19681.82,42.83,3.01,0.0,0.0,0.0,0.0,0.0,211.8552668,8.028,3,202307
88446,10,2010-03-26,0,4.0,47414.0,60.05,2.98,0.0,0.0,0.0,0.0,0.0,126.6050645,9.765,2,126512
191671,20,2011-01-21,0,8.0,69906.14,27.43,3.229,0.0,0.0,0.0,0.0,0.0,205.0460497,7.343,3,203742
109656,12,2010-06-18,0,80.0,57.86,81.06,3.043,0.0,0.0,0.0,0.0,0.0,126.114,14.099,2,112238
389019,41,2011-11-11,0,31.0,1773.9,32.87,3.505,17118.58,14927.3,309.49,8187.22,4925.08,195.6376941,6.759,3,196321
234477,24,2011-11-18,0,34.0,10495.51,48.17,3.717,9025.52,794.02,198.98,2629.75,5364.55,136.4666667,8.454,3,203819
27018,3,2012-01-20,0,3.0,5682.45,56.2,3.268,720.82,1629.26,1.46,16.05,799.5,223.4700552,6.833,2,37392
380859,40,2012-05-18,0,80.0,14113.35,57.59,3.899,4534.3,0.0,103.83,735.81,2388.29,138.1065806,4.125,3,155083
49158,6,2010-02-19,0,49.0,17620.52,43.58,2.514,0.0,0.0,0.0,0.0,0.0,212.8161546,7.259,3,202505
277222,28,2012-07-27,0,79.0,41852.77,93.47,3.769,4311.14,25.6,5.34,6009.47,4271.03,130.7195806,10.926,3,206302
205947,21,2012-04-06,0,24.0,7874.68,69.02,3.891,14207.85,0.0,6.99,3662.26,1615.27,221.0737638,6.891,2,140167
304408,31,2012-08-31,0,30.0,2846.3,83.58,3.638,20970.7,27.94,79.4,8977.02,17926.84,221.9415576,6.565,3,203750
374227,40,2010-07-30,0,38.0,32499.67,71.35,2.792,0.0,0.0,0.0,0.0,0.0,132.5983871,5.326,3,155083
422755,45,2012-09-07,1,74.0,10646.0,75.7,3.911,11024.45,12.8,52.63,1854.77,2055.7,191.5776756,8.684,2,118221
114564,12,2011-11-11,0,11.0,22281.23,48.76,3.824,18049.87,7939.68,234.64,10463.07,5588.33,129.8167097,12.89,2,112238
133738,14,2011-07-01,0,56.0,6089.68,74.04,3.748,0.0,0.0,0.0,0.0,0.0,185.9119885,8.625,3,200898
197762,20,2012-09-07,1,4.0,55161.44,76.36,3.911,11783.56,-0.99,83.85,1938.4,3708.67,215.2189573,7.28,3,203742
169589,18,2010-07-16,0,55.0,9967.78,76.9,2.796,0.0,0.0,0.0,0.0,0.0,132.5667742,9.342,2,120653
10664,2,2010-03-12,0,96.0,29349.83,57.56,2.667,0.0,0.0,0.0,0.0,0.0,211.037551,8.324,3,202307
244463,25,2011-11-18,0,35.0,2151.94,46.41,3.53,6165.27,168.82,94.85,267.01,3687.92,211.1847207,7.082,2,128107
348619,37,2010-05-14,0,12.0,121.11,77.53,2.854,0.0,0.0,0.0,0.0,0.0,209.118536,8.464,1,39910
52382,6,2010-12-31,1,56.0,492.45,49.14,2.943,0.0,0.0,0.0,0.0,0.0,212.9149674,7.007,3,202505
377040,40,2011-05-06,0,72.0,31948.06,50.81,4.078,0.0,0.0,0.0,0.0,0.0,134.5143667,4.781,3,155083
312530,32,2012-02-03,0,14.0,13300.27,35.89,3.031,31506.24,4740.74,306.03,42702.46,7920.93,196.8728921,8.256,3,203007
240870,25,2010-11-19,0,5.0,13755.25,42.72,3.0,0.0,0.0,0.0,0.0,0.0,205.0992811,7.484,2,128107
169598,18,2010-07-16,0,9.0,27699.41,76.9,2.796,0.0,0.0,0.0,0.0,0.0,132.5667742,9.342,2,120653
408643,44,2010-12-10,0,8.0,4492.31,36.78,2.817,0.0,0.0,0.0,0.0,0.0,126.7934,7.61,1,39910
231468,24,2011-01-28,0,79.0,21302.79,17.91,3.402,0.0,0.0,0.0,0.0,0.0,133.1059677,8.252,3,203819
157534,16,2012-09-07,1,13.0,16700.69,60.09,3.596,2291.22,-9.98,37.43,411.53,1576.74,198.0950484,6.061,2,57197
25101,3,2011-06-24,0,59.0,6.94,84.94,3.594,0.0,0.0,0.0,0.0,0.0,218.45094,7.574,2,37392
200003,21,2010-07-23,0,23.0,38858.65,87.17,2.608,0.0,0.0,0.0,0.0,0.0,210.8921319,8.099,2,140167
351865,37,2011-08-19,0,2.0,16562.08,87.24,3.554,0.0,0.0,0.0,0.0,0.0,214.4239935,8.177,1,39910
402322,43,2011-03-04,0,20.0,8.0,60.26,3.288,0.0,0.0,0.0,0.0,0.0,205.7148214,10.398,1,41062
330966,34,2012-07-13,0,26.0,3846.81,74.02,3.224,2691.41,20.2,16.91,806.44,3029.0,130.683,9.285,3,158114
334616,35,2010-10-29,0,54.0,109.68,61.02,2.921,0.0,0.0,0.0,0.0,0.0,136.7375484,8.763,2,103681
394461,42,2010-10-29,0,46.0,5107.97,68.76,3.13,0.0,0.0,0.0,0.0,0.0,126.4364194,9.003,1,39690
179314,19,2010-06-18,0,13.0,36951.63,66.25,2.942,0.0,0.0,0.0,0.0,0.0,132.4733333,8.185,3,203819
126395,13,2012-04-06,0,41.0,1770.0,48.85,3.793,9249.62,0.0,59.94,3969.24,6016.86,131.0375484,5.965,3,219622
370743,39,2012-05-11,0,95.0,111313.87,75.52,3.688,8891.08,0.0,8.34,4182.79,3506.41,220.4075581,6.989,3,184109
7953,1,2012-03-16,0,87.0,48196.31,64.74,3.734,4298.16,7.5,2.02,2724.65,2017.69,221.2118132,7.348,3,151315
357557,38,2011-01-07,0,60.0,352.0,37.64,3.287,0.0,0.0,0.0,0.0,0.0,127.1917742,14.021,1,39690
276852,28,2012-06-22,0,59.0,135.37,91.61,4.014,10280.97,18.4,1.12,3663.41,6659.58,130.7929,11.627,3,206302
34738,4,2011-06-17,0,87.0,13091.38,83.51,3.618,0.0,0.0,0.0,0.0,0.0,129.0432,5.946,3,205863
410163,44,2011-07-15,0,21.0,764.2,75.59,3.553,0.0,0.0,0.0,0.0,0.0,129.1338387,6.56,1,39910
43961,5,2011-04-22,0,41.0,216.0,74.34,3.807,0.0,0.0,0.0,0.0,0.0,216.0280407,6.489,2,34875
76102,8,2012-01-20,0,55.0,5656.95,46.81,3.268,1643.08,1055.47,9.02,411.88,3161.92,223.5188055,5.825,3,155078
319955,33,2012-02-03,0,96.0,9301.98,59.53,3.543,653.33,7.4,3.38,0.0,773.27,130.3496774,7.603,3,39690
148241,15,2012-09-28,0,56.0,2286.41,57.13,4.158,5223.97,19.73,0.66,1260.77,5490.76,138.7395,8.193,2,123737
113360,12,2011-07-08,0,40.0,43753.57,89.9,3.705,0.0,0.0,0.0,0.0,0.0,129.1125,13.503,2,112238
32623,4,2010-11-19,0,19.0,4708.36,48.05,2.78,0.0,0.0,0.0,0.0,0.0,126.6072,7.127,3,205863
414281,45,2010-04-09,0,16.0,30662.43,65.45,2.869,0.0,0.0,0.0,0.0,0.0,181.7596377,8.899,2,118221
397278,42,2011-12-16,0,79.0,14445.57,50.53,3.489,2.42,0.0,31.33,0.0,675.78,129.8980645,7.874,1,39690
163327,17,2011-07-22,0,90.0,25205.21,69.82,3.563,0.0,0.0,0.0,0.0,0.0,129.1507742,6.745,2,93188
10412,2,2010-02-12,1,19.0,3713.47,38.49,2.548,0.0,0.0,0.0,0.0,0.0,210.8979935,8.324,3,202307
32976,4,2010-12-24,0,11.0,37994.51,43.21,2.887,0.0,0.0,0.0,0.0,0.0,126.9835806,7.127,3,205863
364209,39,2010-07-16,0,28.0,328.63,83.86,2.623,0.0,0.0,0.0,0.0,0.0,209.8630532,8.36,3,184109
339165,35,2012-02-17,0,85.0,1149.24,37.24,3.695,20207.59,7982.96,2.64,9522.98,10733.96,141.2140357,8.744,2,103681
212860,22,2011-06-24,0,38.0,66551.78,68.53,3.851,0.0,0.0,0.0,0.0,0.0,139.1832917,8.252,2,119557
294927,31,2010-02-05,0,19.0,36.0,39.05,2.572,0.0,0.0,0.0,0.0,0.0,210.7526053,8.324,3,203750
299703,31,2011-05-20,0,82.0,17994.63,68.36,3.907,0.0,0.0,0.0,0.0,0.0,215.3834778,7.931,3,203750
342551,36,2010-07-09,0,55.0,140.29,81.74,2.596,0.0,0.0,0.0,0.0,0.0,209.8708867,8.36,3,39910
238033,25,2010-02-05,0,1.0,17778.48,21.1,2.784,0.0,0.0,0.0,0.0,0.0,204.2471935,8.187,2,128107
31373,4,2010-07-23,0,44.0,4655.06,79.78,2.612,0.0,0.0,0.0,0.0,0.0,126.1283548,7.372,3,205863
270415,28,2010-09-24,0,67.0,5132.66,81.77,2.939,0.0,0.0,0.0,0.0,0.0,126.1900333,14.18,3,206302
53118,6,2011-03-18,0,2.0,51701.15,65.07,3.488,0.0,0.0,0.0,0.0,0.0,215.9035078,6.858,3,202505
25632,3,2011-08-19,0,91.0,459.28,88.44,3.554,0.0,0.0,0.0,0.0,0.0,219.023271,7.567,2,37392
159579,17,2010-07-02,0,26.0,10775.71,68.98,2.814,0.0,0.0,0.0,0.0,0.0,126.1392,6.697,2,93188
185846,19,2012-03-30,0,94.0,33343.77,43.47,4.098,9356.36,134.4,6.75,2056.18,3420.94,137.7261935,7.943,3,203819
180589,19,2010-10-22,0,91.0,53405.99,48.45,3.049,0.0,0.0,0.0,0.0,0.0,132.8170968,8.067,3,203819
179771,19,2010-08-06,0,58.0,3574.0,74.2,2.942,0.0,0.0,0.0,0.0,0.0,132.6141935,8.099,3,203819
77965,8,2012-07-27,0,5.0,13608.14,81.71,3.407,6382.88,80.6,3.55,2242.95,4403.2,225.5029014,5.401,3,155078
345602,36,2011-11-04,0,25.0,11.92,58.97,3.287,0.0,0.0,0.0,0.0,0.0,216.5634344,7.716,3,39910
214050,22,2011-10-28,0,85.0,2694.01,49.31,3.604,0.0,0.0,0.0,0.0,0.0,140.4447903,7.706,2,119557
320909,33,2012-06-22,0,21.0,105.41,95.75,4.014,213.64,0.0,0.0,0.0,2346.53,130.7929,7.396,3,39690
168571,18,2010-04-02,0,81.0,11274.71,45.63,2.826,0.0,0.0,0.0,0.0,0.0,131.9019677,9.269,2,120653
133539,14,2011-06-10,0,90.0,112223.0,73.88,3.881,0.0,0.0,0.0,0.0,0.0,185.6486923,8.521,3,200898
220503,23,2010-11-12,0,87.0,28705.89,35.59,2.961,0.0,0.0,0.0,0.0,0.0,132.9783226,5.287,2,114533
267531,27,2012-09-14,0,18.0,6183.64,68.72,4.088,17121.4,17.82,18.5,2384.18,4270.34,142.5938833,8.239,3,204184
210838,22,2010-11-26,1,7.0,77559.74,44.61,3.07,0.0,0.0,0.0,0.0,0.0,136.6895714,8.572,2,119557
181972,19,2011-03-11,0,42.0,5522.17,35.59,3.752,0.0,0.0,0.0,0.0,0.0,133.7361429,7.771,3,203819
8067,1,2012-03-30,0,24.0,5401.75,67.61,3.845,10309.58,0.5,10.25,1654.17,2642.78,221.3610119,7.348,3,151315
252786,26,2011-06-17,0,91.0,37662.71,54.5,3.873,0.0,0.0,0.0,0.0,0.0,135.0837333,7.818,3,152513
346790,36,2012-05-11,0,55.0,7.0,76.55,3.764,475.61,0.0,0.0,0.0,818.06,220.4075581,6.989,3,39910
1530,1,2010-07-02,0,83.0,5829.64,80.91,2.669,0.0,0.0,0.0,0.0,0.0,211.2235333,7.787,3,151315
380954,40,2012-06-01,0,93.0,32470.69,64.75,3.798,4641.39,30.6,50.93,420.22,1627.19,138.1138065,4.125,3,155083
356978,38,2010-10-15,0,38.0,38922.82,75.0,2.976,0.0,0.0,0.0,0.0,0.0,126.3266774,14.313,1,39690
35527,4,2011-09-02,0,31.0,4858.41,77.99,3.533,0.0,0.0,0.0,0.0,0.0,129.3259355,5.644,3,205863
292088,30,2011-10-14,0,9.0,63.51,69.79,3.274,0.0,0.0,0.0,0.0,0.0,217.0048261,7.441,1,42988
216523,22,2012-07-06,0,44.0,4737.82,77.41,3.538,10677.48,296.2,12.79,6485.38,3465.23,142.2234298,7.753,2,119557
282025,29,2011-03-18,0,4.0,12533.66,43.38,3.634,0.0,0.0,0.0,0.0,0.0,133.8492258,10.256,2,93638
140250,15,2010-07-09,0,82.0,8877.76,77.33,2.94,0.0,0.0,0.0,0.0,0.0,132.5461333,8.099,2,123737
144712,15,2011-10-07,0,19.0,1153.97,51.24,3.775,0.0,0.0,0.0,0.0,0.0,136.472,7.866,2,123737
300977,31,2011-09-23,0,14.0,13664.96,75.68,3.467,0.0,0.0,0.0,0.0,0.0,216.0282356,7.852,3,203750
131637,14,2010-12-03,0,82.0,34515.86,40.93,3.046,0.0,0.0,0.0,0.0,0.0,182.6676154,8.724,3,200898
167355,17,2012-08-31,0,83.0,339.04,68.07,3.624,11235.99,0.0,2.73,3648.33,1964.35,130.8853548,5.936,2,93188
74601,8,2011-08-19,0,29.0,3049.46,82.92,3.554,0.0,0.0,0.0,0.0,0.0,219.0701968,6.425,3,155078
150761,16,2010-09-24,0,22.0,6773.09,58.19,2.793,0.0,0.0,0.0,0.0,0.0,190.5713264,6.868,2,57197
412832,44,2012-07-20,0,31.0,38.52,75.69,3.556,204.26,0.0,1.22,0.0,1140.85,130.7012903,5.407,1,39910
151320,16,2010-11-26,1,26.0,3375.27,23.46,2.742,0.0,0.0,0.0,0.0,0.0,191.0121805,6.986,2,57197
390334,41,2012-03-23,0,74.0,17455.08,44.04,3.664,4605.49,49.08,2.6,1134.03,3631.27,197.2295234,6.589,3,196321
13187,2,2010-11-12,0,27.0,2520.27,59.69,2.728,0.0,0.0,0.0,0.0,0.0,211.6608975,8.163,3,202307
209812,22,2010-08-13,0,36.0,335.5,74.75,2.81,0.0,0.0,0.0,0.0,0.0,136.4928214,8.433,2,119557
382807,41,2010-02-26,0,59.0,863.0,21.84,2.586,0.0,0.0,0.0,0.0,0.0,189.6018023,7.541,3,196321
310058,32,2011-06-03,0,82.0,14688.42,61.25,3.763,0.0,0.0,0.0,0.0,0.0,192.8418131,8.595,3,203007
383262,41,2010-04-16,0,3.0,8494.56,46.79,2.765,0.0,0.0,0.0,0.0,0.0,189.6628845,7.363,3,196321
337174,35,2011-07-22,0,54.0,49.92,82.28,3.811,0.0,0.0,0.0,0.0,0.0,139.7969712,8.684,2,103681
279142,29,2010-05-14,0,8.0,20602.9,50.99,2.983,0.0,0.0,0.0,0.0,0.0,132.152129,10.16,2,93638
151024,16,2010-10-22,0,97.0,1910.49,45.85,2.762,0.0,0.0,0.0,0.0,0.0,190.9070184,6.986,2,57197
92131,10,2011-03-18,0,19.0,3060.53,70.12,3.892,0.0,0.0,0.0,0.0,0.0,128.5121935,8.744,2,126512
227321,23,2012-09-21,0,49.0,26023.06,56.8,4.056,7503.68,200.82,10.5,1993.04,6412.69,138.6534,4.156,2,114533
180896,19,2010-11-26,1,97.0,16398.52,42.62,3.186,0.0,0.0,0.0,0.0,0.0,132.8369333,8.067,3,203819
149108,16,2010-03-26,0,6.0,6707.38,29.88,2.717,0.0,0.0,0.0,0.0,0.0,189.7195417,7.039,2,57197
361300,38,2012-05-25,0,14.0,1156.62,83.84,4.293,452.9,0.0,0.5,0.0,1668.88,131.0287742,11.627,1,39690
291722,30,2011-08-19,0,23.0,4.77,90.11,3.554,0.0,0.0,0.0,0.0,0.0,215.3229307,7.852,1,42988
119794,13,2010-07-16,0,23.0,28528.96,77.79,2.791,0.0,0.0,0.0,0.0,0.0,126.1498065,7.951,3,219622
294761,30,2012-10-19,0,18.0,520.54,68.52,3.594,37.11,0.0,0.15,0.0,1030.33,223.0598077,6.17,1,42988
399995,43,2010-03-26,0,60.0,624.8,54.53,2.732,0.0,0.0,0.0,0.0,0.0,203.0165945,9.521,1,41062
366974,39,2011-04-22,0,42.0,4610.25,74.98,3.807,0.0,0.0,0.0,0.0,0.0,214.1921572,8.3,3,184109
368192,39,2011-08-26,0,72.0,52134.79,86.49,3.523,0.0,0.0,0.0,0.0,0.0,214.4878416,8.177,3,184109
155448,16,2012-02-03,0,26.0,1482.25,25.53,3.031,32702.46,747.82,2.39,8063.07,2940.68,196.8728921,6.162,2,57197
60923,7,2010-07-23,0,59.0,86.93,64.64,2.691,0.0,0.0,0.0,0.0,0.0,189.774698,9.017,2,70713
276664,28,2012-06-01,0,36.0,3188.0,78.11,4.277,15488.5,0.0,72.0,3872.89,5319.68,130.9592258,11.627,3,206302
287755,30,2010-02-12,1,74.0,413.34,37.77,2.548,0.0,0.0,0.0,0.0,0.0,210.8979935,8.324,1,42988
245428,25,2012-02-24,0,52.0,1276.64,35.51,3.739,10504.05,7242.9,0.0,5556.78,3596.69,213.4725116,6.961,2,128107
381855,40,2012-08-24,0,55.0,4530.04,63.91,3.874,6243.66,18.3,48.06,2649.7,6021.47,138.2814516,4.156,3,155083
337648,35,2011-09-09,1,55.0,8693.91,70.93,3.738,0.0,0.0,0.0,0.0,0.0,140.2310173,8.684,2,103681
89609,10,2010-07-16,0,24.0,15515.82,91.8,2.971,0.0,0.0,0.0,0.0,0.0,126.1498065,9.199,2,126512
187315,19,2012-08-17,0,55.0,6567.5,69.83,3.963,4512.6,370.35,11.11,2282.3,3764.75,138.1857097,8.193,3,203819
196818,20,2012-06-08,0,22.0,12572.01,62.01,3.689,8353.32,516.6,46.76,2073.77,7774.31,214.5527132,7.139,3,203742
11252,2,2010-05-07,0,85.0,3704.85,71.28,2.835,0.0,0.0,0.0,0.0,0.0,210.0011018,8.2,3,202307
192138,20,2011-03-11,0,74.0,25331.7,39.53,3.582,0.0,0.0,0.0,0.0,0.0,207.1882876,7.343,3,203742
157732,16,2012-09-28,0,98.0,26.1,51.4,3.789,2130.57,3.82,0.0,583.9,1409.43,198.5903276,6.061,2,57197
76745,8,2012-03-23,0,12.0,7341.03,52.9,3.787,6155.76,499.11,2.04,403.32,2748.36,224.8399424,5.825,3,155078
112138,12,2011-03-04,0,81.0,7815.33,51.72,3.674,0.0,0.0,0.0,0.0,0.0,128.26475,14.021,2,112238
388655,41,2011-10-07,0,36.0,1230.19,58.74,3.498,0.0,0.0,0.0,0.0,0.0,194.9459724,6.759,3,196321
139038,15,2010-03-12,0,83.0,426.74,41.39,2.938,0.0,0.0,0.0,0.0,0.0,131.784,8.35,2,123737
50336,6,2010-06-11,0,25.0,20175.75,81.81,2.668,0.0,0.0,0.0,0.0,0.0,212.9835992,7.092,3,202505
209075,22,2010-05-28,0,94.0,2.94,65.64,2.906,0.0,0.0,0.0,0.0,0.0,136.1489101,8.348,2,119557
417042,45,2011-01-21,0,83.0,940.13,30.55,3.229,0.0,0.0,0.0,0.0,0.0,182.9193368,8.549,2,118221
138595,14,2012-10-26,0,42.0,6639.76,58.85,3.882,9258.41,99.19,117.84,1489.28,1433.31,192.3088989,8.667,3,200898
326314,34,2011-04-15,0,96.0,17710.49,53.3,3.724,0.0,0.0,0.0,0.0,0.0,128.9107333,10.581,3,158114
296336,31,2010-06-25,0,60.0,114.4,87.01,2.653,0.0,0.0,0.0,0.0,0.0,210.9950134,8.2,3,203750
398101,42,2012-04-06,0,85.0,61.34,65.99,4.282,2.12,0.0,34.23,0.0,250.62,131.0375484,7.382,1,39690
44268,5,2011-05-27,0,33.0,2019.55,80.14,3.786,0.0,0.0,0.0,0.0,0.0,216.0704083,6.489,2,34875
90153,10,2010-09-10,1,91.0,14407.45,84.04,2.961,0.0,0.0,0.0,0.0,0.0,126.1145806,9.199,2,126512
213732,22,2011-09-23,0,59.0,237.11,62.36,3.758,0.0,0.0,0.0,0.0,0.0,140.32725,8.023,2,119557
202482,21,2011-04-15,0,95.0,40720.54,71.01,3.743,0.0,0.0,0.0,0.0,0.0,214.9420631,7.931,2,140167
101006,11,2010-11-05,0,74.0,23223.79,64.41,2.689,0.0,0.0,0.0,0.0,0.0,215.2765472,7.564,3,207499
112649,12,2011-04-22,0,79.0,42601.1,72.12,4.134,0.0,0.0,0.0,0.0,0.0,128.9553,13.736,2,112238
257887,27,2010-02-12,1,92.0,156617.26,29.81,2.94,0.0,0.0,0.0,0.0,0.0,135.4113076,8.237,3,204184
398851,42,2012-07-20,0,32.0,40.0,84.45,3.589,200.92,0.0,4.48,0.0,1026.11,130.7012903,7.17,1,39690
291685,30,2011-08-19,0,21.0,1510.68,90.11,3.554,0.0,0.0,0.0,0.0,0.0,215.3229307,7.852,1,42988
50504,6,2010-07-02,0,49.0,13648.79,80.34,2.669,0.0,0.0,0.0,0.0,0.0,212.746898,6.973,3,202505
112050,12,2011-02-25,0,54.0,61.84,48.45,3.53,0.0,0.0,0.0,0.0,0.0,128.13,14.021,2,112238
79510,9,2010-04-02,0,20.0,2100.98,65.21,2.719,0.0,0.0,0.0,0.0,0.0,214.3465181,6.384,2,125833
177162,18,2012-08-24,0,83.0,1723.0,68.52,3.874,842.8,63.4,32.68,460.81,3260.03,138.2814516,8.535,2,120653
696,1,2010-04-09,0,81.0,30023.4,65.86,2.77,0.0,0.0,0.0,0.0,0.0,210.6228574,7.808,3,151315
143775,15,2011-07-01,0,38.0,57809.11,67.43,3.916,0.0,0.0,0.0,0.0,0.0,135.4468,7.806,2,123737
414525,45,2010-04-30,0,14.0,12036.4,53.15,2.921,0.0,0.0,0.0,0.0,0.0,181.6620359,8.899,2,118221
33620,4,2011-02-25,0,29.0,7919.31,49.0,3.087,0.0,0.0,0.0,0.0,0.0,128.13,6.51,3,205863
149327,16,2010-04-23,0,29.0,1166.5,44.9,2.776,0.0,0.0,0.0,0.0,0.0,189.6190057,6.842,2,57197
158218,17,2010-02-12,1,87.0,7208.8,18.36,2.671,0.0,0.0,0.0,0.0,0.0,126.4962581,6.548,2,93188
404292,43,2011-12-23,0,83.0,3746.89,42.63,3.112,75.54,0.0,3.75,0.0,1276.15,210.9052972,10.148,1,41062
302402,31,2012-02-17,0,13.0,44539.56,45.03,3.51,13158.2,6689.78,10.34,6529.43,7435.73,220.0651993,7.057,3,203750
179416,19,2010-07-02,0,35.0,3661.0,66.25,2.958,0.0,0.0,0.0,0.0,0.0,132.5218667,8.099,3,203819
304186,31,2012-08-10,0,25.0,7740.94,89.57,3.494,15098.61,18.96,57.04,4709.17,6169.55,221.5954138,6.565,3,203750
409314,44,2011-03-18,0,79.0,3790.44,44.69,3.407,0.0,0.0,0.0,0.0,0.0,128.5121935,7.224,1,39910
403136,43,2011-07-01,0,25.0,103.84,91.36,3.524,0.0,0.0,0.0,0.0,0.0,207.0288571,10.641,1,41062
419666,45,2011-10-21,0,36.0,1498.35,59.6,3.57,0.0,0.0,0.0,0.0,0.0,187.7846197,8.523,2,118221
193594,20,2011-07-29,0,98.0,18640.09,77.47,3.829,0.0,0.0,0.0,0.0,0.0,208.6564699,7.274,3,203742
120490,13,2010-09-17,0,96.0,9243.89,66.84,2.875,0.0,0.0,0.0,0.0,0.0,126.1454667,7.951,3,219622
258516,27,2010-04-16,0,2.0,81446.21,54.95,3.01,0.0,0.0,0.0,0.0,0.0,135.82725,8.058,3,204184
397150,42,2011-11-25,1,16.0,1069.4,60.68,3.76,25.8,0.0,4.7,0.0,1932.72,129.8364,7.874,1,39690
299983,31,2011-06-17,0,24.0,3281.11,87.54,3.637,0.0,0.0,0.0,0.0,0.0,214.6513538,7.931,3,203750
69860,8,2010-04-23,0,95.0,62762.65,56.1,2.795,0.0,0.0,0.0,0.0,0.0,213.768119,6.29,3,155078
134561,14,2011-09-23,0,79.0,37227.04,63.75,3.711,0.0,0.0,0.0,0.0,0.0,187.0295321,8.625,3,200898
290734,30,2011-04-08,0,22.0,23.35,68.62,3.622,0.0,0.0,0.0,0.0,0.0,214.7252242,7.931,1,42988
201267,21,2010-12-03,0,93.0,397.26,50.43,2.708,0.0,0.0,0.0,0.0,0.0,211.265543,8.163,2,140167
171785,18,2011-02-25,0,17.0,19291.0,26.15,3.281,0.0,0.0,0.0,0.0,0.0,133.4921429,9.131,2,120653
400765,43,2010-07-16,0,11.0,477.17,84.17,2.623,0.0,0.0,0.0,0.0,0.0,203.0538548,9.816,1,41062
321623,33,2012-10-05,0,16.0,168.33,85.18,4.132,433.79,0.0,0.0,0.0,1160.27,131.0756667,6.895,3,39690
75703,8,2011-12-09,0,82.0,19208.3,30.51,3.158,4425.92,36.0,346.05,1791.15,9889.35,222.4651238,6.123,3,155078
337817,35,2011-09-30,0,22.0,20718.9,70.92,3.645,0.0,0.0,0.0,0.0,0.0,140.381,8.684,2,103681
26371,3,2011-11-11,0,96.0,3120.81,61.7,3.297,8787.59,2006.62,200.01,570.57,1005.33,221.4117517,7.197,2,37392
307508,32,2010-10-01,0,42.0,6125.18,66.14,2.759,0.0,0.0,0.0,0.0,0.0,190.6738241,9.137,3,203007
406236,43,2012-10-05,0,31.0,64.0,74.09,3.617,183.84,0.0,0.01,0.0,3093.39,214.4912667,8.839,1,41062
420745,45,2012-02-10,1,40.0,44267.95,37.0,3.64,15760.3,6113.95,5.43,5656.35,4685.58,189.7076048,8.424,2,118221
374592,40,2010-09-03,0,90.0,63356.18,70.66,2.735,0.0,0.0,0.0,0.0,0.0,132.7248387,5.326,3,155083
279611,29,2010-07-02,0,40.0,28352.42,72.88,2.815,0.0,0.0,0.0,0.0,0.0,132.5218667,10.409,2,93638
104723,11,2011-11-11,0,90.0,52803.1,64.2,3.297,9134.39,10126.19,473.38,2206.22,6338.3,221.4117517,7.197,3,207499
321069,33,2012-07-13,0,5.0,50.0,97.6,3.723,221.83,0.0,0.6,0.0,2405.4,130.683,7.147,3,39690
217412,22,2012-10-05,0,19.0,1107.8,62.09,4.027,5294.37,0.0,4.25,1447.19,3652.84,142.8516833,7.543,2,119557
184303,19,2011-10-28,0,2.0,47655.67,46.49,3.757,0.0,0.0,0.0,0.0,0.0,136.4884516,7.866,3,203819
189560,20,2010-06-25,0,9.0,44425.0,75.17,2.808,0.0,0.0,0.0,0.0,0.0,204.5675459,7.856,3,203742
30853,4,2010-05-28,0,90.0,72028.74,67.73,2.756,0.0,0.0,0.0,0.0,0.0,126.1602258,7.896,3,205863
377761,40,2011-07-15,0,29.0,3422.52,68.9,3.827,0.0,0.0,0.0,0.0,0.0,135.7837419,4.584,3,155083
362170,38,2012-09-14,0,92.0,47456.22,83.64,4.133,1047.05,0.0,15.47,0.0,2276.08,130.9776667,10.926,1,39690
77278,8,2012-05-18,0,49.0,1629.87,64.16,3.63,7288.06,0.0,24.25,585.14,4836.15,225.3002908,5.679,3,155078
234654,24,2011-12-09,0,59.0,1136.66,42.3,3.627,8915.25,0.0,209.71,2399.76,23368.58,136.5030667,8.454,3,203819
372938,40,2010-03-19,0,24.0,2365.13,40.54,2.834,0.0,0.0,0.0,0.0,0.0,131.8242903,5.892,3,155083
225915,23,2012-05-04,0,26.0,10216.29,45.88,3.991,9941.93,0.0,99.93,4899.79,2841.41,138.0332,4.125,2,114533
327937,34,2011-09-16,0,2.0,37108.77,64.94,3.532,0.0,0.0,0.0,0.0,0.0,129.4306,10.641,3,158114
375659,40,2010-12-17,0,82.0,24421.63,23.01,3.139,0.0,0.0,0.0,0.0,0.0,132.6804516,5.287,3,155083
175191,18,2012-02-03,0,50.0,959.0,37.62,3.633,19499.87,3227.0,424.44,43570.91,3158.83,137.0632581,8.075,2,120653
392771,42,2010-02-19,0,55.0,10.0,58.22,2.915,0.0,0.0,0.0,0.0,0.0,126.5262857,9.765,1,39690
188586,20,2010-03-26,0,87.0,27890.0,50.49,2.854,0.0,0.0,0.0,0.0,0.0,204.201755,8.187,3,203742
104817,11,2011-11-25,1,19.0,1783.93,70.03,3.236,531.09,74.35,71081.98,3.0,1676.85,221.9011185,7.197,3,207499
50297,6,2010-06-11,0,83.0,4581.92,81.81,2.668,0.0,0.0,0.0,0.0,0.0,212.9835992,7.092,3,202505
316903,33,2010-10-22,0,16.0,263.78,74.2,3.014,0.0,0.0,0.0,0.0,0.0,126.3815484,9.265,3,39690
363924,39,2010-06-18,0,27.0,944.72,83.96,2.637,0.0,0.0,0.0,0.0,0.0,210.2108417,8.464,3,184109
144195,15,2011-08-19,0,35.0,2232.02,70.41,3.942,0.0,0.0,0.0,0.0,0.0,136.183129,7.806,2,123737
412318,44,2012-05-11,0,17.0,342.25,56.47,3.809,529.2,0.0,2.1,0.0,1064.56,131.1453333,5.621,1,39910
260208,27,2010-10-01,0,2.0,71948.9,70.19,2.84,0.0,0.0,0.0,0.0,0.0,136.6297571,8.021,3,204184
403567,43,2011-09-02,0,12.0,61.63,87.84,3.533,0.0,0.0,0.0,0.0,0.0,207.6206959,10.641,1,41062
56116,6,2011-12-30,1,96.0,33080.22,46.8,3.129,6098.54,82881.16,326.68,814.58,2728.99,221.1282634,6.551,3,202505
229940,24,2010-09-03,0,4.0,31886.85,73.52,2.86,0.0,0.0,0.0,0.0,0.0,132.7248387,8.117,3,203819
288723,30,2010-07-02,0,14.0,1169.57,82.29,2.669,0.0,0.0,0.0,0.0,0.0,210.8803726,8.099,1,42988
267727,27,2012-10-05,0,20.0,9727.28,64.5,4.151,16670.04,0.0,40.02,5385.32,6733.38,142.8516833,8.0,3,204184
309821,32,2011-05-13,0,79.0,14321.76,56.09,3.767,0.0,0.0,0.0,0.0,0.0,192.826069,8.595,3,203007
77363,8,2012-05-25,0,4.0,22451.06,76.11,3.561,2989.94,0.0,651.09,1056.01,10189.75,225.3005779,5.679,3,155078
291285,30,2011-06-24,0,2.0,12774.49,85.72,3.594,0.0,0.0,0.0,0.0,0.0,214.7441108,7.931,1,42988
129288,14,2010-04-09,0,17.0,25318.97,65.45,2.869,0.0,0.0,0.0,0.0,0.0,181.7596377,8.899,3,200898
77287,8,2012-05-18,0,27.0,631.94,64.16,3.63,7288.06,0.0,24.25,585.14,4836.15,225.3002908,5.679,3,155078
218471,23,2010-04-23,0,67.0,12658.29,46.4,2.895,0.0,0.0,0.0,0.0,0.0,132.0226667,5.435,2,114533
328804,34,2011-12-16,0,96.0,20734.14,32.31,3.149,824.88,300.0,226.35,573.1,2966.73,129.8980645,10.148,3,158114
30489,4,2010-04-23,0,2.0,82631.69,56.87,2.805,0.0,0.0,0.0,0.0,0.0,126.4713333,7.896,3,205863
142738,15,2011-03-18,0,95.0,23178.29,40.23,3.796,0.0,0.0,0.0,0.0,0.0,133.8492258,7.771,2,123737
308845,32,2011-02-04,0,32.0,2665.2,15.47,3.011,0.0,0.0,0.0,0.0,0.0,191.7625895,8.818,3,203007
336999,35,2011-07-08,0,46.0,16083.37,76.87,3.711,0.0,0.0,0.0,0.0,0.0,139.5442083,8.684,2,103681
353716,37,2012-04-27,0,81.0,11399.37,70.06,3.814,259.23,0.0,7.58,0.0,861.14,220.3014485,6.989,1,39910
6238,1,2011-10-07,0,31.0,1178.65,69.31,3.285,0.0,0.0,0.0,0.0,0.0,217.0453684,7.866,3,151315
81822,9,2010-12-24,0,23.0,25906.87,50.93,2.886,0.0,0.0,0.0,0.0,0.0,214.9301534,6.56,2,125833
383950,41,2010-06-25,0,45.0,10.94,66.0,2.715,0.0,0.0,0.0,0.0,0.0,189.4533931,7.363,3,196321
84972,9,2011-12-16,0,22.0,7243.77,47.31,3.159,2755.9,0.0,136.48,384.78,2240.49,222.8825484,6.054,2,125833
212192,22,2011-04-15,0,28.0,1046.66,48.88,3.823,0.0,0.0,0.0,0.0,0.0,138.1646952,8.252,2,119557
377309,40,2011-06-03,0,71.0,1817.7,66.16,3.973,0.0,0.0,0.0,0.0,0.0,134.8551613,4.781,3,155083
285209,29,2012-02-17,0,21.0,4212.61,36.25,3.703,7180.13,5665.86,1.76,5185.35,3381.36,137.2583103,8.988,2,93638
16526,2,2011-10-07,0,12.0,8473.08,69.92,3.285,0.0,0.0,0.0,0.0,0.0,216.6958311,7.441,3,202307
414404,45,2010-04-23,0,26.0,7761.53,53.47,2.902,0.0,0.0,0.0,0.0,0.0,181.6772564,8.899,2,118221
294008,30,2012-07-06,0,11.0,863.39,85.26,3.227,799.32,0.0,2.35,2.96,2510.56,221.5215064,6.565,1,42988
185522,19,2012-02-24,0,27.0,2754.5,33.91,3.917,13926.46,11835.35,2.8,4929.34,6287.18,137.3411034,7.943,3,203819
236268,24,2012-05-11,0,1.0,13396.12,58.7,4.055,6503.15,-192.0,97.28,1798.06,1286.62,138.0882667,8.983,3,203819
393047,42,2010-04-02,0,3.0,717.11,63.66,3.086,0.0,0.0,0.0,0.0,0.0,126.6034839,9.524,1,39690
166494,17,2012-06-08,0,3.0,12290.03,60.51,3.776,6233.58,140.2,328.34,763.88,4501.73,130.8896774,6.235,2,93188
4161,1,2011-03-11,0,41.0,940.0,53.56,3.459,0.0,0.0,0.0,0.0,0.0,214.1110564,7.742,3,151315
15105,2,2011-05-20,0,9.0,27780.03,67.14,3.907,0.0,0.0,0.0,0.0,0.0,215.3834778,7.931,3,202307
230863,24,2010-12-03,0,18.0,49672.02,37.08,3.2,0.0,0.0,0.0,0.0,0.0,132.7566667,8.275,3,203819
338350,35,2011-11-25,1,31.0,3449.11,47.88,3.492,1333.24,0.0,58563.24,20.97,6386.86,140.4217857,8.745,2,103681
371868,39,2012-08-31,0,71.0,8264.87,83.72,3.638,24675.17,73.5,63.4,12048.3,15590.53,220.9853964,6.623,3,184109
129055,14,2010-03-19,0,58.0,4271.0,48.79,2.844,0.0,0.0,0.0,0.0,0.0,182.0779857,8.992,3,200898
230100,24,2010-09-17,0,21.0,5879.33,60.31,2.846,0.0,0.0,0.0,0.0,0.0,132.7670667,8.117,3,203819
395881,42,2011-05-27,0,5.0,1117.72,78.62,3.933,0.0,0.0,0.0,0.0,0.0,129.0623548,8.494,1,39690
295004,31,2010-02-12,1,37.0,3569.1,37.77,2.548,0.0,0.0,0.0,0.0,0.0,210.8979935,8.324,3,203750
117928,12,2012-10-19,0,22.0,8767.93,68.66,4.449,1810.87,0.0,8.48,640.64,2250.86,131.1499677,10.199,2,112238
34683,4,2011-06-10,0,6.0,5964.64,80.05,3.64,0.0,0.0,0.0,0.0,0.0,129.0357097,5.946,3,205863
220750,23,2010-12-10,0,25.0,27104.18,20.12,3.132,0.0,0.0,0.0,0.0,0.0,132.6764,5.287,2,114533
21797,3,2010-06-18,0,60.0,98.8,83.52,2.637,0.0,0.0,0.0,0.0,0.0,214.7858259,7.343,2,37392
253324,26,2011-08-12,0,85.0,1308.69,62.99,3.88,0.0,0.0,0.0,0.0,0.0,136.144129,7.767,3,152513
297112,31,2010-09-10,1,82.0,12948.27,79.3,2.565,0.0,0.0,0.0,0.0,0.0,211.1532104,8.099,3,203750
62229,7,2010-12-03,0,71.0,1925.92,21.88,2.712,0.0,0.0,0.0,0.0,0.0,190.9931437,9.137,2,70713
208076,22,2010-02-12,1,35.0,1966.0,28.14,2.771,0.0,0.0,0.0,0.0,0.0,135.4113076,8.283,2,119557
340138,35,2012-05-25,0,85.0,2107.17,64.77,3.798,8708.2,0.0,296.24,1676.8,2399.15,142.1032776,8.876,2,103681
318414,33,2011-06-10,0,31.0,7.0,87.02,3.981,0.0,0.0,0.0,0.0,0.0,129.0357097,8.687,3,39690
258588,27,2010-04-23,0,44.0,5223.62,53.91,3.021,0.0,0.0,0.0,0.0,0.0,135.8721667,8.058,3,204184
396820,42,2011-10-07,0,13.0,17602.6,75.01,3.827,0.0,0.0,0.0,0.0,0.0,129.6938,7.874,1,39690
315980,33,2010-05-28,0,2.0,7441.21,78.47,3.058,0.0,0.0,0.0,0.0,0.0,126.1602258,9.849,3,39690
315785,33,2010-04-30,0,16.0,468.09,73.29,3.105,0.0,0.0,0.0,0.0,0.0,126.3805667,9.849,3,39690
79496,9,2010-04-02,0,46.0,7715.19,65.21,2.719,0.0,0.0,0.0,0.0,0.0,214.3465181,6.384,2,125833
107696,11,2012-08-31,0,19.0,1214.44,86.49,3.638,16650.73,120.0,45.0,7575.93,6689.78,225.8293063,6.334,3,207499
297761,31,2010-11-12,0,38.0,77863.81,60.95,2.728,0.0,0.0,0.0,0.0,0.0,211.6608975,8.163,3,203750
410019,44,2011-06-24,0,46.0,6942.45,66.38,3.668,0.0,0.0,0.0,0.0,0.0,129.0663,6.906,1,39910
169248,18,2010-06-11,0,26.0,11185.54,64.08,2.83,0.0,0.0,0.0,0.0,0.0,132.4357419,9.269,2,120653
385199,41,2010-10-29,0,4.0,28220.45,42.16,2.748,0.0,0.0,0.0,0.0,0.0,190.951728,7.508,3,196321
366205,39,2011-02-04,0,59.0,561.65,45.96,2.989,0.0,0.0,0.0,0.0,0.0,211.3333753,8.395,3,184109
168199,18,2010-02-26,0,93.0,780.7,35.42,2.753,0.0,0.0,0.0,0.0,0.0,131.686,9.202,2,120653
120543,13,2010-09-24,0,58.0,8026.0,68.22,2.872,0.0,0.0,0.0,0.0,0.0,126.1900333,7.951,3,219622
249727,26,2010-08-06,0,59.0,374.76,62.93,2.792,0.0,0.0,0.0,0.0,0.0,132.6141935,8.445,3,152513
132326,14,2011-02-11,1,44.0,5330.76,30.3,3.239,0.0,0.0,0.0,0.0,0.0,183.7016129,8.549,3,200898
223086,23,2011-07-29,0,11.0,31784.56,69.55,3.898,0.0,0.0,0.0,0.0,0.0,135.9639355,4.584,2,114533
203862,21,2011-09-09,1,67.0,3313.0,78.87,3.546,0.0,0.0,0.0,0.0,0.0,215.5148295,7.852,2,140167
408788,44,2010-12-31,1,12.0,70.28,26.79,2.868,0.0,0.0,0.0,0.0,0.0,127.0876774,7.61,1,39910
278196,29,2010-02-05,0,9.0,4419.73,24.36,2.788,0.0,0.0,0.0,0.0,0.0,131.5279032,10.064,2,93638
163536,17,2011-08-12,0,5.0,18653.42,64.79,3.606,0.0,0.0,0.0,0.0,0.0,129.2015806,6.745,2,93188
19787,2,2012-08-17,0,11.0,19550.71,84.79,3.571,4774.16,330.78,10.53,4253.28,4927.26,221.6751459,6.565,3,202307
370180,39,2012-03-16,0,18.0,2890.95,65.81,3.734,4150.56,184.15,6.24,1947.25,13451.44,219.8956335,7.244,3,184109
260168,27,2010-09-24,0,97.0,20645.06,67.08,2.837,0.0,0.0,0.0,0.0,0.0,136.6317821,7.982,3,204184
140887,15,2010-09-17,0,67.0,4780.16,57.94,2.846,0.0,0.0,0.0,0.0,0.0,132.7670667,8.099,2,123737
292116,30,2011-10-14,0,98.0,3329.25,69.79,3.274,0.0,0.0,0.0,0.0,0.0,217.0048261,7.441,1,42988
365864,39,2010-12-31,1,41.0,207.0,52.45,2.943,0.0,0.0,0.0,0.0,0.0,210.182398,8.476,3,184109
31479,4,2010-07-30,0,19.0,2652.9,80.7,2.65,0.0,0.0,0.0,0.0,0.0,126.1069032,7.372,3,205863
390221,41,2012-03-09,0,79.0,25046.86,35.3,3.286,15255.04,285.89,7.74,3203.61,3889.43,196.9631599,6.589,3,196321
40679,5,2010-04-23,0,9.0,9131.73,65.13,2.795,0.0,0.0,0.0,0.0,0.0,210.9891204,6.465,2,34875
98544,11,2010-03-05,0,13.0,44409.45,53.96,2.625,0.0,0.0,0.0,0.0,0.0,214.6751386,7.368,3,207499
42432,5,2010-11-05,0,60.0,360.8,58.88,2.689,0.0,0.0,0.0,0.0,0.0,212.5126051,6.768,2,34875
303393,31,2012-05-18,0,37.0,2368.46,72.42,3.63,8569.82,0.0,47.39,719.88,17903.64,221.380331,6.891,3,203750
150601,16,2010-09-10,1,59.0,76.37,57.24,2.78,0.0,0.0,0.0,0.0,0.0,190.3958293,6.868,2,57197
63678,7,2011-05-06,0,2.0,16698.57,26.54,3.735,0.0,0.0,0.0,0.0,0.0,192.7252006,8.595,2,70713
413512,44,2012-10-19,0,87.0,429.81,52.06,3.781,139.57,0.0,3.5,0.0,472.02,131.1499677,5.217,1,39910
388973,41,2011-11-11,0,55.0,28648.88,32.87,3.505,17118.58,14927.3,309.49,8187.22,4925.08,195.6376941,6.759,3,196321
123858,13,2011-08-05,0,54.0,15.0,75.56,3.595,0.0,0.0,0.0,0.0,0.0,129.1846452,6.877,3,219622
166699,17,2012-06-22,0,38.0,88518.39,62.9,3.737,3500.33,466.98,0.0,1789.53,2980.58,130.7929,6.235,2,93188
377162,40,2011-05-20,0,30.0,2645.96,56.38,4.101,0.0,0.0,0.0,0.0,0.0,134.6803871,4.781,3,155083
163071,17,2011-07-01,0,1.0,19499.12,67.39,3.613,0.0,0.0,0.0,0.0,0.0,129.0894,6.745,2,93188
156741,16,2012-06-15,0,2.0,24106.25,65.36,3.723,7027.33,141.8,125.91,642.76,1980.96,197.692292,6.169,2,57197
368515,39,2011-09-30,0,95.0,105032.04,81.51,3.355,0.0,0.0,0.0,0.0,0.0,215.4532259,8.177,3,184109
394838,42,2010-12-24,0,59.0,68.9,57.06,3.236,0.0,0.0,0.0,0.0,0.0,126.9835806,9.003,1,39690
416767,45,2010-12-24,0,31.0,12913.1,30.59,3.141,0.0,0.0,0.0,0.0,0.0,182.54459,8.724,2,118221
279828,29,2010-07-30,0,12.0,2351.11,76.35,2.792,0.0,0.0,0.0,0.0,0.0,132.5983871,10.409,2,93638
35568,4,2011-09-02,0,28.0,530.7,77.99,3.533,0.0,0.0,0.0,0.0,0.0,129.3259355,5.644,3,205863
32565,4,2010-11-12,0,32.0,10233.67,52.65,2.741,0.0,0.0,0.0,0.0,0.0,126.5461613,7.127,3,205863
114817,12,2011-12-09,0,44.0,10346.65,42.17,3.644,8374.63,15.85,573.92,5849.71,37581.27,129.8555333,12.89,2,112238
13409,2,2010-12-03,0,96.0,29061.73,49.33,2.708,0.0,0.0,0.0,0.0,0.0,211.265543,8.163,3,202307
350880,37,2011-04-08,0,74.0,356.86,69.39,3.622,0.0,0.0,0.0,0.0,0.0,213.8116658,8.3,1,39910
136326,14,2012-03-16,0,49.0,14379.76,50.56,3.862,6021.47,280.43,5.5,1814.5,1581.84,190.4618964,8.424,3,200898
213887,22,2011-10-07,0,6.0,2612.93,56.44,3.633,0.0,0.0,0.0,0.0,0.0,140.43475,7.706,2,119557
122332,13,2011-03-11,0,90.0,111682.72,41.28,3.346,0.0,0.0,0.0,0.0,0.0,128.3995,7.47,3,219622
41103,5,2010-06-11,0,59.0,84.19,80.7,2.668,0.0,0.0,0.0,0.0,0.0,212.0142605,6.465,2,34875
42458,5,2010-11-12,0,2.0,11433.78,62.37,2.728,0.0,0.0,0.0,0.0,0.0,212.5604113,6.768,2,34875
127510,13,2012-07-20,0,56.0,4863.03,75.69,3.556,6060.59,133.34,35.23,1518.75,6675.69,130.7012903,5.765,3,219622
393990,42,2010-08-20,0,92.0,69649.75,89.88,3.041,0.0,0.0,0.0,0.0,0.0,126.0766452,9.199,1,39690
68245,7,2012-08-17,0,2.0,26397.07,59.66,3.545,1266.82,34.6,46.86,1649.91,1421.44,198.1001057,7.872,2,70713
392727,42,2010-02-12,1,60.0,369.6,49.96,2.828,0.0,0.0,0.0,0.0,0.0,126.4962581,9.765,1,39690
9941,1,2012-09-28,0,32.0,3909.44,76.08,3.666,3666.27,7.64,1.65,1417.96,4744.28,222.9816579,6.908,3,151315
304914,31,2012-10-19,0,4.0,34796.74,68.52,3.594,2432.45,0.0,14.89,1202.44,9394.54,223.0598077,6.17,3,203750
267829,27,2012-10-12,0,91.0,63138.36,55.4,4.186,2177.62,0.0,7.22,863.01,7931.82,142.9376167,8.0,3,204184
271686,28,2011-01-28,0,27.0,1572.59,50.74,3.342,0.0,0.0,0.0,0.0,0.0,127.5800323,14.021,3,206302
400030,43,2010-04-02,0,18.0,2267.97,62.19,2.719,0.0,0.0,0.0,0.0,0.0,202.83803,9.593,1,41062
266003,27,2012-04-20,0,17.0,13134.67,62.62,4.17,12507.63,2681.1,99.95,1433.43,3244.98,141.9015262,8.253,3,204184
118412,13,2010-03-05,0,60.0,1082.4,40.65,2.681,0.0,0.0,0.0,0.0,0.0,126.5782857,8.316,3,219622
272268,28,2011-03-25,0,90.0,57129.43,54.4,3.909,0.0,0.0,0.0,0.0,0.0,128.6160645,14.021,3,206302
174481,18,2011-11-25,1,25.0,18115.2,41.97,3.536,748.82,46.0,71366.86,19.0,577.4,136.4788,8.471,2,120653
296774,31,2010-08-06,0,33.0,4882.8,90.3,2.627,0.0,0.0,0.0,0.0,0.0,211.1608049,8.099,3,203750
389553,41,2012-01-06,0,98.0,7268.55,37.21,3.095,6453.63,22866.83,126.87,2582.41,4266.94,196.5458309,6.589,3,196321
56669,6,2012-02-24,0,44.0,7401.48,59.17,3.555,9198.08,8878.31,10.6,642.13,5539.68,222.2392726,6.132,3,202505
325239,34,2010-12-31,1,22.0,7994.02,34.11,2.955,0.0,0.0,0.0,0.0,0.0,127.0876774,10.21,3,158114
405399,43,2012-06-01,0,52.0,5.88,80.89,3.501,290.87,0.0,0.8,0.0,725.1,213.1719747,9.575,1,41062
36025,4,2011-10-21,0,31.0,3104.5,64.79,3.361,0.0,0.0,0.0,0.0,0.0,129.7821613,5.143,3,205863
375081,40,2010-10-22,0,27.0,1223.5,41.25,2.919,0.0,0.0,0.0,0.0,0.0,132.8170968,5.287,3,155083
122680,13,2011-04-15,0,28.0,1449.11,41.72,3.616,0.0,0.0,0.0,0.0,0.0,128.9107333,7.193,3,219622
101807,11,2011-01-28,0,27.0,2259.44,51.04,3.01,0.0,0.0,0.0,0.0,0.0,215.5065821,7.551,3,207499
373852,40,2010-06-18,0,3.0,4348.08,60.97,2.805,0.0,0.0,0.0,0.0,0.0,132.4733333,5.435,3,155083
112582,12,2011-04-15,0,33.0,9575.46,57.63,3.868,0.0,0.0,0.0,0.0,0.0,128.9107333,13.736,2,112238
128796,14,2010-02-19,0,47.0,10.0,31.27,2.745,0.0,0.0,0.0,0.0,0.0,182.0347816,8.992,3,200898
269152,28,2010-05-21,0,58.0,1490.0,76.2,3.12,0.0,0.0,0.0,0.0,0.0,126.1843871,14.099,3,206302
366820,39,2011-04-08,0,22.0,9405.62,69.45,3.622,0.0,0.0,0.0,0.0,0.0,213.8116658,8.3,3,184109
166597,17,2012-06-15,0,83.0,602.02,56.67,3.756,6069.6,147.0,0.18,1949.47,1373.68,130.8295333,6.235,2,93188
207509,21,2012-09-21,0,1.0,12183.92,71.54,3.721,9104.0,33.73,12.28,1675.24,8387.92,222.4169362,6.565,2,140167
298028,31,2010-12-10,0,28.0,1129.41,46.35,2.843,0.0,0.0,0.0,0.0,0.0,211.1247993,8.163,3,203750
405308,43,2012-05-18,0,93.0,36370.0,72.06,3.63,939.16,0.0,0.0,0.0,1477.98,213.1753618,9.575,1,41062
2368,1,2010-09-24,0,16.0,14857.74,80.94,2.624,0.0,0.0,0.0,0.0,0.0,211.5972246,7.787,3,151315
394580,42,2010-11-19,0,67.0,1006.21,58.83,3.047,0.0,0.0,0.0,0.0,0.0,126.6072,9.003,1,39690
147531,15,2012-07-13,0,23.0,19551.97,72.62,3.689,3376.03,189.6,50.02,942.78,753.32,138.263,8.193,2,123737
87119,9,2012-08-10,0,3.0,13941.28,88.66,3.494,3180.78,-9.94,1.4,2112.03,2314.58,225.7170094,5.277,2,125833
180194,19,2010-09-17,0,2.0,51508.83,58.68,2.846,0.0,0.0,0.0,0.0,0.0,132.7670667,8.099,3,203819
297285,31,2010-09-24,0,17.0,7869.17,80.79,2.624,0.0,0.0,0.0,0.0,0.0,211.2552578,8.099,3,203750
374066,40,2010-07-09,0,48.0,648.84,76.67,2.806,0.0,0.0,0.0,0.0,0.0,132.5461333,5.326,3,155083
62907,7,2011-02-11,1,46.0,13171.47,10.24,3.037,0.0,0.0,0.0,0.0,0.0,191.8572881,8.818,2,70713
215413,22,2012-03-16,0,23.0,26609.01,46.06,3.867,8463.01,51.31,11.36,3719.23,4895.18,141.55478,7.503,2,119557
295405,31,2010-03-26,0,34.0,14766.31,51.66,2.732,0.0,0.0,0.0,0.0,0.0,210.6766095,8.324,3,203750
177811,18,2012-10-26,0,58.0,2175.0,56.09,3.917,5430.61,128.31,50.0,822.64,969.64,138.7281613,8.243,2,120653
210137,22,2010-09-17,0,54.0,175.0,62.49,2.716,0.0,0.0,0.0,0.0,0.0,136.6338071,8.433,2,119557
297831,31,2010-11-19,0,28.0,1136.04,51.71,2.771,0.0,0.0,0.0,0.0,0.0,211.5470304,8.163,3,203750
192327,20,2011-03-25,0,3.0,10817.04,44.83,3.625,0.0,0.0,0.0,0.0,0.0,207.6553444,7.343,3,203742
244196,25,2011-10-28,0,34.0,11166.92,46.28,3.569,0.0,0.0,0.0,0.0,0.0,210.6918901,7.082,2,128107
52822,6,2011-02-18,0,24.0,5165.6,59.61,3.045,0.0,0.0,0.0,0.0,0.0,214.7775231,6.858,3,202505
72878,8,2011-02-25,0,4.0,20423.51,51.29,3.065,0.0,0.0,0.0,0.0,0.0,216.9247918,6.262,3,155078
329679,34,2012-03-09,0,79.0,13853.46,42.7,3.667,6150.33,209.07,0.0,124.83,4638.14,130.7413793,9.653,3,158114
389988,41,2012-02-17,0,93.0,36201.34,22.52,3.113,15838.59,10710.9,14.96,10097.26,7390.48,196.9432711,6.589,3,196321
270093,28,2010-08-27,0,85.0,1838.45,93.19,3.129,0.0,0.0,0.0,0.0,0.0,126.0892903,14.18,3,206302
273721,28,2011-08-19,0,95.0,91074.61,91.74,3.743,0.0,0.0,0.0,0.0,0.0,129.2405806,13.503,3,206302
220067,23,2010-10-01,0,97.0,2829.64,62.07,2.717,0.0,0.0,0.0,0.0,0.0,132.7568,5.287,2,114533
269971,28,2010-08-13,0,16.0,7637.72,87.01,3.159,0.0,0.0,0.0,0.0,0.0,126.064,14.18,3,206302
391785,41,2012-08-10,0,48.0,247.0,71.73,3.509,11523.22,78.18,6.43,5132.4,2667.3,198.0795651,6.432,3,196321
54984,6,2011-09-16,0,14.0,19697.98,84.94,3.526,0.0,0.0,0.0,0.0,0.0,217.5797506,6.925,3,202505
201449,21,2010-12-24,0,25.0,28440.9,51.29,2.886,0.0,0.0,0.0,0.0,0.0,211.0646599,8.163,2,140167
154947,16,2011-12-16,0,5.0,26581.81,22.5,3.266,2801.5,0.0,99.57,422.6,2684.19,195.9841685,6.232,2,57197
130316,14,2010-07-23,0,14.0,21565.62,81.46,2.771,0.0,0.0,0.0,0.0,0.0,182.3509895,8.743,3,200898
100060,11,2010-08-06,0,83.0,3910.54,86.54,2.627,0.0,0.0,0.0,0.0,0.0,214.8341952,7.346,3,207499
390947,41,2012-05-18,0,41.0,1869.11,55.24,3.837,6415.86,0.0,179.28,998.25,2976.99,197.5553137,6.547,3,196321
94999,10,2011-12-23,0,72.0,296628.29,48.36,3.541,300.02,77.73,2432.01,108.37,4078.21,129.9845484,7.874,2,126512
28220,3,2012-06-01,0,56.0,1255.37,81.55,3.501,2664.55,10.0,220.03,618.49,1940.77,225.2518313,6.664,2,37392
369418,39,2011-12-30,1,44.0,3867.11,47.6,3.129,5363.52,53918.62,193.95,383.85,8337.7,218.2302364,7.716,3,184109
419655,45,2011-10-21,0,18.0,8037.16,59.6,3.57,0.0,0.0,0.0,0.0,0.0,187.7846197,8.523,2,118221
373536,40,2010-05-21,0,24.0,2196.17,56.75,2.961,0.0,0.0,0.0,0.0,0.0,132.2230323,5.435,3,155083
167513,17,2012-09-14,0,98.0,40.8,59.64,3.749,5620.89,0.0,13.95,260.46,4585.25,130.9776667,5.936,2,93188
69708,8,2010-04-09,0,13.0,24755.59,59.25,2.77,0.0,0.0,0.0,0.0,0.0,213.9580793,6.29,3,155078
9847,1,2012-09-21,0,40.0,57957.57,69.87,3.721,6352.3,7.64,4.69,1010.06,6456.71,222.7818386,6.908,3,151315
179369,19,2010-06-25,0,44.0,5777.61,72.3,2.958,0.0,0.0,0.0,0.0,0.0,132.4976,8.185,3,203819
341889,36,2010-03-19,0,95.0,41078.26,59.56,2.701,0.0,0.0,0.0,0.0,0.0,209.9803208,8.554,3,39910
63877,7,2011-05-27,0,92.0,21015.13,37.51,3.795,0.0,0.0,0.0,0.0,0.0,192.8365651,8.595,2,70713
191765,20,2011-01-28,0,98.0,16941.86,23.21,3.237,0.0,0.0,0.0,0.0,0.0,205.3894952,7.343,3,203742
133967,14,2011-07-22,0,38.0,95856.83,82.33,3.811,0.0,0.0,0.0,0.0,0.0,186.2177885,8.625,3,200898
410944,44,2011-11-04,0,67.0,867.1,43.51,3.538,0.0,0.0,0.0,0.0,0.0,129.8051935,6.078,1,39910
195766,20,2012-02-24,0,23.0,30002.2,39.79,3.739,11230.85,10561.94,12.2,1457.31,21024.39,213.4725116,6.961,3,203742
201483,21,2010-12-31,1,3.0,7063.17,47.19,2.943,0.0,0.0,0.0,0.0,0.0,211.064774,8.163,2,140167
165540,17,2012-03-02,0,10.0,12139.89,26.28,3.242,14469.08,1163.89,37.38,8771.3,2237.79,130.6457931,6.403,2,93188
96369,10,2012-05-04,0,19.0,3571.21,77.02,4.058,18275.88,0.0,21.31,4872.45,2722.29,131.136,7.382,2,126512
245541,25,2012-03-09,0,72.0,30524.83,37.44,3.848,11412.9,944.64,0.7,13264.83,3951.01,213.8711137,6.961,2,128107
68353,7,2012-08-24,0,17.0,5174.76,59.27,3.558,2534.52,19.6,1.86,1627.26,3915.85,198.0984199,7.872,2,70713
278028,28,2012-10-19,0,49.0,11831.57,68.66,4.449,2307.28,0.0,4.7,1406.03,4122.2,131.1499677,10.199,3,206302
311256,32,2011-09-30,0,59.0,483.76,65.04,3.538,0.0,0.0,0.0,0.0,0.0,194.8779718,8.622,3,203007
172980,18,2011-06-24,0,23.0,44081.89,67.41,3.851,0.0,0.0,0.0,0.0,0.0,135.2652667,8.975,2,120653
119750,13,2010-07-09,0,54.0,230.0,71.33,2.802,0.0,0.0,0.0,0.0,0.0,126.1518,7.951,3,219622
230289,24,2010-10-08,0,82.0,19332.11,54.82,2.903,0.0,0.0,0.0,0.0,0.0,132.7516667,8.275,3,203819
213334,22,2011-08-12,0,17.0,13721.93,74.69,3.88,0.0,0.0,0.0,0.0,0.0,140.0859873,8.023,2,119557
185262,19,2012-01-27,0,11.0,16568.15,32.41,3.737,3112.37,4031.78,289.74,20.97,2353.81,136.9598387,7.943,3,203819
110534,12,2010-09-17,0,92.0,21662.54,82.45,3.028,0.0,0.0,0.0,0.0,0.0,126.1454667,14.18,2,112238
58773,6,2012-09-21,0,74.0,20089.96,70.81,3.721,8735.97,3.82,6.15,855.06,9092.57,224.4017192,5.668,3,202505
30873,4,2010-06-04,0,60.0,484.0,70.83,2.701,0.0,0.0,0.0,0.0,0.0,126.1360645,7.896,3,205863
144903,15,2011-10-28,0,30.0,2657.2,45.54,3.757,0.0,0.0,0.0,0.0,0.0,136.4884516,7.866,2,123737
393819,42,2010-07-23,0,11.0,1433.25,88.44,3.112,0.0,0.0,0.0,0.0,0.0,126.1283548,9.199,1,39690
49656,6,2010-04-09,0,87.0,30704.41,66.15,2.77,0.0,0.0,0.0,0.0,0.0,212.1308239,7.092,3,202505
254021,26,2011-10-21,0,12.0,3577.35,45.23,3.618,0.0,0.0,0.0,0.0,0.0,136.5017742,7.598,3,152513
22520,3,2010-09-10,1,54.0,5.0,80.84,2.565,0.0,0.0,0.0,0.0,0.0,214.8065431,7.346,2,37392
20873,3,2010-03-05,0,19.0,993.1,53.04,2.625,0.0,0.0,0.0,0.0,0.0,214.6751386,7.368,2,37392
408501,44,2010-11-26,1,93.0,12662.32,28.22,2.83,0.0,0.0,0.0,0.0,0.0,126.6692667,7.61,1,39910
248082,26,2010-02-19,0,45.0,11.47,22.62,2.747,0.0,0.0,0.0,0.0,0.0,131.637,8.488,3,152513
246455,25,2012-06-08,0,38.0,46861.29,58.48,3.689,9024.73,207.4,64.04,2897.69,4748.56,214.5527132,7.139,2,128107
413153,44,2012-08-31,0,17.0,293.18,79.18,3.624,356.47,0.0,39.11,0.0,795.72,130.8853548,5.407,1,39910
146804,15,2012-05-04,0,82.0,9707.83,51.04,4.124,8300.37,0.0,110.97,3056.54,1610.94,138.0332,8.15,2,123737
353210,37,2012-02-17,0,59.0,93.79,54.38,3.51,1173.99,593.1,2.86,0.0,1372.2,219.1148297,7.244,1,39910
166172,17,2012-05-04,0,26.0,5695.75,48.86,3.831,10140.57,0.0,181.65,2709.84,1859.33,131.136,6.235,2,93188
95967,10,2012-03-23,0,49.0,23466.5,56.54,4.288,4034.35,3.1,4.08,480.89,2194.51,130.8966452,7.545,2,126512
191275,20,2010-12-17,0,40.0,80224.18,24.07,3.14,0.0,0.0,0.0,0.0,0.0,204.6321194,7.484,3,203742
272797,28,2011-05-20,0,25.0,14144.34,66.59,4.169,0.0,0.0,0.0,0.0,0.0,129.0756774,13.736,3,206302
238130,25,2010-02-12,1,13.0,18548.5,19.64,2.773,0.0,0.0,0.0,0.0,0.0,204.3857472,8.187,2,128107
82017,9,2011-01-21,0,54.0,47.72,44.72,3.016,0.0,0.0,0.0,0.0,0.0,215.3554013,6.416,2,125833
247480,25,2012-09-21,0,31.0,1543.59,57.6,4.038,7709.27,17.82,61.88,802.77,8294.38,215.5475459,7.28,2,128107
175205,18,2012-02-10,1,52.0,2829.74,32.83,3.655,36778.65,4105.7,222.56,16024.01,8840.68,137.1666774,8.075,2,120653
350024,37,2010-12-03,0,46.0,7197.43,54.44,2.708,0.0,0.0,0.0,0.0,0.0,210.376263,8.476,1,39910
128649,14,2010-02-05,0,93.0,103827.72,27.31,2.784,0.0,0.0,0.0,0.0,0.0,181.8711898,8.992,3,200898
31049,4,2010-06-18,0,74.0,16448.95,81.53,2.635,0.0,0.0,0.0,0.0,0.0,126.114,7.896,3,205863
335388,35,2011-01-14,0,40.0,32301.59,25.7,3.205,0.0,0.0,0.0,0.0,0.0,136.803477,8.549,2,103681
63593,7,2011-04-22,0,96.0,903.89,31.84,3.636,0.0,0.0,0.0,0.0,0.0,192.5234638,8.595,2,70713
227282,23,2012-09-14,0,6.0,4231.83,61.37,3.988,5186.12,0.0,21.5,990.89,7934.73,138.5673,4.156,2,114533
422801,45,2012-09-07,1,59.0,166.66,75.7,3.911,11024.45,12.8,52.63,1854.77,2055.7,191.5776756,8.684,2,118221
383714,41,2010-05-28,0,67.0,11099.4,56.97,2.737,0.0,0.0,0.0,0.0,0.0,189.4452425,7.363,3,196321
339347,35,2012-03-09,0,46.0,14776.73,44.32,3.848,16514.65,344.55,68.3,2596.73,2245.26,141.4742857,8.744,2,103681
9374,1,2012-08-03,0,19.0,901.62,86.11,3.417,27584.78,119.98,30.23,12007.04,4661.71,221.9498642,6.908,3,151315
15140,2,2011-05-20,0,30.0,4502.62,67.14,3.907,0.0,0.0,0.0,0.0,0.0,215.3834778,7.931,3,202307
224405,23,2011-12-02,0,59.0,1732.77,43.6,3.501,6134.68,50.47,8734.68,5080.3,20441.81,136.4909333,4.42,2,114533
118252,13,2010-02-19,0,27.0,2979.5,35.7,2.654,0.0,0.0,0.0,0.0,0.0,126.5262857,8.316,3,219622
296200,31,2010-06-11,0,30.0,3667.23,83.51,2.668,0.0,0.0,0.0,0.0,0.0,211.1120018,8.2,3,203750
157238,16,2012-08-10,0,36.0,987.6,70.24,3.509,7036.67,11.2,11.0,3031.99,2296.61,198.0795651,6.061,2,57197
326851,34,2011-06-03,0,93.0,29581.31,74.64,3.683,0.0,0.0,0.0,0.0,0.0,129.0490323,10.581,3,158114
250292,26,2010-10-08,0,16.0,3510.9,46.81,2.776,0.0,0.0,0.0,0.0,0.0,132.7516667,8.149,3,152513
154102,16,2011-09-23,0,13.0,13701.56,50.39,3.581,0.0,0.0,0.0,0.0,0.0,194.8099713,6.338,2,57197
124578,13,2011-10-14,0,14.0,22791.49,51.74,3.567,0.0,0.0,0.0,0.0,0.0,129.7706452,6.392,3,219622
101589,11,2011-01-07,0,3.0,16405.2,54.43,2.976,0.0,0.0,0.0,0.0,0.0,214.6955104,7.551,3,207499
47140,5,2012-04-06,0,7.0,9234.01,70.4,3.891,5174.35,0.0,6.48,1489.1,2264.89,222.0225762,5.801,2,34875
86492,9,2012-06-01,0,28.0,161.2,80.26,3.501,2542.14,35.6,76.8,374.37,3413.57,225.4946078,5.539,2,125833
275314,28,2012-01-27,0,58.0,2740.0,50.43,3.675,1657.67,887.0,30.97,222.42,4291.52,130.3144516,12.187,3,206302
284937,29,2012-01-13,0,26.0,2137.59,39.0,3.523,1789.85,7403.46,0.06,2.5,2512.9,136.753,8.988,2,93638
63909,7,2011-05-27,0,36.0,976.0,37.51,3.795,0.0,0.0,0.0,0.0,0.0,192.8365651,8.595,2,70713
275789,28,2012-03-09,0,20.0,7330.42,54.54,4.25,11431.91,101.02,6.93,2060.55,9332.74,130.7413793,12.187,3,206302
186223,19,2012-05-04,0,56.0,9561.8,50.76,4.124,21028.84,532.0,122.17,7269.47,2609.22,138.0332,8.15,3,203819
150469,16,2010-08-27,0,38.0,49484.9,65.66,2.731,0.0,0.0,0.0,0.0,0.0,190.3284922,6.868,2,57197
283282,29,2011-07-29,0,54.0,40.0,75.32,3.898,0.0,0.0,0.0,0.0,0.0,135.9639355,9.863,2,93638
212950,22,2011-07-08,0,12.0,4139.08,74.22,3.784,0.0,0.0,0.0,0.0,0.0,139.5442083,8.023,2,119557
76325,8,2012-02-10,1,55.0,9514.87,35.71,3.409,9332.6,3298.88,32.12,6530.08,4858.74,223.8024507,5.825,3,155078
247712,25,2012-10-19,0,38.0,42609.35,51.93,3.969,3121.82,0.0,21.48,136.45,3412.8,216.1464699,7.293,2,128107
70716,8,2010-07-23,0,45.0,-12.96,78.29,2.608,0.0,0.0,0.0,0.0,0.0,214.6029664,6.315,3,155078
257192,26,2012-09-07,1,19.0,1319.19,61.58,3.921,4133.77,6.0,72.78,526.42,3514.48,138.4729355,7.405,3,152513
28399,3,2012-06-15,0,85.0,1003.84,84.66,3.393,2014.47,31.8,1.0,631.17,835.34,225.2644795,6.664,2,37392
382533,41,2010-02-05,0,29.0,3723.46,30.27,2.58,0.0,0.0,0.0,0.0,0.0,189.3816974,7.541,3,196321
197544,20,2012-08-17,0,82.0,29028.43,69.57,3.807,3008.99,99.68,1.12,2535.66,2831.84,214.825578,7.28,3,203742
246471,25,2012-06-15,0,23.0,24037.31,68.34,3.62,5987.75,147.2,100.04,1735.9,3500.18,214.5653243,7.139,2,128107
256006,26,2012-05-11,0,11.0,10012.18,47.11,3.947,8655.96,0.0,108.57,842.81,2803.07,138.0882667,7.489,3,152513
120901,13,2010-10-29,0,12.0,7014.2,45.12,2.841,0.0,0.0,0.0,0.0,0.0,126.4364194,7.795,3,219622
301540,31,2011-11-18,0,80.0,20046.22,61.9,3.308,6756.03,591.76,71.38,462.18,12533.58,217.8670218,7.441,3,203750
423189,45,2012-10-19,0,27.0,1600.51,56.47,3.969,2004.02,0.0,3.18,437.73,1537.49,192.3308542,8.667,2,118221
324761,34,2010-11-12,0,72.0,42611.91,47.2,2.741,0.0,0.0,0.0,0.0,0.0,126.5461613,10.21,3,158114
334328,35,2010-09-24,0,31.0,3090.42,67.08,2.713,0.0,0.0,0.0,0.0,0.0,136.6317821,8.861,2,103681
155163,16,2012-01-06,0,95.0,33724.02,26.49,3.095,443.59,5524.49,15.7,35.25,3296.96,196.5458309,6.162,2,57197
85229,9,2012-01-13,0,71.0,1522.68,42.44,3.261,4731.1,2959.36,0.0,129.27,3416.48,223.6168049,5.667,2,125833
301693,31,2011-12-09,0,2.0,56387.23,41.44,3.158,2876.83,11.87,471.16,1915.49,11604.37,218.605037,7.441,3,203750
17746,2,2012-02-03,0,5.0,35533.52,55.21,3.36,75149.79,3818.85,221.4,48159.86,7423.61,219.8118854,7.057,3,202307
76245,8,2012-02-03,0,25.0,5663.27,45.56,3.36,41524.03,1412.41,83.15,18723.56,3886.31,223.7079023,5.825,3,155078
353527,37,2012-03-30,0,94.0,31788.08,70.48,3.845,41.95,0.5,0.0,0.0,619.87,220.0454862,7.244,1,39910
381371,40,2012-07-13,0,46.0,11143.47,67.48,3.561,6891.02,80.4,23.66,1464.52,2677.19,138.263,4.156,3,155083
226917,23,2012-08-10,0,60.0,63.0,71.12,3.772,23983.92,144.9,106.86,13110.54,4860.8,138.1437742,4.156,2,114533
12602,2,2010-09-17,0,6.0,7218.06,82.05,2.582,0.0,0.0,0.0,0.0,0.0,211.1806415,8.099,3,202307
50470,6,2010-06-25,0,29.0,7567.5,84.2,2.653,0.0,0.0,0.0,0.0,0.0,212.8641412,7.092,3,202505
153940,16,2011-09-02,0,54.0,20.12,63.44,3.511,0.0,0.0,0.0,0.0,0.0,194.5092113,6.338,2,57197
73620,8,2011-05-13,0,8.0,25351.22,72.96,3.899,0.0,0.0,0.0,0.0,0.0,219.4159857,6.297,3,155078
226194,23,2012-05-25,0,81.0,8858.32,66.43,3.85,7101.14,0.0,246.45,1017.09,2752.95,138.1101935,4.125,2,114533
287110,29,2012-08-31,0,95.0,32892.7,71.93,3.884,5937.04,64.33,26.74,1875.2,1385.34,138.3771935,9.419,2,93638
52855,6,2011-02-18,0,96.0,25242.34,59.61,3.045,0.0,0.0,0.0,0.0,0.0,214.7775231,6.858,3,202505
221772,23,2011-03-18,0,1.0,24772.35,37.28,3.634,0.0,0.0,0.0,0.0,0.0,133.8492258,5.114,2,114533
146817,15,2012-05-04,0,35.0,2953.27,51.04,4.124,8300.37,0.0,110.97,3056.54,1610.94,138.0332,8.15,2,123737
84044,9,2011-09-02,0,12.0,6388.2,89.33,3.533,0.0,0.0,0.0,0.0,0.0,219.382382,6.404,2,125833
200692,21,2010-10-08,0,35.0,2857.0,65.76,2.633,0.0,0.0,0.0,0.0,0.0,211.4044906,8.163,2,140167
100072,11,2010-08-06,0,85.0,2196.6,86.54,2.627,0.0,0.0,0.0,0.0,0.0,214.8341952,7.346,3,207499
195718,20,2012-02-24,0,82.0,30193.76,39.79,3.739,11230.85,10561.94,12.2,1457.31,21024.39,213.4725116,6.961,3,203742
98395,11,2010-02-19,0,32.0,22738.87,48.3,2.514,0.0,0.0,0.0,0.0,0.0,214.6198868,7.368,3,207499
372291,39,2012-10-12,0,5.0,23501.2,69.88,3.601,2360.14,0.0,22.59,579.21,15387.94,222.0510793,6.228,3,184109
56394,6,2012-01-27,0,91.0,41042.34,53.95,3.29,1510.59,630.92,37.1,17.0,2641.9,221.6769199,6.132,3,202505
88620,10,2010-04-16,0,41.0,4212.94,69.74,3.109,0.0,0.0,0.0,0.0,0.0,126.5621,9.524,2,126512
222607,23,2011-06-10,0,49.0,26755.61,65.23,3.924,0.0,0.0,0.0,0.0,0.0,134.9425484,4.781,2,114533
136191,14,2012-03-02,0,38.0,112118.39,41.55,3.816,20212.56,1991.38,46.67,11970.8,6876.57,190.1714927,8.424,3,200898
257780,27,2010-02-05,0,9.0,14662.66,27.19,2.954,0.0,0.0,0.0,0.0,0.0,135.3524608,8.237,3,204184
343116,36,2010-10-08,0,14.0,2296.81,66.34,2.595,0.0,0.0,0.0,0.0,0.0,210.5144398,8.476,3,39910
420633,45,2012-01-27,0,20.0,2646.01,37.93,3.567,1890.49,2618.49,0.0,139.07,5692.74,189.5168505,8.424,2,118221
237090,24,2012-08-03,0,50.0,925.0,73.26,3.819,11887.54,557.1,138.39,9345.76,2781.67,138.1735806,8.953,3,203819
247771,25,2012-10-26,0,60.0,234.0,56.69,3.882,4805.66,84.19,0.0,1073.49,730.76,216.1515902,7.293,2,128107
222196,23,2011-04-29,0,50.0,5480.0,54.2,3.988,0.0,0.0,0.0,0.0,0.0,134.4357333,4.781,2,114533
403281,43,2011-07-22,0,59.0,43.33,88.58,3.651,0.0,0.0,0.0,0.0,0.0,207.2538111,10.641,1,41062
297981,31,2010-12-03,0,18.0,42298.1,50.43,2.708,0.0,0.0,0.0,0.0,0.0,211.265543,8.163,3,203750
76999,8,2012-04-13,0,7.0,18664.25,65.19,3.891,7627.83,4689.55,4.2,940.82,1723.28,225.0625714,5.679,3,155078
88451,10,2010-03-26,0,34.0,45698.2,60.05,2.98,0.0,0.0,0.0,0.0,0.0,126.6050645,9.765,2,126512
394105,42,2010-09-10,1,97.0,21187.96,84.04,2.961,0.0,0.0,0.0,0.0,0.0,126.1145806,9.199,1,39690
77541,8,2012-06-08,0,31.0,998.18,74.28,3.452,8721.82,252.8,30.45,679.89,5160.31,225.3011521,5.679,3,155078
118099,13,2010-02-05,0,4.0,42482.68,31.53,2.666,0.0,0.0,0.0,0.0,0.0,126.4420645,8.316,3,219622
264134,27,2011-10-21,0,60.0,79.2,59.62,3.757,0.0,0.0,0.0,0.0,0.0,140.4616048,7.906,3,204184
82351,9,2011-02-25,0,21.0,3338.13,59.01,3.065,0.0,0.0,0.0,0.0,0.0,217.1095679,6.416,2,125833
301479,31,2011-11-18,0,41.0,960.0,61.9,3.308,6756.03,591.76,71.38,462.18,12533.58,217.8670218,7.441,3,203750
44387,5,2011-06-10,0,71.0,190.66,83.61,3.648,0.0,0.0,0.0,0.0,0.0,215.6064555,6.489,2,34875
160064,17,2010-08-27,0,58.0,1633.0,65.03,2.854,0.0,0.0,0.0,0.0,0.0,126.0892903,6.697,2,93188
166108,17,2012-04-27,0,33.0,3849.05,59.11,3.842,1832.86,0.0,1.62,8.94,2211.39,131.1266667,6.235,2,93188
328078,34,2011-09-30,0,18.0,3628.27,69.44,3.371,0.0,0.0,0.0,0.0,0.0,129.6060667,10.641,3,158114
323781,34,2010-08-13,0,85.0,2385.46,76.72,2.698,0.0,0.0,0.0,0.0,0.0,126.064,9.816,3,158114
126381,13,2012-04-06,0,10.0,29957.57,48.85,3.793,9249.62,0.0,59.94,3969.24,6016.86,131.0375484,5.965,3,219622
74749,8,2011-09-02,0,52.0,1444.18,84.77,3.533,0.0,0.0,0.0,0.0,0.0,219.1970226,6.425,3,155078
236453,24,2012-06-01,0,5.0,19609.23,71.79,3.915,5320.71,42.2,204.43,883.54,2374.74,138.1138065,8.983,3,203819
331393,34,2012-08-24,0,12.0,4708.47,72.44,3.61,1899.97,83.8,9.16,609.67,3844.82,130.8381613,9.285,3,158114
408042,44,2010-09-17,0,9.0,72.32,66.84,2.875,0.0,0.0,0.0,0.0,0.0,126.1454667,7.804,1,39910
123399,13,2011-06-24,0,5.0,46737.44,66.38,3.668,0.0,0.0,0.0,0.0,0.0,129.0663,7.193,3,219622
229510,24,2010-07-23,0,46.0,17332.1,75.27,2.924,0.0,0.0,0.0,0.0,0.0,132.5825806,8.117,3,203819
127486,13,2012-07-20,0,14.0,26779.0,75.69,3.556,6060.59,133.34,35.23,1518.75,6675.69,130.7012903,5.765,3,219622
195312,20,2012-01-13,0,81.0,34500.69,37.79,3.513,3627.81,18632.14,108.48,847.7,3614.04,212.7386486,6.961,3,203742
81537,9,2010-11-26,1,19.0,1515.8,60.18,2.735,0.0,0.0,0.0,0.0,0.0,215.2909028,6.56,2,125833
312813,32,2012-03-02,0,55.0,7910.63,33.4,3.191,11929.81,4330.7,10.1,14296.7,2785.63,196.9565303,8.256,3,203007
70177,8,2010-05-28,0,46.0,18384.47,74.71,2.759,0.0,0.0,0.0,0.0,0.0,214.2500323,6.29,3,155078
57773,6,2012-06-15,0,42.0,9968.02,82.1,3.393,7041.68,276.35,350.16,3373.11,5325.58,223.3680933,5.964,3,202505
92225,10,2011-03-25,0,3.0,21622.23,62.53,3.716,0.0,0.0,0.0,0.0,0.0,128.6160645,8.744,2,126512
378355,40,2011-09-16,0,72.0,33732.29,58.28,3.809,0.0,0.0,0.0,0.0,0.0,136.3145,4.584,3,155083
409335,44,2011-03-25,0,3.0,527.22,42.38,3.435,0.0,0.0,0.0,0.0,0.0,128.6160645,7.224,1,39910
387511,41,2011-06-17,0,20.0,7290.15,62.3,3.697,0.0,0.0,0.0,0.0,0.0,192.9034759,6.934,3,196321
155202,16,2012-01-13,0,93.0,1321.82,19.55,3.077,1353.58,2551.73,0.24,289.67,1899.49,196.7330517,6.162,2,57197
418444,45,2011-06-17,0,42.0,4168.81,69.32,3.842,0.0,0.0,0.0,0.0,0.0,185.6719333,8.521,2,118221
25736,3,2011-09-02,0,30.0,1056.14,89.12,3.533,0.0,0.0,0.0,0.0,0.0,219.1501106,7.567,2,37392
209966,22,2010-08-27,0,83.0,1412.44,68.99,2.77,0.0,0.0,0.0,0.0,0.0,136.557015,8.433,2,119557
403067,43,2011-06-24,0,20.0,17.91,88.3,3.594,0.0,0.0,0.0,0.0,0.0,206.9424405,10.581,1,41062
391598,41,2012-07-20,0,90.0,72246.06,74.06,3.585,4142.86,102.5,23.84,1362.4,5518.54,197.9290378,6.432,3,196321
107543,11,2012-08-17,0,59.0,331.25,87.73,3.571,6844.78,209.26,0.04,1235.79,2254.08,225.5558664,6.334,3,207499
262404,27,2011-05-06,0,52.0,1954.61,56.48,4.192,0.0,0.0,0.0,0.0,0.0,138.4131202,7.725,3,204184
238389,25,2010-03-12,0,40.0,43522.19,40.05,2.818,0.0,0.0,0.0,0.0,0.0,204.5250598,8.187,2,128107
64899,7,2011-09-09,1,60.0,88.0,45.61,3.566,0.0,0.0,0.0,0.0,0.0,194.6387853,8.622,2,70713
272051,28,2011-03-04,0,30.0,5717.98,51.72,3.674,0.0,0.0,0.0,0.0,0.0,128.26475,14.021,3,206302
114032,12,2011-09-16,0,20.0,5357.5,76.36,3.918,0.0,0.0,0.0,0.0,0.0,129.4306,13.503,2,112238
348168,37,2010-03-12,0,13.0,17032.08,61.96,2.667,0.0,0.0,0.0,0.0,0.0,210.1413607,8.554,1,39910
295471,31,2010-04-02,0,7.0,20006.41,64.12,2.719,0.0,0.0,0.0,0.0,0.0,210.4798874,8.2,3,203750
185121,19,2012-01-13,0,44.0,4249.37,37.08,3.666,3504.09,11505.42,291.37,1698.88,5451.32,136.753,7.943,3,203819
394863,42,2010-12-31,1,83.0,3001.83,49.67,3.148,0.0,0.0,0.0,0.0,0.0,127.0876774,9.003,1,39690
33049,4,2010-12-31,1,95.0,107910.87,38.09,2.955,0.0,0.0,0.0,0.0,0.0,127.0876774,7.127,3,205863
98339,11,2010-02-12,1,6.0,9447.1,48.01,2.548,0.0,0.0,0.0,0.0,0.0,214.5747916,7.368,3,207499
91235,10,2010-12-24,0,30.0,15771.36,57.06,3.236,0.0,0.0,0.0,0.0,0.0,126.9835806,9.003,2,126512
177460,18,2012-09-21,0,82.0,11731.08,60.23,4.056,7820.69,41.64,296.78,1323.47,7158.18,138.6534,8.535,2,120653
358488,38,2011-05-13,0,74.0,381.92,70.93,4.202,0.0,0.0,0.0,0.0,0.0,129.089,13.736,1,39690
92975,10,2011-06-10,0,49.0,24843.76,84.57,3.981,0.0,0.0,0.0,0.0,0.0,129.0357097,8.494,2,126512
111522,12,2010-12-31,1,81.0,6462.16,45.64,3.148,0.0,0.0,0.0,0.0,0.0,127.0876774,14.313,2,112238
103965,11,2011-09-02,0,41.0,2152.0,91.44,3.533,0.0,0.0,0.0,0.0,0.0,219.1501106,7.567,3,207499
140778,15,2010-09-03,0,93.0,608.66,73.17,2.86,0.0,0.0,0.0,0.0,0.0,132.7248387,8.099,2,123737
18957,2,2012-06-01,0,27.0,1089.98,78.38,3.501,13091.33,21.0,245.37,2993.15,5521.72,221.3852748,6.891,3,202307
173729,18,2011-09-09,1,49.0,7947.87,68.11,3.809,0.0,0.0,0.0,0.0,0.0,136.2745806,8.89,2,120653
196810,20,2012-06-08,0,14.0,21027.89,62.01,3.689,8353.32,516.6,46.76,2073.77,7774.31,214.5527132,7.139,3,203742
225578,23,2012-03-30,0,26.0,13898.45,36.71,3.921,8920.01,116.41,7.09,1010.3,3025.4,137.7261935,4.261,2,114533
288655,30,2010-06-18,0,6.0,45.83,86.18,2.637,0.0,0.0,0.0,0.0,0.0,211.1096543,8.2,1,42988
251742,26,2011-03-04,0,44.0,3889.48,14.31,3.437,0.0,0.0,0.0,0.0,0.0,133.6141429,7.907,3,152513
181925,19,2011-03-04,0,60.0,396.0,29.28,3.605,0.0,0.0,0.0,0.0,0.0,133.6141429,7.771,3,203819
152864,16,2011-05-06,0,41.0,648.0,38.64,3.735,0.0,0.0,0.0,0.0,0.0,192.7252006,6.339,2,57197
372400,39,2012-10-26,0,83.0,5687.21,72.9,3.506,6057.96,99.85,159.0,602.37,3392.16,222.1136566,6.228,3,184109
212131,22,2011-04-08,0,30.0,4252.72,44.42,3.72,0.0,0.0,0.0,0.0,0.0,138.0638929,8.252,2,119557
203252,21,2011-07-01,0,7.0,22262.08,87.57,3.524,0.0,0.0,0.0,0.0,0.0,214.8368678,7.852,2,140167
148283,15,2012-09-28,0,60.0,81.0,57.13,4.158,5223.97,19.73,0.66,1260.77,5490.76,138.7395,8.193,2,123737
77659,8,2012-06-22,0,5.0,16636.4,78.85,3.346,5146.44,124.95,2.97,1409.95,3956.16,225.3558843,5.679,3,155078
102782,11,2011-05-06,0,21.0,8160.64,71.39,3.906,0.0,0.0,0.0,0.0,0.0,219.1959827,7.574,3,207499
137744,14,2012-08-03,0,54.0,36.8,76.58,3.654,17465.29,37.82,110.8,13149.34,5089.95,191.16409,8.684,3,200898
324634,34,2010-11-05,0,16.0,5022.56,52.43,2.699,0.0,0.0,0.0,0.0,0.0,126.4912903,10.21,3,158114
118592,13,2010-03-19,0,23.0,27496.67,42.49,2.782,0.0,0.0,0.0,0.0,0.0,126.6066452,8.316,3,219622
38798,4,2012-07-13,0,48.0,2355.0,76.86,3.224,11075.38,151.0,17.27,3810.25,4766.88,130.683,4.077,3,205863
166792,17,2012-07-06,0,40.0,50553.8,68.91,3.63,9824.36,128.0,25.38,3990.35,3618.23,130.7196333,5.936,2,93188
407479,44,2010-07-02,0,81.0,8005.54,78.82,2.814,0.0,0.0,0.0,0.0,0.0,126.1392,7.804,1,39910
39296,4,2012-08-31,0,21.0,8223.79,76.47,3.646,19617.58,1.02,68.29,7187.73,6428.12,130.8853548,4.077,3,205863
277560,28,2012-08-31,0,56.0,132.22,89.78,4.093,25745.2,3.2,115.39,11858.54,4508.04,130.8853548,10.926,3,206302
128413,13,2012-10-19,0,83.0,4454.05,52.06,3.781,2753.9,0.0,8.84,775.96,6978.9,131.1499677,5.621,3,219622
3124,1,2010-12-03,0,36.0,2188.0,49.27,2.708,0.0,0.0,0.0,0.0,0.0,211.607193,7.838,3,151315
387439,41,2011-06-10,0,72.0,37493.47,61.1,3.735,0.0,0.0,0.0,0.0,0.0,192.8470612,6.934,3,196321
174886,18,2012-01-06,0,46.0,20947.66,31.27,3.439,6196.77,43731.43,128.45,1653.17,8527.2,136.698129,8.075,2,120653
368393,39,2011-09-16,0,96.0,27475.29,83.11,3.526,0.0,0.0,0.0,0.0,0.0,214.7934111,8.177,3,184109
36430,4,2011-11-25,1,95.0,139981.25,47.96,3.225,561.45,137.88,83340.33,44.04,9239.23,129.8364,5.143,3,205863
15260,2,2011-06-03,0,82.0,23736.3,83.07,3.699,0.0,0.0,0.0,0.0,0.0,214.9254865,7.931,3,202307
93378,10,2011-07-15,0,50.0,3875.0,86.01,3.779,0.0,0.0,0.0,0.0,0.0,129.1338387,8.257,2,126512
142644,15,2011-03-11,0,8.0,18940.83,34.27,3.752,0.0,0.0,0.0,0.0,0.0,133.7361429,7.771,2,123737
294970,31,2010-02-12,1,11.0,10310.08,37.77,2.548,0.0,0.0,0.0,0.0,0.0,210.8979935,8.324,3,203750
380124,40,2012-03-09,0,32.0,4050.7,30.58,3.876,12923.38,404.23,0.4,7062.19,3420.25,137.5066897,4.261,3,155083
279541,29,2010-06-25,0,12.0,2663.68,74.37,2.81,0.0,0.0,0.0,0.0,0.0,132.4976,10.16,2,93638
9361,1,2012-08-03,0,91.0,68443.22,86.11,3.417,27584.78,119.98,30.23,12007.04,4661.71,221.9498642,6.908,3,151315
137031,14,2012-05-25,0,27.0,2145.28,67.21,3.798,11421.79,0.0,634.52,1071.25,3204.72,191.0028096,8.567,3,200898
138238,14,2012-09-21,0,83.0,8002.83,65.32,4.038,21474.27,98.28,29.88,1924.92,15282.51,191.8567038,8.684,3,200898
397766,42,2012-02-24,0,96.0,17052.69,56.02,3.95,353.39,232.44,0.0,0.0,1644.66,130.5502069,7.545,1,39690
244005,25,2011-10-07,0,11.0,11904.9,50.82,3.583,0.0,0.0,0.0,0.0,0.0,210.1170595,7.082,2,128107
139184,15,2010-03-26,0,1.0,17250.52,39.53,2.963,0.0,0.0,0.0,0.0,0.0,131.863129,8.35,2,123737
94682,10,2011-11-18,0,8.0,85345.98,58.97,3.669,3886.23,708.7,115.18,695.54,9141.32,129.8268333,7.874,2,126512
134941,14,2011-10-28,0,34.0,24022.76,51.78,3.569,0.0,0.0,0.0,0.0,0.0,187.8774913,8.523,3,200898
273025,28,2011-06-10,0,52.0,2239.85,78.72,3.981,0.0,0.0,0.0,0.0,0.0,129.0357097,13.736,3,206302
206495,21,2012-06-01,0,2.0,46619.11,79.24,3.501,11678.88,0.0,60.71,3660.14,3630.08,221.3852748,6.891,2,140167
212604,22,2011-05-27,0,56.0,14203.06,62.59,4.034,0.0,0.0,0.0,0.0,0.0,138.6782834,8.252,2,119557
65303,7,2011-10-21,0,85.0,1976.65,37.49,3.548,0.0,0.0,0.0,0.0,0.0,195.1789994,8.513,2,70713
385095,41,2010-10-15,0,79.0,22070.56,49.91,2.762,0.0,0.0,0.0,0.0,0.0,190.8623087,7.508,3,196321
7255,1,2012-01-13,0,26.0,4369.57,48.53,3.261,5183.29,8025.87,42.24,453.08,3719.38,219.8925263,7.348,3,151315
407950,44,2010-09-03,0,32.0,50.0,65.71,2.868,0.0,0.0,0.0,0.0,0.0,126.1019355,7.804,1,39910
289264,30,2010-09-17,0,52.0,29.91,83.03,2.582,0.0,0.0,0.0,0.0,0.0,211.1806415,8.099,1,42988
316956,33,2010-10-29,0,44.0,5.94,71.34,3.13,0.0,0.0,0.0,0.0,0.0,126.4364194,9.265,3,39690
296062,31,2010-05-28,0,13.0,40410.68,80.94,2.759,0.0,0.0,0.0,0.0,0.0,210.5552301,8.2,3,203750
33641,4,2011-02-25,0,35.0,5105.7,49.0,3.087,0.0,0.0,0.0,0.0,0.0,128.13,6.51,3,205863
312804,32,2012-03-02,0,71.0,5122.13,33.4,3.191,11929.81,4330.7,10.1,14296.7,2785.63,196.9565303,8.256,3,203007
314763,32,2012-09-14,0,49.0,3346.42,64.05,3.659,6238.21,77.77,23.41,1404.74,8346.74,198.1267184,7.872,3,203007
127189,13,2012-06-22,0,90.0,113578.41,72.89,3.737,9298.46,565.14,1.79,4025.82,8626.51,130.7929,5.965,3,219622
412774,44,2012-07-13,0,83.0,877.64,83.68,3.595,372.75,0.0,0.63,0.0,411.08,130.683,5.407,1,39910
131788,14,2010-12-17,0,50.0,1891.0,30.51,3.14,0.0,0.0,0.0,0.0,0.0,182.517732,8.724,3,200898
287516,29,2012-10-19,0,23.0,22957.76,55.28,4.0,1021.83,0.0,2.28,194.24,3821.21,138.8336129,9.151,2,93638
287409,29,2012-10-05,0,40.0,30829.37,62.09,4.027,4727.88,0.0,9.12,676.3,1904.05,138.8256,9.151,2,93638
126417,13,2012-04-06,0,1.0,150715.44,48.85,3.793,9249.62,0.0,59.94,3969.24,6016.86,131.0375484,5.965,3,219622
356146,38,2010-06-18,0,40.0,15654.0,81.06,3.043,0.0,0.0,0.0,0.0,0.0,126.114,14.099,1,39690
102884,11,2011-05-13,0,37.0,3374.65,80.93,3.899,0.0,0.0,0.0,0.0,0.0,219.3683556,7.574,3,207499
325834,34,2011-02-25,0,7.0,14025.41,44.57,3.087,0.0,0.0,0.0,0.0,0.0,128.13,10.398,3,158114
353908,37,2012-05-18,0,95.0,54939.74,73.7,3.63,391.4,0.0,0.0,0.0,1697.98,220.4252149,6.989,1,39910
31937,4,2010-09-10,1,14.0,22755.79,73.54,2.574,0.0,0.0,0.0,0.0,0.0,126.1145806,7.372,3,205863
18970,2,2012-06-01,0,46.0,32734.76,78.38,3.501,13091.33,21.0,245.37,2993.15,5521.72,221.3852748,6.891,3,202307
27984,3,2012-05-04,0,5.0,13121.78,79.51,3.749,2430.23,0.0,30.92,1159.71,1432.53,225.1797511,6.664,2,37392
356964,38,2010-10-15,0,98.0,4410.49,75.0,2.976,0.0,0.0,0.0,0.0,0.0,126.3266774,14.313,1,39690
324914,34,2010-12-03,0,29.0,3030.65,34.7,2.727,0.0,0.0,0.0,0.0,0.0,126.7313333,10.21,3,158114
274245,28,2011-10-14,0,91.0,54995.16,67.31,3.805,0.0,0.0,0.0,0.0,0.0,129.7706452,12.89,3,206302
52464,6,2011-01-07,0,55.0,16048.32,47.78,2.976,0.0,0.0,0.0,0.0,0.0,212.9134266,6.858,3,202505
296086,31,2010-06-04,0,4.0,36674.97,82.68,2.705,0.0,0.0,0.0,0.0,0.0,210.833616,8.2,3,203750
103534,11,2011-07-22,0,7.0,26797.17,87.8,3.651,0.0,0.0,0.0,0.0,0.0,218.7857881,7.567,3,207499
14181,2,2011-02-18,0,60.0,158.4,57.83,3.045,0.0,0.0,0.0,0.0,0.0,212.9033115,8.028,3,202307
19406,2,2012-07-13,0,12.0,8725.05,80.17,3.256,8354.65,342.25,20.53,5674.44,5012.22,221.5616784,6.565,3,202307
171313,18,2011-01-07,0,29.0,9139.75,30.1,3.193,0.0,0.0,0.0,0.0,0.0,132.8823226,9.131,2,120653
411431,44,2012-01-06,0,16.0,551.04,33.8,3.08,1.94,51.41,54.05,0.0,809.1,130.1575161,5.774,1,39910
62567,7,2011-01-07,0,58.0,1110.0,10.09,2.882,0.0,0.0,0.0,0.0,0.0,191.3683815,8.818,2,70713
251336,26,2011-01-21,0,36.0,570.0,12.98,3.232,0.0,0.0,0.0,0.0,0.0,133.0285161,7.907,3,152513
111155,12,2010-11-19,0,36.0,3473.0,58.18,3.161,0.0,0.0,0.0,0.0,0.0,126.6072,14.313,2,112238
21132,3,2010-04-02,0,95.0,15393.69,65.56,2.719,0.0,0.0,0.0,0.0,0.0,214.1180803,7.343,2,37392
120883,13,2010-10-29,0,55.0,20602.54,45.12,2.841,0.0,0.0,0.0,0.0,0.0,126.4364194,7.795,3,219622
36781,4,2011-12-30,1,42.0,7459.92,36.89,3.119,3496.13,72413.71,399.77,776.26,5012.53,130.0710323,5.143,3,205863
65464,7,2011-11-04,0,55.0,6384.31,23.41,3.527,0.0,0.0,0.0,0.0,0.0,195.4847959,8.513,2,70713
210729,22,2010-11-12,0,90.0,20893.57,44.42,2.961,0.0,0.0,0.0,0.0,0.0,136.8349032,8.572,2,119557
408731,44,2010-12-24,0,72.0,92.38,34.9,2.846,0.0,0.0,0.0,0.0,0.0,126.9835806,7.61,1,39910
257254,26,2012-09-14,0,90.0,56935.44,57.69,3.988,7606.73,0.0,22.66,368.91,9072.93,138.5673,7.405,3,152513
35560,4,2011-09-02,0,17.0,15026.41,77.99,3.533,0.0,0.0,0.0,0.0,0.0,129.3259355,5.644,3,205863
508,1,2010-03-26,0,51.0,19.54,51.45,2.732,0.0,0.0,0.0,0.0,0.0,211.0180424,8.106,3,151315
261173,27,2010-12-31,1,52.0,692.08,29.59,3.336,0.0,0.0,0.0,0.0,0.0,136.665265,8.021,3,204184
57173,6,2012-04-13,0,33.0,6791.72,71.29,3.891,4634.18,6968.14,18.04,1544.21,2875.46,223.1163529,5.964,3,202505
170090,18,2010-09-03,0,74.0,29735.95,75.42,2.735,0.0,0.0,0.0,0.0,0.0,132.7248387,9.342,2,120653
151789,16,2011-01-14,0,90.0,6416.87,17.46,2.911,0.0,0.0,0.0,0.0,0.0,191.4784939,6.614,2,57197
378117,40,2011-08-26,0,60.0,96.8,65.01,3.796,0.0,0.0,0.0,0.0,0.0,136.2136129,4.584,3,155083
296118,31,2010-06-04,0,74.0,17284.18,82.68,2.705,0.0,0.0,0.0,0.0,0.0,210.833616,8.2,3,203750
183066,19,2011-06-24,0,42.0,7208.59,68.4,3.964,0.0,0.0,0.0,0.0,0.0,135.2652667,7.658,3,203819
77108,8,2012-04-27,0,71.0,1770.03,70.34,3.814,5440.25,1.5,2.2,15.6,3302.44,225.1734114,5.679,3,155078
348890,37,2010-06-18,0,67.0,4044.25,84.37,2.637,0.0,0.0,0.0,0.0,0.0,210.2108417,8.464,1,39910
12575,2,2010-09-17,0,23.0,21264.0,82.05,2.582,0.0,0.0,0.0,0.0,0.0,211.1806415,8.099,3,202307
178673,19,2010-04-16,0,16.0,52196.47,49.67,3.01,0.0,0.0,0.0,0.0,0.0,131.9809,8.185,3,203819
224816,23,2012-01-13,0,95.0,44459.4,28.49,3.523,2766.24,15216.56,4.84,807.22,2273.23,136.753,4.261,2,114533
53794,6,2011-05-20,0,22.0,15407.45,72.01,3.907,0.0,0.0,0.0,0.0,0.0,217.2896095,6.855,3,202505
210730,22,2010-11-12,0,22.0,12636.27,44.42,2.961,0.0,0.0,0.0,0.0,0.0,136.8349032,8.572,2,119557
210804,22,2010-11-19,0,60.0,422.4,48.62,3.03,0.0,0.0,0.0,0.0,0.0,136.7715714,8.572,2,119557
62193,7,2010-12-03,0,60.0,52.8,21.88,2.712,0.0,0.0,0.0,0.0,0.0,190.9931437,9.137,2,70713
222001,23,2011-04-08,0,21.0,7833.76,36.74,3.72,0.0,0.0,0.0,0.0,0.0,134.1777742,4.781,2,114533
156090,16,2012-04-13,0,23.0,10680.97,45.83,3.901,3532.73,1368.42,22.0,214.95,1983.5,197.780931,6.169,2,57197
104178,11,2011-09-23,0,80.0,12753.5,82.14,3.467,0.0,0.0,0.0,0.0,0.0,219.7414914,7.567,3,207499
225843,23,2012-04-27,0,18.0,34.25,44.62,4.023,2622.72,1325.48,27.04,2.0,2132.69,137.9781333,4.125,2,114533
198502,21,2010-02-19,0,2.0,48838.03,39.75,2.514,0.0,0.0,0.0,0.0,0.0,210.9451605,8.324,2,140167
399846,43,2010-03-05,0,98.0,9318.0,52.89,2.625,0.0,0.0,0.0,0.0,0.0,203.3117653,9.521,1,41062
371339,39,2012-07-13,0,82.0,21791.78,78.16,3.256,4989.73,125.2,15.75,3398.73,105223.11,220.6063444,6.623,3,184109
386109,41,2011-01-28,0,72.0,50204.69,32.23,3.008,0.0,0.0,0.0,0.0,0.0,191.667891,7.241,3,196321
312324,32,2012-01-13,0,42.0,5719.9,28.99,3.077,2682.32,14928.54,211.06,1049.44,3137.59,196.7330517,8.256,3,203007
362047,38,2012-08-31,0,72.0,352.17,89.78,4.093,489.03,0.0,28.64,334.12,1760.26,130.8853548,10.926,1,39690
125461,13,2012-01-06,0,82.0,24411.96,33.8,3.08,6809.96,37106.52,179.77,1922.55,7481.58,130.1575161,6.104,3,219622
405454,43,2012-06-15,0,12.0,53.6,87.75,3.393,402.48,0.0,0.65,0.0,1315.66,213.1786952,9.575,1,41062
46061,5,2011-12-16,0,59.0,267.48,54.42,3.159,802.42,0.0,78.77,319.84,1940.54,219.7596266,6.3,2,34875
268226,28,2010-02-19,0,6.0,7747.04,54.83,2.915,0.0,0.0,0.0,0.0,0.0,126.5262857,13.975,3,206302
134706,14,2011-10-07,0,28.0,1458.01,55.82,3.583,0.0,0.0,0.0,0.0,0.0,187.4837962,8.523,3,200898
391870,41,2012-08-17,0,98.0,9802.0,65.77,3.545,1661.07,41.94,1.95,2391.72,3474.47,198.1001057,6.432,3,196321
165123,17,2012-01-20,0,85.0,3156.96,27.26,3.047,1461.59,577.33,0.0,442.39,1407.74,130.2792258,6.403,2,93188
285011,29,2012-01-27,0,5.0,9631.64,35.68,3.568,961.63,2011.62,0.73,117.38,1504.22,136.9598387,8.988,2,93638
193798,20,2011-08-19,0,5.0,27142.51,71.25,3.747,0.0,0.0,0.0,0.0,0.0,208.8424359,7.274,3,203742
32732,4,2010-12-03,0,22.0,15399.79,46.4,2.727,0.0,0.0,0.0,0.0,0.0,126.7313333,7.127,3,205863
153248,16,2011-06-17,0,40.0,32420.43,58.34,3.697,0.0,0.0,0.0,0.0,0.0,192.9034759,6.339,2,57197
171280,18,2011-01-07,0,14.0,19062.02,30.1,3.193,0.0,0.0,0.0,0.0,0.0,132.8823226,9.131,2,120653
219509,23,2010-08-06,0,21.0,9064.19,70.03,2.792,0.0,0.0,0.0,0.0,0.0,132.6141935,5.326,2,114533
60903,7,2010-07-23,0,83.0,218.6,64.64,2.691,0.0,0.0,0.0,0.0,0.0,189.774698,9.017,2,70713
379202,40,2011-12-09,0,60.0,149.6,34.48,3.47,7081.76,48.0,94.05,1757.4,6850.25,136.5030667,4.42,3,155083
82099,9,2011-01-28,0,1.0,10534.25,43.9,3.01,0.0,0.0,0.0,0.0,0.0,215.7358438,6.416,2,125833
372110,39,2012-09-28,0,91.0,61663.58,78.04,3.666,4472.55,50.82,4.25,2331.3,10273.98,221.6556,6.623,3,184109
38111,4,2012-05-11,0,37.0,4485.69,67.64,3.685,20499.88,86.0,103.05,5005.96,3815.16,131.1453333,4.308,3,205863
265587,27,2012-03-09,0,37.0,2418.78,44.32,4.021,14171.85,917.3,2.2,3614.57,4582.1,141.4742857,8.009,3,204184
406477,44,2010-02-05,0,12.0,73.21,31.53,2.666,0.0,0.0,0.0,0.0,0.0,126.4420645,8.119,1,39910
112923,12,2011-05-20,0,36.0,2901.0,66.59,4.169,0.0,0.0,0.0,0.0,0.0,129.0756774,13.736,2,112238
350975,37,2011-04-22,0,96.0,21934.1,74.57,3.807,0.0,0.0,0.0,0.0,0.0,214.1921572,8.3,1,39910
113044,12,2011-06-03,0,32.0,8195.01,71.81,4.031,0.0,0.0,0.0,0.0,0.0,129.0490323,13.736,2,112238
258126,27,2010-03-12,0,24.0,10905.25,45.98,2.938,0.0,0.0,0.0,0.0,0.0,135.6270013,8.237,3,204184
323383,34,2010-07-02,0,72.0,31798.53,73.66,2.668,0.0,0.0,0.0,0.0,0.0,126.1392,9.816,3,158114
185199,19,2012-01-20,0,91.0,56220.15,23.44,3.705,5571.99,5702.57,225.06,1122.08,2863.93,136.8564194,7.943,3,203819
310059,32,2011-06-03,0,81.0,17812.4,61.25,3.763,0.0,0.0,0.0,0.0,0.0,192.8418131,8.595,3,203007
153571,16,2011-07-22,0,40.0,38340.44,65.36,3.545,0.0,0.0,0.0,0.0,0.0,193.5120367,6.338,2,57197
378084,40,2011-08-19,0,32.0,3414.58,64.05,3.82,0.0,0.0,0.0,0.0,0.0,136.183129,4.584,3,155083
149392,16,2010-04-30,0,40.0,24329.25,37.75,2.766,0.0,0.0,0.0,0.0,0.0,189.575127,6.842,2,57197
307991,32,2010-11-12,0,87.0,6024.35,42.3,2.737,0.0,0.0,0.0,0.0,0.0,191.0411474,9.137,3,203007
361131,38,2012-05-04,0,49.0,16.88,76.03,4.171,84.67,0.0,13.06,0.0,2346.63,131.136,11.627,1,39690
401136,43,2010-09-10,1,31.0,10.0,81.32,2.565,0.0,0.0,0.0,0.0,0.0,203.4214677,9.816,1,41062
387855,41,2011-07-22,0,19.0,769.11,74.11,3.545,0.0,0.0,0.0,0.0,0.0,193.5120367,6.901,3,196321
342297,36,2010-05-28,0,79.0,16578.84,80.87,2.716,0.0,0.0,0.0,0.0,0.0,209.6660514,8.464,3,39910
88708,10,2010-04-23,0,92.0,48831.66,66.42,3.05,0.0,0.0,0.0,0.0,0.0,126.4713333,9.524,2,126512
421624,45,2012-05-11,0,36.0,1880.0,61.24,3.889,12611.18,0.0,21.36,1667.39,2313.12,190.9764167,8.567,2,118221
75999,8,2012-01-06,0,29.0,2318.31,43.47,3.157,3093.39,26001.46,96.35,500.91,4468.63,223.2409668,5.825,3,155078
387709,41,2011-07-08,0,22.0,8752.25,68.49,3.54,0.0,0.0,0.0,0.0,0.0,193.1878448,6.901,3,196321
282541,29,2011-05-06,0,2.0,24949.59,53.63,4.078,0.0,0.0,0.0,0.0,0.0,134.5143667,9.966,2,93638
177342,18,2012-09-07,1,95.0,68279.98,71.85,3.921,5817.03,3.0,99.56,346.88,4664.82,138.4729355,8.535,2,120653
282885,29,2011-06-17,0,31.0,1512.16,63.97,3.873,0.0,0.0,0.0,0.0,0.0,135.0837333,9.966,2,93638
103162,11,2011-06-10,0,28.0,590.39,85.79,3.648,0.0,0.0,0.0,0.0,0.0,218.4037974,7.574,3,207499
277578,28,2012-08-31,0,58.0,14370.97,89.78,4.093,25745.2,3.2,115.39,11858.54,4508.04,130.8853548,10.926,3,206302
211324,22,2011-01-14,0,2.0,42925.74,24.76,3.215,0.0,0.0,0.0,0.0,0.0,136.803477,8.458,2,119557
245196,25,2012-02-03,0,29.0,2781.31,34.98,3.617,38223.59,4566.23,21.92,42448.94,5621.09,213.0236225,6.961,2,128107
344339,36,2011-04-15,0,82.0,5784.35,73.25,3.763,0.0,0.0,0.0,0.0,0.0,214.026217,8.3,3,39910
326412,34,2011-04-22,0,9.0,22685.66,63.83,3.781,0.0,0.0,0.0,0.0,0.0,128.9553,10.581,3,158114
251467,26,2011-02-04,0,81.0,17206.11,11.17,3.24,0.0,0.0,0.0,0.0,0.0,133.1834194,7.907,3,152513
269085,28,2010-05-14,0,97.0,20315.84,68.44,3.145,0.0,0.0,0.0,0.0,0.0,126.2085484,14.099,3,206302
317117,33,2010-11-26,1,46.0,2072.38,56.87,3.162,0.0,0.0,0.0,0.0,0.0,126.6692667,9.265,3,39690
327305,34,2011-07-22,0,22.0,6436.37,80.75,3.627,0.0,0.0,0.0,0.0,0.0,129.1507742,10.641,3,158114
194921,20,2011-12-02,0,23.0,46718.12,46.32,3.452,10007.34,60.0,25959.98,6140.65,35675.62,211.6394306,7.082,3,203742
21557,3,2010-05-21,0,87.0,1167.05,75.81,2.826,0.0,0.0,0.0,0.0,0.0,213.9116886,7.343,2,37392
367266,39,2011-05-27,0,42.0,2901.66,82.1,3.786,0.0,0.0,0.0,0.0,0.0,214.2408462,8.3,3,184109
221093,23,2011-01-14,0,22.0,15898.38,18.2,3.215,0.0,0.0,0.0,0.0,0.0,132.9510645,5.114,2,114533
285367,29,2012-03-02,0,83.0,1074.12,37.47,3.827,12783.88,800.94,1.09,6884.75,1699.2,137.4238966,8.988,2,93638
46338,5,2012-01-13,0,67.0,2076.72,48.86,3.261,3408.93,3666.32,1.71,137.88,1706.42,220.4760185,5.943,2,34875
64987,7,2011-09-16,0,25.0,3644.42,43.67,3.596,0.0,0.0,0.0,0.0,0.0,194.7419707,8.622,2,70713
32937,4,2010-12-17,0,85.0,5071.29,46.57,2.884,0.0,0.0,0.0,0.0,0.0,126.8794839,7.127,3,205863
289731,30,2010-11-19,0,13.0,11385.71,51.71,2.771,0.0,0.0,0.0,0.0,0.0,211.5470304,8.163,1,42988
177635,18,2012-10-05,0,38.0,58385.68,59.68,4.027,6366.36,0.0,27.33,3667.31,3573.44,138.8256,8.243,2,120653
184731,19,2011-12-09,0,30.0,3328.12,40.18,3.627,7210.8,9.5,481.91,4650.7,11954.56,136.5030667,7.866,3,203819
148176,15,2012-09-21,0,52.0,851.05,60.34,4.203,3412.14,91.0,28.5,118.17,1880.31,138.6534,8.193,2,123737
83913,9,2011-08-19,0,13.0,23240.87,85.8,3.554,0.0,0.0,0.0,0.0,0.0,219.2556109,6.404,2,125833
344292,36,2011-04-08,0,97.0,8271.84,69.39,3.645,0.0,0.0,0.0,0.0,0.0,213.8116658,8.3,3,39910
267009,27,2012-07-27,0,79.0,32304.35,76.01,3.82,8698.49,289.37,5.28,12205.87,3358.94,142.2126924,8.239,3,204184
362503,38,2012-10-26,0,8.0,10913.6,65.95,4.301,148.32,6.73,3.05,0.0,344.78,131.1930968,10.199,1,39690
293190,30,2012-03-09,0,90.0,36446.38,57.16,3.669,639.83,0.0,0.49,144.18,3286.61,220.6974332,7.057,1,42988
244110,25,2011-10-14,0,5.0,10383.4,58.95,3.541,0.0,0.0,0.0,0.0,0.0,210.4027602,7.082,2,128107
54879,6,2011-09-02,0,85.0,2058.14,91.22,3.533,0.0,0.0,0.0,0.0,0.0,217.3343423,6.925,3,202505
348046,37,2010-02-19,0,60.0,836.0,45.66,2.514,0.0,0.0,0.0,0.0,0.0,210.0451024,8.554,1,39910
128415,13,2012-10-19,0,67.0,14744.56,52.06,3.781,2753.9,0.0,8.84,775.96,6978.9,131.1499677,5.621,3,219622
92712,10,2011-05-13,0,8.0,83640.69,74.04,4.202,0.0,0.0,0.0,0.0,0.0,129.089,8.494,2,126512
337111,35,2011-07-15,0,23.0,36261.41,77.83,3.76,0.0,0.0,0.0,0.0,0.0,139.7006325,8.684,2,103681
345367,36,2011-09-30,0,21.0,298.23,81.52,3.328,0.0,0.0,0.0,0.0,0.0,215.4532259,8.177,3,39910
324481,34,2010-10-22,0,4.0,18749.78,58.11,2.736,0.0,0.0,0.0,0.0,0.0,126.3815484,10.21,3,158114
177640,18,2012-10-05,0,19.0,2762.08,59.68,4.027,6366.36,0.0,27.33,3667.31,3573.44,138.8256,8.243,2,120653
79090,9,2010-02-12,1,20.0,2349.0,37.08,2.548,0.0,0.0,0.0,0.0,0.0,214.8056534,6.415,2,125833
324902,34,2010-11-26,1,80.0,11477.31,41.13,2.752,0.0,0.0,0.0,0.0,0.0,126.6692667,10.21,3,158114
86054,9,2012-04-13,0,79.0,10850.75,69.19,3.891,4939.14,856.32,0.0,290.87,807.0,225.2562439,5.539,2,125833
5201,1,2011-06-24,0,3.0,6165.73,83.58,3.594,0.0,0.0,0.0,0.0,0.0,215.0910982,7.682,3,151315
14566,2,2011-03-25,0,92.0,140248.07,69.42,3.473,0.0,0.0,0.0,0.0,0.0,214.2521573,8.028,3,202307
111271,12,2010-12-03,0,79.0,37044.7,43.33,3.041,0.0,0.0,0.0,0.0,0.0,126.7313333,14.313,2,112238
271881,28,2011-02-18,0,22.0,18028.68,53.35,3.43,0.0,0.0,0.0,0.0,0.0,127.99525,14.021,3,206302
263466,27,2011-08-12,0,29.0,9972.35,76.67,3.995,0.0,0.0,0.0,0.0,0.0,140.0859873,7.85,3,204184
277317,28,2012-08-10,0,29.0,5459.93,95.91,3.811,8364.4,69.48,30.01,4158.02,3050.7,130.7561613,10.926,3,206302
271721,28,2011-02-04,0,22.0,17448.8,45.14,3.348,0.0,0.0,0.0,0.0,0.0,127.7195806,14.021,3,206302
180498,19,2010-10-15,0,27.0,2795.12,51.32,2.999,0.0,0.0,0.0,0.0,0.0,132.7633548,8.067,3,203819
80357,9,2010-07-09,0,44.0,2405.24,78.51,2.642,0.0,0.0,0.0,0.0,0.0,214.6564301,6.442,2,125833
247652,25,2012-10-12,0,35.0,1862.9,43.74,4.0,4284.26,0.0,11.59,1227.84,1959.27,216.1150568,7.293,2,128107
162100,17,2011-03-18,0,34.0,7001.59,34.48,3.407,0.0,0.0,0.0,0.0,0.0,128.5121935,6.866,2,93188
16596,2,2011-10-14,0,11.0,15550.16,71.67,3.274,0.0,0.0,0.0,0.0,0.0,217.0048261,7.441,3,202307
51526,6,2010-10-08,0,97.0,19679.27,65.21,2.633,0.0,0.0,0.0,0.0,0.0,213.2661373,7.007,3,202505
264212,27,2011-10-28,0,23.0,39337.92,51.81,3.757,0.0,0.0,0.0,0.0,0.0,140.4447903,7.906,3,204184
118241,13,2010-02-19,0,26.0,13687.43,35.7,2.654,0.0,0.0,0.0,0.0,0.0,126.5262857,8.316,3,219622
219418,23,2010-07-23,0,54.0,612.0,70.2,2.784,0.0,0.0,0.0,0.0,0.0,132.5825806,5.326,2,114533
25003,3,2011-06-10,0,16.0,10955.73,84.84,3.648,0.0,0.0,0.0,0.0,0.0,218.4037974,7.574,2,37392
136835,14,2012-05-04,0,79.0,39117.58,55.21,3.951,21068.05,0.0,128.13,5490.93,2764.55,190.9222115,8.567,3,200898
212740,22,2011-06-10,0,74.0,17737.67,69.53,3.924,0.0,0.0,0.0,0.0,0.0,138.8606382,8.252,2,119557
204145,21,2011-10-07,0,20.0,4142.44,71.64,3.285,0.0,0.0,0.0,0.0,0.0,216.6958311,7.441,2,140167
75778,8,2011-12-16,0,90.0,46907.65,39.79,3.159,739.45,34.0,326.76,169.2,2238.66,222.6910959,6.123,3,155078
391407,41,2012-07-06,0,12.0,5492.56,74.47,3.646,7791.47,306.7,31.44,4856.67,4087.29,197.8322195,6.432,3,196321
344296,36,2011-04-08,0,96.0,14918.06,69.39,3.645,0.0,0.0,0.0,0.0,0.0,213.8116658,8.3,3,39910
146007,15,2012-02-10,1,87.0,11733.33,31.91,3.826,5140.44,5527.21,10.39,9439.38,6371.82,137.1666774,7.943,2,123737
123841,13,2011-08-05,0,74.0,34555.76,75.56,3.595,0.0,0.0,0.0,0.0,0.0,129.1846452,6.877,3,219622
19394,2,2012-07-13,0,25.0,12719.4,80.17,3.256,8354.65,342.25,20.53,5674.44,5012.22,221.5616784,6.565,3,202307
177632,18,2012-10-05,0,87.0,22648.98,59.68,4.027,6366.36,0.0,27.33,3667.31,3573.44,138.8256,8.243,2,120653
196552,20,2012-05-11,0,31.0,3239.82,63.19,3.889,17598.62,0.0,19.51,2889.48,3242.44,214.5319099,7.139,3,203742
123718,13,2011-07-22,0,2.0,77768.8,78.5,3.563,0.0,0.0,0.0,0.0,0.0,129.1507742,6.877,3,219622
300439,31,2011-08-05,0,85.0,1412.42,94.22,3.684,0.0,0.0,0.0,0.0,0.0,215.1978515,7.852,3,203750
193655,20,2011-08-05,0,6.0,6080.73,77.8,3.842,0.0,0.0,0.0,0.0,0.0,208.719238,7.274,3,203742
105665,11,2012-02-10,1,6.0,5158.76,52.23,3.409,12424.72,4575.75,81.74,8932.68,6987.67,223.753643,6.833,3,207499
296722,31,2010-08-06,0,12.0,2973.03,90.3,2.627,0.0,0.0,0.0,0.0,0.0,211.1608049,8.099,3,203750
27879,3,2012-04-20,0,32.0,4275.33,72.05,3.877,2784.82,130.68,1.75,425.29,904.8,225.0689541,6.664,2,37392
76706,8,2012-03-16,0,2.0,34979.29,56.63,3.734,4879.04,501.9,6.14,1078.01,1288.81,224.7657327,5.825,3,155078
217730,23,2010-02-05,0,71.0,17511.99,15.25,2.788,0.0,0.0,0.0,0.0,0.0,131.5279032,5.892,2,114533
321928,34,2010-02-12,1,9.0,9686.03,36.13,2.573,0.0,0.0,0.0,0.0,0.0,126.4962581,9.521,3,158114
275919,28,2012-03-23,0,56.0,1313.7,56.26,4.038,9066.75,48.94,5.91,1040.74,3796.72,130.8966452,12.187,3,206302
232048,24,2011-04-01,0,11.0,9409.59,35.73,3.811,0.0,0.0,0.0,0.0,0.0,134.0682581,8.212,3,203819
81352,9,2010-11-05,0,92.0,14439.8,58.69,2.689,0.0,0.0,0.0,0.0,0.0,215.5065452,6.56,2,125833
288393,30,2010-05-14,0,9.0,113.4,73.08,2.854,0.0,0.0,0.0,0.0,0.0,209.9984585,8.2,1,42988
379919,40,2012-02-17,0,83.0,2822.32,25.56,3.703,7763.37,7366.75,33.48,3995.44,2642.17,137.2583103,4.261,3,155083
205886,21,2012-03-30,0,58.0,795.0,67.87,3.845,12592.65,180.02,0.0,1101.6,11593.14,220.9991248,7.057,2,140167
345386,36,2011-09-30,0,67.0,501.89,81.52,3.328,0.0,0.0,0.0,0.0,0.0,215.4532259,8.177,3,39910
24392,3,2011-04-01,0,77.0,9.96,68.76,3.524,0.0,0.0,0.0,0.0,0.0,218.2114184,7.574,2,37392
350491,37,2011-02-11,1,4.0,17397.45,41.16,3.022,0.0,0.0,0.0,0.0,0.0,211.6985093,8.395,1,39910
127230,13,2012-06-22,0,58.0,7060.0,72.89,3.737,9298.46,565.14,1.79,4025.82,8626.51,130.7929,5.965,3,219622
181291,19,2010-12-31,1,10.0,20138.64,28.65,3.336,0.0,0.0,0.0,0.0,0.0,132.8150323,8.067,3,203819
321923,34,2010-02-12,1,28.0,358.06,36.13,2.573,0.0,0.0,0.0,0.0,0.0,126.4962581,9.521,3,158114
200182,21,2010-08-13,0,8.0,17657.62,89.65,2.692,0.0,0.0,0.0,0.0,0.0,211.2951413,8.099,2,140167
83834,9,2011-08-12,0,49.0,62.37,91.63,3.638,0.0,0.0,0.0,0.0,0.0,219.1929854,6.404,2,125833
245720,25,2012-03-30,0,67.0,8829.59,47.92,3.953,10660.1,225.11,1.5,2560.04,4748.1,214.1647079,6.961,2,128107
193681,20,2011-08-05,0,41.0,5753.88,77.8,3.842,0.0,0.0,0.0,0.0,0.0,208.719238,7.274,3,203742
335806,35,2011-03-04,0,25.0,12312.47,36.99,3.433,0.0,0.0,0.0,0.0,0.0,137.5017028,8.549,2,103681
316197,33,2010-07-02,0,16.0,453.7,97.66,2.978,0.0,0.0,0.0,0.0,0.0,126.1392,9.495,3,39690
370229,39,2012-03-16,0,38.0,54662.8,65.81,3.734,4150.56,184.15,6.24,1947.25,13451.44,219.8956335,7.244,3,184109
300864,31,2011-09-16,0,4.0,35210.12,80.62,3.526,0.0,0.0,0.0,0.0,0.0,215.6944378,7.852,3,203750
74487,8,2011-08-05,0,9.0,9728.02,85.15,3.684,0.0,0.0,0.0,0.0,0.0,218.9492991,6.425,3,155078
265962,27,2012-04-13,0,78.0,7.0,52.22,4.187,5139.48,4770.63,53.84,1532.47,4176.9,141.8433929,8.253,3,204184
278076,28,2012-10-26,0,91.0,46311.17,65.95,4.301,6490.13,90.02,0.0,1750.84,1684.36,131.1930968,10.199,3,206302
350179,37,2010-12-24,0,90.0,53890.81,59.1,2.886,0.0,0.0,0.0,0.0,0.0,210.1805602,8.476,1,39910
28325,3,2012-06-08,0,2.0,20543.8,81.65,3.452,5770.48,28.6,30.18,283.7,2093.48,225.2521458,6.664,2,37392
153616,16,2011-07-29,0,36.0,791.0,66.84,3.547,0.0,0.0,0.0,0.0,0.0,193.711525,6.338,2,57197
87220,9,2012-08-24,0,92.0,16569.2,77.9,3.62,1524.71,0.0,1.8,501.16,4241.59,225.9364729,5.277,2,125833
421751,45,2012-05-25,0,98.0,795.94,67.21,3.798,5370.39,0.0,361.22,1287.62,2461.81,191.0028096,8.567,2,118221
232963,24,2011-06-24,0,14.0,13267.42,68.88,3.964,0.0,0.0,0.0,0.0,0.0,135.2652667,8.212,3,203819
36870,4,2012-01-06,0,28.0,1098.59,38.64,3.158,7857.71,38677.72,234.0,863.22,8682.95,130.1575161,4.607,3,205863
159329,17,2010-06-11,0,10.0,14740.27,57.14,2.841,0.0,0.0,0.0,0.0,0.0,126.1119032,6.635,2,93188
270592,28,2010-10-15,0,96.0,21247.59,75.0,2.976,0.0,0.0,0.0,0.0,0.0,126.3266774,14.313,3,206302
389715,41,2012-01-20,0,38.0,50353.55,31.56,3.055,2827.98,3671.37,119.55,530.03,1924.99,196.7796652,6.589,3,196321
219173,23,2010-07-02,0,81.0,11380.13,64.76,2.815,0.0,0.0,0.0,0.0,0.0,132.5218667,5.326,2,114533
21453,3,2010-05-07,0,40.0,18227.34,73.47,2.835,0.0,0.0,0.0,0.0,0.0,213.6211778,7.343,2,37392
95450,10,2012-02-03,0,82.0,19850.89,56.85,3.543,42468.4,1985.73,174.33,33345.34,5609.77,130.3496774,7.545,2,126512
49719,6,2010-04-16,0,30.0,4910.76,65.68,2.808,0.0,0.0,0.0,0.0,0.0,211.9942765,7.092,3,202505
225028,23,2012-02-03,0,93.0,3026.44,29.71,3.633,35688.59,6055.11,132.8,43218.61,5335.65,137.0632581,4.261,2,114533
300746,31,2011-09-02,0,93.0,54006.75,91.94,3.533,0.0,0.0,0.0,0.0,0.0,215.4508632,7.852,3,203750
82574,9,2011-03-25,0,11.0,13270.4,68.79,3.473,0.0,0.0,0.0,0.0,0.0,218.2007506,6.416,2,125833
175005,18,2012-01-20,0,11.0,19912.19,24.2,3.542,4209.35,5114.77,3.66,414.31,965.11,136.8564194,8.075,2,120653
150653,16,2010-09-10,1,85.0,3535.93,57.24,2.78,0.0,0.0,0.0,0.0,0.0,190.3958293,6.868,2,57197
50357,6,2010-06-18,0,54.0,291.0,83.89,2.637,0.0,0.0,0.0,0.0,0.0,212.9813843,7.092,3,202505
127817,13,2012-08-17,0,54.0,29.0,79.4,3.545,5063.08,6.76,40.96,2344.61,5594.85,130.7909677,5.765,3,219622
299587,31,2011-05-13,0,71.0,6365.95,75.04,3.899,0.0,0.0,0.0,0.0,0.0,215.6124735,7.931,3,203750
66060,7,2012-01-06,0,36.0,3827.7,18.67,3.095,2373.44,11519.36,7.26,162.72,4504.47,196.5458309,8.256,2,70713
309616,32,2011-04-22,0,72.0,46556.15,48.69,3.636,0.0,0.0,0.0,0.0,0.0,192.5234638,8.595,3,203007
114261,12,2011-10-07,0,79.0,42821.29,70.44,3.827,0.0,0.0,0.0,0.0,0.0,129.6938,12.89,2,112238
219867,23,2010-09-10,1,52.0,3871.33,63.21,2.717,0.0,0.0,0.0,0.0,0.0,132.7564516,5.326,2,114533
197127,20,2012-07-06,0,37.0,4032.48,79.2,3.475,13826.89,342.6,182.74,7751.95,3675.32,214.6873514,7.28,3,203742
1780,1,2010-07-23,0,54.0,385.0,83.36,2.608,0.0,0.0,0.0,0.0,0.0,211.2351443,7.787,3,151315
117078,12,2012-07-20,0,31.0,4285.13,85.53,3.726,5799.0,59.68,37.56,5292.33,3376.66,130.7012903,10.926,2,112238
261074,27,2010-12-24,0,72.0,220769.05,31.34,3.309,0.0,0.0,0.0,0.0,0.0,136.597273,8.021,3,204184
347687,36,2012-09-28,0,46.0,1973.83,79.49,3.66,205.0,0.0,0.0,0.0,1939.92,221.6556,6.623,3,39910
161519,17,2011-01-21,0,46.0,23204.51,26.62,2.934,0.0,0.0,0.0,0.0,0.0,127.4404839,6.866,2,93188
293809,30,2012-06-08,0,25.0,109.34,79.47,3.452,359.6,0.0,3.75,0.0,3721.71,221.3877467,6.891,1,42988
103773,11,2011-08-12,0,87.0,14653.76,90.3,3.638,0.0,0.0,0.0,0.0,0.0,218.9605873,7.567,3,207499
53740,6,2011-05-13,0,23.0,27587.26,76.95,3.899,0.0,0.0,0.0,0.0,0.0,217.5247882,6.855,3,202505
95130,10,2012-01-06,0,72.0,106488.92,59.85,3.443,7737.75,38456.09,39.72,305.2,5408.08,130.1575161,7.545,2,126512
337236,35,2011-07-29,0,11.0,21487.74,79.41,3.829,0.0,0.0,0.0,0.0,0.0,139.8933099,8.684,2,103681
22328,3,2010-08-13,0,4.0,7340.21,86.74,2.692,0.0,0.0,0.0,0.0,0.0,214.9730444,7.346,2,37392
142303,15,2011-02-04,0,17.0,11308.79,20.69,3.4,0.0,0.0,0.0,0.0,0.0,133.1834194,7.771,2,123737
394887,42,2010-12-31,1,92.0,62982.79,49.67,3.148,0.0,0.0,0.0,0.0,0.0,127.0876774,9.003,1,39690
213883,22,2011-10-07,0,25.0,12442.75,56.44,3.633,0.0,0.0,0.0,0.0,0.0,140.43475,7.706,2,119557
402621,43,2011-04-15,0,83.0,6487.44,65.01,3.743,0.0,0.0,0.0,0.0,0.0,207.1015429,10.581,1,41062
364180,39,2010-07-16,0,7.0,32080.77,83.86,2.623,0.0,0.0,0.0,0.0,0.0,209.8630532,8.36,3,184109
267406,27,2012-08-31,0,13.0,56054.38,75.0,4.026,25371.97,59.81,276.58,6582.38,5400.13,142.4054482,8.239,3,204184
151717,16,2011-01-07,0,25.0,4489.1,12.39,2.882,0.0,0.0,0.0,0.0,0.0,191.3683815,6.614,2,57197
233141,24,2011-07-15,0,41.0,1630.5,74.43,3.915,0.0,0.0,0.0,0.0,0.0,135.7837419,8.358,3,203819
323218,34,2010-06-18,0,98.0,6278.84,73.48,2.635,0.0,0.0,0.0,0.0,0.0,126.114,9.593,3,158114
174018,18,2011-10-14,0,56.0,1140.53,60.26,3.583,0.0,0.0,0.0,0.0,0.0,136.5150968,8.471,2,120653
198530,21,2010-02-26,0,1.0,12887.75,45.31,2.561,0.0,0.0,0.0,0.0,0.0,210.9759573,8.324,2,140167
100889,11,2010-10-29,0,31.0,2364.16,74.21,2.716,0.0,0.0,0.0,0.0,0.0,215.2274686,7.564,3,207499
34197,4,2011-04-22,0,27.0,1952.12,68.8,3.781,0.0,0.0,0.0,0.0,0.0,128.9553,5.946,3,205863
231190,24,2011-01-07,0,24.0,3061.04,30.72,3.351,0.0,0.0,0.0,0.0,0.0,132.8823226,8.252,3,203819
395062,42,2011-01-28,0,2.0,15228.23,53.03,3.231,0.0,0.0,0.0,0.0,0.0,127.5800323,8.744,1,39690
401513,43,2010-11-05,0,93.0,34822.03,62.52,2.689,0.0,0.0,0.0,0.0,0.0,203.8713871,10.21,1,41062
339734,35,2012-04-13,0,81.0,5380.4,52.22,4.044,4697.48,4222.33,10.5,1903.35,1156.1,141.8433929,8.876,2,103681
313827,32,2012-06-08,0,26.0,5586.2,71.14,3.741,8483.84,361.8,77.99,1640.0,6841.59,197.6551863,8.09,3,203007
122478,13,2011-03-25,0,26.0,13189.05,42.38,3.435,0.0,0.0,0.0,0.0,0.0,128.6160645,7.47,3,219622
25627,3,2011-08-19,0,74.0,3096.15,88.44,3.554,0.0,0.0,0.0,0.0,0.0,219.023271,7.567,2,37392
325567,34,2011-01-28,0,72.0,33685.74,34.68,3.022,0.0,0.0,0.0,0.0,0.0,127.5800323,10.398,3,158114
146087,15,2012-02-24,0,55.0,6877.29,33.18,3.917,6881.03,5859.12,1.0,3607.57,4147.13,137.3411034,7.943,2,123737
219938,23,2010-09-17,0,90.0,9917.52,55.3,2.716,0.0,0.0,0.0,0.0,0.0,132.7670667,5.326,2,114533
350257,37,2011-01-07,0,17.0,294.16,54.11,2.976,0.0,0.0,0.0,0.0,0.0,210.1842358,8.395,1,39910
252837,26,2011-06-24,0,85.0,2192.64,56.94,3.851,0.0,0.0,0.0,0.0,0.0,135.2652667,7.818,3,152513
335399,35,2011-01-14,0,41.0,514.0,25.7,3.205,0.0,0.0,0.0,0.0,0.0,136.803477,8.549,2,103681
333913,35,2010-08-13,0,60.0,7.0,77.36,2.805,0.0,0.0,0.0,0.0,0.0,136.4928214,8.861,2,103681
405911,43,2012-08-17,0,2.0,20265.36,85.66,3.571,254.74,0.0,11.9,0.0,792.66,213.4226959,9.285,1,41062
244488,25,2011-11-25,1,74.0,23344.36,43.49,3.492,208.47,65.0,58539.77,6.47,926.72,211.4120757,7.082,2,128107
299219,31,2011-04-08,0,79.0,44185.32,68.62,3.622,0.0,0.0,0.0,0.0,0.0,214.7252242,7.931,3,203750
57680,6,2012-06-01,0,41.0,1387.55,80.39,3.501,8267.68,16.0,441.83,1904.81,3517.55,223.3539397,5.964,3,202505
272394,28,2011-04-08,0,26.0,11321.86,64.47,4.003,0.0,0.0,0.0,0.0,0.0,128.8238065,13.736,3,206302
418244,45,2011-05-27,0,71.0,3197.2,69.7,3.985,0.0,0.0,0.0,0.0,0.0,185.8603077,8.521,2,118221
399972,43,2010-03-19,0,40.0,20216.45,56.0,2.72,0.0,0.0,0.0,0.0,0.0,203.195159,9.521,1,41062
44675,5,2011-07-15,0,20.0,1004.44,88.64,3.575,0.0,0.0,0.0,0.0,0.0,215.9250696,6.529,2,34875
276719,28,2012-06-08,0,49.0,12722.33,84.83,4.103,9026.85,101.2,-29.1,833.67,11752.37,130.8896774,11.627,3,206302
385953,41,2011-01-14,0,14.0,12430.19,22.44,2.911,0.0,0.0,0.0,0.0,0.0,191.4784939,7.241,3,196321
15489,2,2011-06-24,0,22.0,8300.41,85.17,3.594,0.0,0.0,0.0,0.0,0.0,214.7441108,7.931,3,202307
275173,28,2012-01-13,0,83.0,6662.03,48.07,3.657,4649.73,1843.24,45.3,869.64,7935.42,130.244,12.187,3,206302
199741,21,2010-06-25,0,14.0,13758.21,87.01,2.653,0.0,0.0,0.0,0.0,0.0,210.9950134,8.2,2,140167
373960,40,2010-07-02,0,51.0,32.8,65.47,2.815,0.0,0.0,0.0,0.0,0.0,132.5218667,5.326,3,155083
393685,42,2010-07-02,0,16.0,1329.51,92.89,2.978,0.0,0.0,0.0,0.0,0.0,126.1392,9.199,1,39690
301209,31,2011-10-21,0,26.0,8956.89,65.16,3.353,0.0,0.0,0.0,0.0,0.0,217.1650042,7.441,3,203750
238397,25,2010-03-12,0,20.0,4624.82,40.05,2.818,0.0,0.0,0.0,0.0,0.0,204.5250598,8.187,2,128107
67461,7,2012-05-25,0,9.0,35069.74,50.6,3.804,5126.54,0.0,90.05,483.27,2236.31,197.5886046,8.09,2,70713
125782,13,2012-02-10,1,17.0,18428.16,33.73,3.116,9264.48,8292.73,179.72,18849.21,9083.54,130.3849032,6.104,3,219622
218001,23,2010-03-05,0,19.0,5808.38,33.15,2.766,0.0,0.0,0.0,0.0,0.0,131.735,5.892,2,114533
351123,37,2011-05-06,0,27.0,17.44,69.56,3.906,0.0,0.0,0.0,0.0,0.0,214.5240376,8.3,1,39910
229643,24,2010-08-06,0,44.0,6719.92,74.54,2.942,0.0,0.0,0.0,0.0,0.0,132.6141935,8.117,3,203819
145668,15,2012-01-13,0,16.0,1773.62,36.26,3.666,1684.66,8959.27,1.0,487.76,542.9,136.753,7.943,2,123737
145576,15,2011-12-30,1,54.0,186.4,31.44,3.566,3248.4,31122.2,111.35,605.88,3474.84,136.6432581,7.866,2,123737
214886,22,2012-01-20,0,95.0,54174.04,29.16,3.542,1697.47,7401.88,2.73,1934.2,7147.3,140.8086118,7.503,2,119557
113504,12,2011-07-22,0,41.0,40.5,91.17,3.794,0.0,0.0,0.0,0.0,0.0,129.1507742,13.503,2,112238
4772,1,2011-05-13,0,95.0,124953.94,75.64,3.899,0.0,0.0,0.0,0.0,0.0,215.9640526,7.682,3,151315
115377,12,2012-02-03,0,6.0,3597.6,50.58,3.702,60740.64,3779.65,43.08,48403.53,20348.16,130.3496774,12.187,2,112238
216839,22,2012-08-10,0,82.0,17558.65,76.74,3.772,7212.77,22.87,15.43,2623.17,1906.3,142.1705634,7.753,2,119557
263860,27,2011-09-23,0,35.0,4799.63,63.61,3.899,0.0,0.0,0.0,0.0,0.0,140.32725,7.85,3,204184
28122,3,2012-05-18,0,34.0,6857.68,72.38,3.63,3208.73,0.0,0.3,143.23,805.06,225.2512024,6.664,2,37392
170265,18,2010-09-24,0,58.0,4338.0,64.82,2.718,0.0,0.0,0.0,0.0,0.0,132.7619333,9.342,2,120653
162943,17,2011-06-17,0,97.0,7720.53,56.61,3.704,0.0,0.0,0.0,0.0,0.0,129.0432,6.774,2,93188
260586,27,2010-11-05,0,92.0,152823.59,45.91,3.049,0.0,0.0,0.0,0.0,0.0,136.7862258,8.021,3,204184
105149,11,2011-12-23,0,12.0,2703.76,54.29,3.112,515.57,11.23,964.31,0.0,3429.82,222.8258628,7.197,3,207499
302720,31,2012-03-16,0,91.0,78206.34,63.39,3.734,6738.65,801.74,8.13,2047.38,7905.67,220.8498468,7.057,3,203750
53752,6,2011-05-13,0,87.0,35733.2,76.95,3.899,0.0,0.0,0.0,0.0,0.0,217.5247882,6.855,3,202505
166821,17,2012-07-06,0,59.0,316.39,68.91,3.63,9824.36,128.0,25.38,3990.35,3618.23,130.7196333,5.936,2,93188
286924,29,2012-08-17,0,67.0,3848.91,74.92,3.84,1727.05,167.24,0.3,504.22,1175.37,138.1857097,9.419,2,93638
89045,10,2010-05-21,0,38.0,83524.14,78.32,3.12,0.0,0.0,0.0,0.0,0.0,126.1843871,9.524,2,126512
393351,42,2010-05-14,0,94.0,40537.52,73.88,3.145,0.0,0.0,0.0,0.0,0.0,126.2085484,9.524,1,39690
116953,12,2012-07-13,0,21.0,4514.32,95.61,3.723,8699.07,20.0,0.06,5542.53,2781.14,130.683,10.926,2,112238
177050,18,2012-08-10,0,97.0,6706.04,75.7,3.772,20397.03,134.57,41.72,3800.38,2169.34,138.1437742,8.535,2,120653
351501,37,2011-07-01,0,96.0,21204.88,85.33,3.524,0.0,0.0,0.0,0.0,0.0,213.9324122,8.177,1,39910
12294,2,2010-08-20,0,37.0,4709.33,88.7,2.664,0.0,0.0,0.0,0.0,0.0,211.2596586,8.099,3,202307
79404,9,2010-03-19,0,6.0,2693.87,53.15,2.72,0.0,0.0,0.0,0.0,0.0,214.7597274,6.415,2,125833
375751,40,2010-12-31,1,83.0,4718.76,19.29,3.177,0.0,0.0,0.0,0.0,0.0,132.8150323,5.287,3,155083
85164,9,2012-01-06,0,82.0,9229.0,47.54,3.157,3597.08,6203.76,11.2,3743.55,1912.75,223.4332408,5.667,2,125833
321469,33,2012-09-14,0,7.0,293.24,83.4,3.966,1105.36,0.0,0.0,0.0,495.17,130.9776667,7.147,3,39690
344884,36,2011-07-15,0,95.0,44620.88,85.63,3.55,0.0,0.0,0.0,0.0,0.0,214.1083654,8.177,3,39910
244449,25,2011-11-18,0,98.0,1490.62,46.41,3.53,6165.27,168.82,94.85,267.01,3687.92,211.1847207,7.082,2,128107
338893,35,2012-01-20,0,83.0,2526.98,30.35,3.533,2498.37,4413.52,5.46,618.55,2393.77,140.8086118,8.744,2,103681
224855,23,2012-01-13,0,72.0,58112.04,28.49,3.523,2766.24,15216.56,4.84,807.22,2273.23,136.753,4.261,2,114533
341707,36,2010-02-12,1,8.0,3728.85,46.11,2.539,0.0,0.0,0.0,0.0,0.0,209.9970208,8.554,3,39910
111734,12,2011-01-21,0,85.0,1796.12,53.53,3.223,0.0,0.0,0.0,0.0,0.0,127.4404839,14.021,2,112238
359883,38,2011-11-18,0,79.0,8627.7,54.2,3.813,27.61,8.22,1.32,0.0,2034.39,129.8268333,12.89,1,39690
50181,6,2010-05-28,0,94.0,46498.8,78.89,2.759,0.0,0.0,0.0,0.0,0.0,212.412888,7.092,3,202505
301250,31,2011-10-21,0,5.0,19231.67,65.16,3.353,0.0,0.0,0.0,0.0,0.0,217.1650042,7.441,3,203750
190168,20,2010-08-27,0,31.0,7842.02,70.51,2.755,0.0,0.0,0.0,0.0,0.0,204.7900305,7.527,3,203742
310211,32,2011-06-24,0,25.0,9329.96,65.06,3.661,0.0,0.0,0.0,0.0,0.0,192.9982655,8.595,3,203007
186362,19,2012-05-18,0,12.0,7141.35,58.81,4.029,12613.98,0.0,11.5,1705.28,3600.79,138.1065806,8.15,3,203819
270381,28,2010-09-24,0,49.0,13815.72,81.77,2.939,0.0,0.0,0.0,0.0,0.0,126.1900333,14.18,3,206302
44536,5,2011-07-01,0,31.0,455.32,85.81,3.524,0.0,0.0,0.0,0.0,0.0,215.7474537,6.529,2,34875
86503,9,2012-06-01,0,7.0,19695.89,80.26,3.501,2542.14,35.6,76.8,374.37,3413.57,225.4946078,5.539,2,125833
332568,35,2010-03-26,0,35.0,4345.0,52.34,2.854,0.0,0.0,0.0,0.0,0.0,135.7073618,9.262,2,103681
42993,5,2011-01-07,0,10.0,7860.47,48.3,2.976,0.0,0.0,0.0,0.0,0.0,211.9560305,6.634,2,34875
124884,13,2011-11-11,0,26.0,16843.1,33.8,3.513,31400.97,30876.79,645.07,4407.38,7740.27,129.8167097,6.392,3,219622
251169,26,2011-01-07,0,19.0,1063.23,21.13,3.193,0.0,0.0,0.0,0.0,0.0,132.8823226,7.907,3,152513
179843,19,2010-08-13,0,34.0,19534.0,72.71,2.923,0.0,0.0,0.0,0.0,0.0,132.63,8.099,3,203819
112323,12,2011-03-25,0,14.0,19571.24,54.4,3.909,0.0,0.0,0.0,0.0,0.0,128.6160645,14.021,2,112238
389912,41,2012-02-10,1,95.0,84353.83,22.0,3.103,8123.92,7618.89,127.05,13453.73,8066.43,196.9195056,6.589,3,196321
218887,23,2010-06-04,0,79.0,31788.56,64.94,2.857,0.0,0.0,0.0,0.0,0.0,132.3648387,5.435,2,114533
56811,6,2012-03-09,0,6.0,3492.04,57.89,3.669,7731.19,445.6,4.19,446.42,5729.67,222.6650998,6.132,3,202505
241814,25,2011-02-25,0,29.0,3692.95,28.36,3.274,0.0,0.0,0.0,0.0,0.0,206.6424093,7.343,2,128107
256324,26,2012-06-08,0,20.0,3749.8,49.43,3.746,7908.98,54.6,16.57,689.29,4172.84,138.1174194,7.489,3,152513
89182,10,2010-06-04,0,1.0,27739.8,82.82,2.941,0.0,0.0,0.0,0.0,0.0,126.1360645,9.524,2,126512
65362,7,2011-10-28,0,14.0,9585.79,28.82,3.55,0.0,0.0,0.0,0.0,0.0,195.3318977,8.513,2,70713
389602,41,2012-01-06,0,71.0,5747.79,37.21,3.095,6453.63,22866.83,126.87,2582.41,4266.94,196.5458309,6.589,3,196321
178932,19,2010-05-14,0,60.0,264.0,46.53,3.112,0.0,0.0,0.0,0.0,0.0,132.152129,8.185,3,203819
96067,10,2012-04-06,0,11.0,30722.41,65.99,4.282,9256.0,0.0,23.74,4802.15,8553.67,131.0375484,7.382,2,126512
280254,29,2010-09-10,1,74.0,8751.72,68.6,2.717,0.0,0.0,0.0,0.0,0.0,132.7564516,10.409,2,93638
345982,36,2012-01-06,0,67.0,535.67,57.18,3.129,5.92,2257.39,2.86,0.0,1024.9,218.4062876,7.244,3,39910
185949,19,2012-04-06,0,17.0,15582.37,40.23,4.143,9337.26,0.0,52.59,2949.23,5996.69,137.7970968,8.15,3,203819
81244,9,2010-10-22,0,46.0,5964.64,69.99,2.725,0.0,0.0,0.0,0.0,0.0,215.4081762,6.56,2,125833
54388,6,2011-07-15,0,67.0,9805.3,88.93,3.575,0.0,0.0,0.0,0.0,0.0,216.9044732,6.925,3,202505
213185,22,2011-07-29,0,46.0,20213.86,75.32,3.898,0.0,0.0,0.0,0.0,0.0,139.8933099,8.023,2,119557
414189,45,2010-03-26,0,25.0,9045.23,54.36,2.854,0.0,0.0,0.0,0.0,0.0,181.9718697,8.992,2,118221
403184,43,2011-07-08,0,8.0,11949.49,87.02,3.48,0.0,0.0,0.0,0.0,0.0,207.1152738,10.641,1,41062
245278,25,2012-02-10,1,44.0,4404.39,32.47,3.64,17655.4,5620.25,12.82,16909.35,6645.05,213.1186138,6.961,2,128107
84950,9,2011-12-16,0,36.0,949.19,47.31,3.159,2755.9,0.0,136.48,384.78,2240.49,222.8825484,6.054,2,125833
80797,9,2010-09-03,0,25.0,4888.72,82.47,2.577,0.0,0.0,0.0,0.0,0.0,215.0779426,6.442,2,125833
347311,36,2012-08-03,0,80.0,15007.25,85.56,3.404,243.47,0.0,2.4,64.47,1077.74,220.6319358,6.623,3,39910
216562,22,2012-07-13,0,27.0,1168.45,75.81,3.561,4773.8,183.5,14.16,2046.91,1457.01,142.2548214,7.753,2,119557
94206,10,2011-10-07,0,44.0,9250.64,75.01,3.827,0.0,0.0,0.0,0.0,0.0,129.6938,7.874,2,126512
246855,25,2012-07-20,0,87.0,7845.88,74.32,3.567,4170.08,227.91,14.1,3456.58,2629.71,214.7331351,7.28,2,128107
279687,29,2010-07-09,0,93.0,2247.72,79.22,2.806,0.0,0.0,0.0,0.0,0.0,132.5461333,10.409,2,93638
149329,16,2010-04-23,0,14.0,5126.66,44.9,2.776,0.0,0.0,0.0,0.0,0.0,189.6190057,6.842,2,57197
69202,8,2010-02-19,0,8.0,26672.76,39.1,2.514,0.0,0.0,0.0,0.0,0.0,214.6664878,6.299,3,155078
171916,18,2011-03-11,0,42.0,5756.96,38.4,3.6,0.0,0.0,0.0,0.0,0.0,133.7361429,9.131,2,120653
261239,27,2011-01-07,0,1.0,17654.48,34.42,3.351,0.0,0.0,0.0,0.0,0.0,136.7332569,7.827,3,204184
70247,8,2010-06-04,0,31.0,830.0,75.71,2.705,0.0,0.0,0.0,0.0,0.0,214.5422806,6.29,3,155078
164968,17,2012-01-06,0,79.0,29554.29,27.64,3.08,5185.45,12090.5,33.9,1490.06,4832.68,130.1575161,6.403,2,93188
3618,1,2011-01-21,0,94.0,54523.83,44.04,3.016,0.0,0.0,0.0,0.0,0.0,211.8272343,7.742,3,151315
282817,29,2011-06-10,0,10.0,11031.77,69.53,3.924,0.0,0.0,0.0,0.0,0.0,134.9425484,9.966,2,93638
368119,39,2011-08-19,0,91.0,67050.23,87.93,3.554,0.0,0.0,0.0,0.0,0.0,214.4239935,8.177,3,184109
330016,34,2012-04-13,0,79.0,14136.18,59.12,3.881,5146.78,3729.58,14.82,799.06,1563.6,131.108,9.575,3,158114
317992,33,2011-04-08,0,97.0,6207.31,75.11,3.818,0.0,0.0,0.0,0.0,0.0,128.8238065,8.687,3,39690
359623,38,2011-10-14,0,23.0,63.46,67.31,3.805,0.0,0.0,0.0,0.0,0.0,129.7706452,12.89,1,39690
291305,30,2011-06-24,0,91.0,31641.99,85.72,3.594,0.0,0.0,0.0,0.0,0.0,214.7441108,7.931,1,42988
285427,29,2012-03-09,0,23.0,16529.5,41.72,3.876,5564.21,396.61,0.0,531.23,1542.59,137.5066897,8.988,2,93638
21159,3,2010-04-09,0,60.0,88.0,68.0,2.77,0.0,0.0,0.0,0.0,0.0,213.9120595,7.343,2,37392
397343,42,2011-12-23,0,13.0,13865.51,48.36,3.541,103.5,0.0,19.63,0.0,939.49,129.9845484,7.874,1,39690
70581,8,2010-07-09,0,97.0,19110.6,72.49,2.642,0.0,0.0,0.0,0.0,0.0,214.4729952,6.315,3,155078
122712,13,2011-04-22,0,6.0,6700.22,47.55,3.655,0.0,0.0,0.0,0.0,0.0,128.9553,7.193,3,219622
346927,36,2012-06-01,0,9.0,176.95,80.74,3.567,187.88,0.0,0.0,4.02,1674.5,220.4322099,6.989,3,39910
48235,5,2012-08-10,0,92.0,8427.14,86.96,3.494,3261.56,15.0,0.5,1687.13,2102.31,222.5472987,5.603,2,34875
314755,32,2012-09-07,1,36.0,366.16,72.56,3.596,7271.43,172.04,233.55,916.85,3089.99,198.0950484,7.872,3,203007
96962,10,2012-06-29,0,38.0,76302.02,91.36,3.875,3339.88,22.0,0.0,1119.45,3710.52,130.7562667,7.382,2,126512
120703,13,2010-10-08,0,49.0,9226.85,63.03,2.841,0.0,0.0,0.0,0.0,0.0,126.2791667,7.795,3,219622
11922,2,2010-07-09,0,96.0,41039.45,82.59,2.642,0.0,0.0,0.0,0.0,0.0,210.7657317,8.099,3,202307
382321,40,2012-10-12,0,26.0,5261.68,47.35,4.029,1686.43,0.0,13.85,589.97,6365.02,138.9117,4.145,3,155083
203275,21,2011-07-08,0,19.0,2248.75,89.16,3.48,0.0,0.0,0.0,0.0,0.0,214.9296249,7.852,2,140167
6485,1,2011-10-28,0,37.0,2668.4,66.57,3.372,0.0,0.0,0.0,0.0,0.0,217.6766791,7.866,3,151315
295205,31,2010-03-05,0,59.0,743.4,48.61,2.625,0.0,0.0,0.0,0.0,0.0,211.0067542,8.324,3,203750
385336,41,2010-11-12,0,46.0,23211.4,38.99,2.737,0.0,0.0,0.0,0.0,0.0,191.0411474,7.508,3,196321
229590,24,2010-07-30,0,82.0,16714.58,75.91,2.932,0.0,0.0,0.0,0.0,0.0,132.5983871,8.117,3,203819
27565,3,2012-03-16,0,91.0,327.32,64.0,3.734,2588.06,80.89,3.2,909.76,491.83,224.7166953,6.833,2,37392
39381,4,2012-09-07,1,94.0,73110.93,82.09,3.709,9082.61,16.0,59.06,7217.88,8026.47,130.9325484,4.077,3,205863
355245,38,2010-02-12,1,92.0,43432.52,47.87,2.946,0.0,0.0,0.0,0.0,0.0,126.4962581,13.975,1,39690
190000,20,2010-08-13,0,33.0,13589.58,75.98,2.805,0.0,0.0,0.0,0.0,0.0,204.8533784,7.527,3,203742
88070,10,2010-02-19,0,16.0,33321.92,58.22,2.915,0.0,0.0,0.0,0.0,0.0,126.5262857,9.765,2,126512
114966,12,2011-12-23,0,79.0,43080.67,45.4,3.541,1797.35,15.98,839.84,1375.84,17699.26,129.9845484,12.89,2,112238
38311,4,2012-05-25,0,33.0,11547.07,77.47,3.551,4330.02,436.0,862.31,3268.41,3749.53,131.0287742,4.308,3,205863
312202,32,2012-01-06,0,42.0,6369.28,36.75,3.095,4323.27,33209.84,208.29,1848.9,6197.53,196.5458309,8.256,3,203007
405042,43,2012-04-13,0,87.0,43.8,70.18,3.891,150.15,1125.71,4.49,0.0,407.12,212.9632857,9.575,1,41062
215910,22,2012-05-04,0,33.0,4694.33,50.75,3.991,21823.53,0.0,37.87,6586.49,1565.11,142.0177929,7.671,2,119557
130713,14,2010-09-03,0,40.0,77805.22,78.37,2.715,0.0,0.0,0.0,0.0,0.0,182.6042922,8.743,3,200898
167912,17,2012-10-26,0,82.0,18505.76,39.94,3.755,5593.69,112.2,0.0,134.13,748.23,131.1930968,5.527,2,93188
380152,40,2012-03-09,0,81.0,20733.58,30.58,3.876,12923.38,404.23,0.4,7062.19,3420.25,137.5066897,4.261,3,155083
301236,31,2011-10-21,0,34.0,12786.98,65.16,3.353,0.0,0.0,0.0,0.0,0.0,217.1650042,7.441,3,203750
297399,31,2010-10-08,0,49.0,7416.03,65.76,2.633,0.0,0.0,0.0,0.0,0.0,211.4044906,8.163,3,203750
12208,2,2010-08-06,0,47.0,1098.0,89.53,2.627,0.0,0.0,0.0,0.0,0.0,211.1608049,8.099,3,202307
232730,24,2011-06-03,0,60.0,105.6,73.12,4.069,0.0,0.0,0.0,0.0,0.0,134.8551613,8.212,3,203819
375406,40,2010-11-26,1,93.0,25868.47,32.94,3.07,0.0,0.0,0.0,0.0,0.0,132.8369333,5.287,3,155083
202457,21,2011-04-08,0,91.0,7146.88,68.62,3.622,0.0,0.0,0.0,0.0,0.0,214.7252242,7.931,2,140167
136868,14,2012-05-04,0,1.0,19005.63,55.21,3.951,21068.05,0.0,128.13,5490.93,2764.55,190.9222115,8.567,3,200898
20667,3,2010-02-12,1,25.0,4179.75,47.93,2.548,0.0,0.0,0.0,0.0,0.0,214.5747916,7.368,2,37392
269186,28,2010-05-28,0,33.0,6237.97,67.84,3.058,0.0,0.0,0.0,0.0,0.0,126.1602258,14.099,3,206302
159127,17,2010-05-21,0,28.0,1193.21,53.94,2.95,0.0,0.0,0.0,0.0,0.0,126.1843871,6.635,2,93188
273563,28,2011-08-05,0,46.0,21113.15,90.61,3.803,0.0,0.0,0.0,0.0,0.0,129.1846452,13.503,3,206302
177464,18,2012-09-21,0,34.0,19211.63,60.23,4.056,7820.69,41.64,296.78,1323.47,7158.18,138.6534,8.535,2,120653
251095,26,2010-12-31,1,93.0,19657.42,18.73,3.177,0.0,0.0,0.0,0.0,0.0,132.8150323,8.149,3,152513
94686,10,2011-11-18,0,40.0,92908.93,58.97,3.669,3886.23,708.7,115.18,695.54,9141.32,129.8268333,7.874,2,126512
74020,8,2011-06-24,0,58.0,930.0,83.94,3.594,0.0,0.0,0.0,0.0,0.0,218.4979481,6.297,3,155078
28413,3,2012-06-22,0,29.0,1320.97,82.7,3.346,1843.45,11.2,0.51,421.71,1743.54,225.3068615,6.664,2,37392
139906,15,2010-06-04,0,46.0,13539.19,69.99,3.006,0.0,0.0,0.0,0.0,0.0,132.3648387,8.185,2,123737
351689,37,2011-07-22,0,52.0,13.28,83.31,3.651,0.0,0.0,0.0,0.0,0.0,214.1713416,8.177,1,39910
16499,2,2011-09-30,0,58.0,18215.0,78.14,3.355,0.0,0.0,0.0,0.0,0.0,216.3620333,7.852,3,202307
198539,21,2010-02-26,0,95.0,32875.73,45.31,2.561,0.0,0.0,0.0,0.0,0.0,210.9759573,8.324,2,140167
100155,11,2010-08-13,0,2.0,67062.79,87.73,2.692,0.0,0.0,0.0,0.0,0.0,214.9730444,7.346,3,207499
127709,13,2012-08-10,0,92.0,171785.37,81.69,3.509,6249.06,70.38,51.09,3258.43,7070.04,130.7561613,5.765,3,219622
112102,12,2011-02-25,0,79.0,48697.87,48.45,3.53,0.0,0.0,0.0,0.0,0.0,128.13,14.021,2,112238
416016,45,2010-10-08,0,4.0,23570.83,56.49,2.764,0.0,0.0,0.0,0.0,0.0,182.7640032,8.724,2,118221
308880,32,2011-02-11,1,71.0,4651.78,18.51,3.037,0.0,0.0,0.0,0.0,0.0,191.8572881,8.818,3,203007
320282,33,2012-03-16,0,7.0,418.25,65.99,4.273,128.46,3.0,0.0,0.0,538.44,130.8261935,7.603,3,39690
175453,18,2012-03-02,0,33.0,7350.3,33.59,3.827,26970.65,2430.78,152.58,28367.78,3625.67,137.4238966,8.075,2,120653
212592,22,2011-05-27,0,7.0,25402.04,62.59,4.034,0.0,0.0,0.0,0.0,0.0,138.6782834,8.252,2,119557
376418,40,2011-03-04,0,38.0,37711.95,18.49,3.437,0.0,0.0,0.0,0.0,0.0,133.6141429,5.114,3,155083
26590,3,2011-12-02,0,49.0,29.7,54.97,3.172,850.86,18.94,781.71,394.29,7297.1,222.1589519,7.197,2,37392
188150,20,2010-02-12,1,17.0,19232.34,22.12,2.773,0.0,0.0,0.0,0.0,0.0,204.3857472,8.187,3,203742
346201,36,2012-02-10,1,80.0,18143.9,54.49,3.462,810.75,5.5,3.82,0.0,699.9,218.9551002,7.244,3,39910
35543,4,2011-09-02,0,56.0,1842.25,77.99,3.533,0.0,0.0,0.0,0.0,0.0,129.3259355,5.644,3,205863
398107,42,2012-04-06,0,9.0,132.19,65.99,4.282,2.12,0.0,34.23,0.0,250.62,131.0375484,7.382,1,39690
161034,17,2010-12-03,0,87.0,9634.14,22.47,2.812,0.0,0.0,0.0,0.0,0.0,126.7313333,6.885,2,93188
413369,44,2012-09-28,0,17.0,283.8,64.8,3.821,380.96,0.0,0.0,0.0,2022.03,131.043,5.407,1,39910
396835,42,2011-10-14,0,95.0,67257.71,70.27,3.698,0.0,0.0,0.0,0.0,0.0,129.7706452,7.874,1,39690
59983,7,2010-04-16,0,26.0,2252.33,41.89,2.765,0.0,0.0,0.0,0.0,0.0,189.6628845,8.963,2,70713
114394,12,2011-10-21,0,45.0,35.91,73.05,3.842,0.0,0.0,0.0,0.0,0.0,129.7821613,12.89,2,112238
128122,13,2012-09-21,0,58.0,7590.0,67.96,3.821,10671.71,141.83,46.0,2465.37,12372.29,131.0103333,5.765,3,219622
410998,44,2011-11-11,0,80.0,5234.77,33.8,3.513,48.84,224.31,4.29,0.0,778.47,129.8167097,6.078,1,39910
120747,13,2010-10-15,0,41.0,5859.88,54.12,2.845,0.0,0.0,0.0,0.0,0.0,126.3266774,7.795,3,219622
51975,6,2010-11-26,1,38.0,57068.76,65.79,2.735,0.0,0.0,0.0,0.0,0.0,213.2672961,7.007,3,202505
60387,7,2010-05-28,0,13.0,10560.73,54.24,2.737,0.0,0.0,0.0,0.0,0.0,189.4452425,8.963,2,70713
45875,5,2011-11-25,1,44.0,2004.06,61.93,3.236,107.42,7.0,29333.06,8.0,826.06,219.0428204,6.3,2,34875
165357,17,2012-02-10,1,18.0,4572.19,23.63,3.116,5658.48,13498.72,16.27,4292.59,6008.71,130.3849032,6.403,2,93188
123864,13,2011-08-05,0,26.0,12799.03,75.56,3.595,0.0,0.0,0.0,0.0,0.0,129.1846452,6.877,3,219622
289613,30,2010-11-05,0,13.0,12893.92,58.71,2.689,0.0,0.0,0.0,0.0,0.0,211.6135053,8.163,1,42988
309990,32,2011-05-27,0,26.0,5082.02,55.13,3.795,0.0,0.0,0.0,0.0,0.0,192.8365651,8.595,3,203007
238333,25,2010-03-05,0,59.0,786.65,29.45,2.777,0.0,0.0,0.0,0.0,0.0,204.4940734,8.187,2,128107
392153,41,2012-09-14,0,49.0,6822.91,59.39,3.659,10525.1,0.0,11.14,1373.26,6742.72,198.1267184,6.432,3,196321
93076,10,2011-06-17,0,67.0,19428.12,87.96,3.935,0.0,0.0,0.0,0.0,0.0,129.0432,8.494,2,126512
358489,38,2011-05-13,0,26.0,2.88,70.93,4.202,0.0,0.0,0.0,0.0,0.0,129.089,13.736,1,39690
82821,9,2011-04-22,0,35.0,1793.5,72.35,3.807,0.0,0.0,0.0,0.0,0.0,219.0861659,6.38,2,125833
4183,1,2011-03-18,0,1.0,20334.23,62.76,3.488,0.0,0.0,0.0,0.0,0.0,214.3627114,7.742,3,151315
194704,20,2011-11-11,0,38.0,115815.67,47.27,3.53,34348.14,11652.84,549.25,9606.11,5472.37,210.9810201,7.082,3,203742
270862,28,2010-11-12,0,90.0,61316.67,57.79,3.13,0.0,0.0,0.0,0.0,0.0,126.5461613,14.313,3,206302
14734,2,2011-04-15,0,25.0,14324.69,69.48,3.743,0.0,0.0,0.0,0.0,0.0,214.9420631,7.931,3,202307
276559,28,2012-05-25,0,54.0,15.0,83.84,4.293,7557.62,0.0,609.0,1574.85,7620.93,131.0287742,11.627,3,206302
252833,26,2011-06-24,0,6.0,3523.33,56.94,3.851,0.0,0.0,0.0,0.0,0.0,135.2652667,7.818,3,152513
120063,13,2010-08-06,0,92.0,143407.17,81.24,2.802,0.0,0.0,0.0,0.0,0.0,126.0854516,7.951,3,219622
117119,12,2012-07-27,0,5.0,15824.63,93.47,3.769,8217.72,41.28,2.31,9211.05,5507.68,130.7195806,10.926,2,112238
383132,41,2010-04-02,0,41.0,441.11,41.31,2.725,0.0,0.0,0.0,0.0,0.0,189.7048215,7.363,3,196321
275244,28,2012-01-20,0,49.0,12212.02,46.2,3.66,5177.01,1280.59,23.75,716.52,6009.03,130.2792258,12.187,3,206302
30145,4,2010-03-19,0,82.0,19192.95,55.19,2.743,0.0,0.0,0.0,0.0,0.0,126.6066452,8.623,3,205863
74146,8,2011-07-01,0,32.0,4927.16,87.26,3.524,0.0,0.0,0.0,0.0,0.0,218.5937514,6.425,3,155078
211290,22,2011-01-14,0,4.0,30867.06,24.76,3.215,0.0,0.0,0.0,0.0,0.0,136.803477,8.458,2,119557
165127,17,2012-01-20,0,96.0,398.37,27.26,3.047,1461.59,577.33,0.0,442.39,1407.74,130.2792258,6.403,2,93188
40618,5,2010-04-16,0,82.0,3081.23,65.3,2.808,0.0,0.0,0.0,0.0,0.0,211.0388528,6.465,2,34875
324113,34,2010-09-10,1,30.0,1724.06,72.61,2.574,0.0,0.0,0.0,0.0,0.0,126.1145806,9.816,3,158114
291319,30,2011-06-24,0,97.0,13157.64,85.72,3.594,0.0,0.0,0.0,0.0,0.0,214.7441108,7.931,1,42988
215763,22,2012-04-20,0,25.0,12260.99,58.81,4.046,7200.16,6519.27,14.55,54.25,3897.67,141.9015262,7.671,2,119557
43636,5,2011-03-18,0,9.0,9806.53,64.31,3.488,0.0,0.0,0.0,0.0,0.0,214.9257339,6.634,2,34875
168549,18,2010-04-02,0,93.0,835.08,45.63,2.826,0.0,0.0,0.0,0.0,0.0,131.9019677,9.269,2,120653
199039,21,2010-04-16,0,91.0,6266.79,67.87,2.808,0.0,0.0,0.0,0.0,0.0,210.1495463,8.2,2,140167
237501,24,2012-09-14,0,59.0,232.58,64.28,4.088,8179.55,1.0,30.77,1838.92,3353.34,138.5673,8.953,3,203819
191298,20,2010-12-17,0,12.0,3964.67,24.07,3.14,0.0,0.0,0.0,0.0,0.0,204.6321194,7.484,3,203742
88317,10,2010-03-12,0,19.0,4139.26,52.33,3.034,0.0,0.0,0.0,0.0,0.0,126.6042857,9.765,2,126512
59266,7,2010-02-05,0,3.0,6958.0,10.53,2.58,0.0,0.0,0.0,0.0,0.0,189.3816974,9.014,2,70713
179041,19,2010-05-21,0,2.0,49229.64,57.53,3.096,0.0,0.0,0.0,0.0,0.0,132.2230323,8.185,3,203819
72352,8,2010-12-31,1,83.0,1794.15,41.47,2.943,0.0,0.0,0.0,0.0,0.0,214.7447295,6.433,3,155078
291151,30,2011-06-03,0,10.0,143.8,83.82,3.699,0.0,0.0,0.0,0.0,0.0,214.9254865,7.931,1,42988
147908,15,2012-08-24,0,67.0,5183.74,66.98,3.997,3669.07,-6.69,0.0,2813.59,1610.18,138.2814516,8.193,2,123737
183724,19,2011-09-02,0,87.0,18181.33,69.27,3.879,0.0,0.0,0.0,0.0,0.0,136.2440968,7.806,3,203819
40213,5,2010-03-05,0,72.0,12934.41,48.89,2.625,0.0,0.0,0.0,0.0,0.0,211.9071653,6.566,2,34875
125584,13,2012-01-20,0,44.0,8147.31,32.71,3.047,3150.56,6765.52,87.63,1196.17,3136.96,130.2792258,6.104,3,219622
245545,25,2012-03-09,0,71.0,2571.3,37.44,3.848,11412.9,944.64,0.7,13264.83,3951.01,213.8711137,6.961,2,128107
223969,23,2011-10-21,0,14.0,34971.98,52.12,3.618,0.0,0.0,0.0,0.0,0.0,136.5017742,4.42,2,114533
208776,22,2010-04-30,0,12.0,4401.08,50.96,2.935,0.0,0.0,0.0,0.0,0.0,135.9170833,8.348,2,119557
365433,39,2010-11-19,0,71.0,4174.3,55.5,2.771,0.0,0.0,0.0,0.0,0.0,210.65429,8.476,3,184109
348338,37,2010-04-02,0,46.0,8683.26,63.43,2.719,0.0,0.0,0.0,0.0,0.0,209.5938656,8.464,1,39910
81,1,2010-02-12,1,85.0,4994.64,38.51,2.548,0.0,0.0,0.0,0.0,0.0,211.2421698,8.106,3,151315
342960,36,2010-09-10,1,96.0,18888.97,80.58,2.513,0.0,0.0,0.0,0.0,0.0,210.2641156,8.36,3,39910
308966,32,2011-02-18,0,97.0,16351.73,42.09,3.051,0.0,0.0,0.0,0.0,0.0,191.9178331,8.818,3,203007
127144,13,2012-06-15,0,97.0,31842.26,65.97,3.756,8819.8,416.5,0.22,3496.08,6331.52,130.8295333,5.965,3,219622
204396,21,2011-11-04,0,19.0,1929.92,56.01,3.332,0.0,0.0,0.0,0.0,0.0,217.4853605,7.441,2,140167
117661,12,2012-09-21,0,91.0,5748.84,82.97,4.125,11918.13,156.82,388.52,3290.61,7953.53,131.0103333,10.926,2,112238
286389,29,2012-06-15,0,30.0,3242.08,66.56,3.683,3861.04,306.6,7.02,89.54,1180.28,138.1295333,9.14,2,93638
136023,14,2012-02-10,1,34.0,23014.89,37.0,3.64,17118.97,6533.16,285.82,11597.23,6174.43,189.7076048,8.424,3,200898
80849,9,2010-09-03,0,30.0,1172.38,82.47,2.577,0.0,0.0,0.0,0.0,0.0,215.0779426,6.442,2,125833
206760,21,2012-06-29,0,41.0,1254.0,88.05,3.286,5130.81,38.3,0.0,1849.32,3879.62,221.4813343,6.891,2,140167
205260,21,2012-01-27,0,71.0,2989.03,50.79,3.29,714.08,602.88,0.0,18.42,2562.85,219.7188636,7.057,2,140167
336132,35,2011-04-01,0,8.0,16896.7,37.27,3.638,0.0,0.0,0.0,0.0,0.0,137.9558929,8.512,2,103681
412627,44,2012-06-22,0,92.0,43632.89,72.89,3.737,505.28,0.0,0.79,43.89,1222.4,130.7929,5.621,1,39910
190338,20,2010-09-10,1,87.0,35608.86,65.02,2.699,0.0,0.0,0.0,0.0,0.0,204.7266827,7.527,3,203742
223133,23,2011-07-29,0,45.0,11.97,69.55,3.898,0.0,0.0,0.0,0.0,0.0,135.9639355,4.584,2,114533
404360,43,2011-12-30,1,18.0,526.94,41.83,3.129,415.59,1926.05,0.0,50.66,837.74,211.0740553,10.148,1,41062
386574,41,2011-03-11,0,16.0,7257.04,31.6,3.372,0.0,0.0,0.0,0.0,0.0,192.058484,7.241,3,196321
334787,35,2010-11-12,0,92.0,34439.02,45.9,2.931,0.0,0.0,0.0,0.0,0.0,136.8349032,8.763,2,103681
322565,34,2010-04-16,0,55.0,7568.83,59.18,2.81,0.0,0.0,0.0,0.0,0.0,126.5621,9.593,3,158114
246867,25,2012-07-20,0,35.0,1723.28,74.32,3.567,4170.08,227.91,14.1,3456.58,2629.71,214.7331351,7.28,2,128107
370952,39,2012-06-01,0,49.0,4932.4,80.33,3.501,8200.12,5.8,64.71,1772.73,9316.5,220.4322099,6.989,3,184109
133618,14,2011-06-17,0,31.0,2693.53,69.32,3.842,0.0,0.0,0.0,0.0,0.0,185.6719333,8.521,3,200898
303439,31,2012-05-25,0,28.0,423.22,79.49,3.561,12146.84,0.0,488.13,2066.74,5802.72,221.3828029,6.891,3,203750
246414,25,2012-06-08,0,28.0,415.37,58.48,3.689,9024.73,207.4,64.04,2897.69,4748.56,214.5527132,7.139,2,128107
228431,24,2010-04-09,0,28.0,943.25,62.06,2.992,0.0,0.0,0.0,0.0,0.0,131.9408065,8.211,3,203819
421670,45,2012-05-11,0,28.0,583.7,61.24,3.889,12611.18,0.0,21.36,1667.39,2313.12,190.9764167,8.567,2,118221
309405,32,2011-04-01,0,92.0,89481.23,44.83,3.461,0.0,0.0,0.0,0.0,0.0,192.2691707,8.595,3,203007
216364,22,2012-06-22,0,7.0,39466.25,70.61,3.629,8154.53,387.4,0.0,2396.96,3938.83,142.1606464,7.671,2,119557
177962,19,2010-02-12,1,79.0,25477.43,23.22,2.94,0.0,0.0,0.0,0.0,0.0,131.5866129,8.35,3,203819
387168,41,2011-05-13,0,23.0,18737.65,50.29,3.767,0.0,0.0,0.0,0.0,0.0,192.826069,6.934,3,196321
77599,8,2012-06-15,0,12.0,7990.22,77.14,3.393,8583.02,265.7,151.05,1184.4,5675.58,225.3134743,5.679,3,155078
36209,4,2011-11-04,0,8.0,66422.81,49.86,3.322,0.0,0.0,0.0,0.0,0.0,129.8051935,5.143,3,205863
59643,7,2010-03-12,0,67.0,2933.93,27.25,2.684,0.0,0.0,0.0,0.0,0.0,189.7372075,9.014,2,70713
201797,21,2011-01-28,0,42.0,4282.82,44.04,3.01,0.0,0.0,0.0,0.0,0.0,211.8552668,8.028,2,140167
224683,23,2011-12-30,1,7.0,33192.18,22.3,3.402,3895.97,50366.6,237.87,1099.12,2573.14,136.6432581,4.42,2,114533
402362,43,2011-03-11,0,52.0,79.6,60.24,3.459,0.0,0.0,0.0,0.0,0.0,205.9880714,10.398,1,41062
25479,3,2011-08-05,0,56.0,340.2,88.45,3.684,0.0,0.0,0.0,0.0,0.0,218.9023209,7.567,2,37392
78025,8,2012-07-27,0,80.0,8811.5,81.71,3.407,6382.88,80.6,3.55,2242.95,4403.2,225.5029014,5.401,3,155078
192510,20,2011-04-15,0,23.0,30719.52,55.0,3.821,0.0,0.0,0.0,0.0,0.0,208.3172811,7.287,3,203742
304260,31,2012-08-17,0,17.0,9200.09,85.55,3.571,2920.56,40.96,0.01,3529.36,4049.09,221.6751459,6.565,3,203750
185880,19,2012-03-30,0,35.0,4412.79,43.47,4.098,9356.36,134.4,6.75,2056.18,3420.94,137.7261935,7.943,3,203819
9573,1,2012-08-24,0,18.0,4.97,77.66,3.62,6237.83,260.06,2.97,3463.03,7988.25,222.1719457,6.908,3,151315
27930,3,2012-04-27,0,5.0,11369.21,73.39,3.814,1178.7,0.0,2.95,36.5,351.97,225.1243526,6.664,2,37392
288234,30,2010-04-23,0,72.0,91.77,64.21,2.795,0.0,0.0,0.0,0.0,0.0,210.1000648,8.2,1,42988
112697,12,2011-04-29,0,8.0,40912.47,68.27,4.151,0.0,0.0,0.0,0.0,0.0,128.9998667,13.736,2,112238
22889,3,2010-10-15,0,81.0,1081.0,69.71,2.72,0.0,0.0,0.0,0.0,0.0,215.1293114,7.564,2,37392
192861,20,2011-05-20,0,48.0,497.0,59.01,4.062,0.0,0.0,0.0,0.0,0.0,208.7583165,7.287,3,203742
315856,33,2010-05-07,0,74.0,471.78,75.4,3.127,0.0,0.0,0.0,0.0,0.0,126.2898,9.849,3,39690
396120,42,2011-07-01,0,46.0,5499.74,95.36,3.842,0.0,0.0,0.0,0.0,0.0,129.0894,8.257,1,39690
102965,11,2011-05-20,0,52.0,1761.44,76.97,3.907,0.0,0.0,0.0,0.0,0.0,219.127216,7.574,3,207499
31817,4,2010-09-03,0,36.0,857.5,76.8,2.584,0.0,0.0,0.0,0.0,0.0,126.1019355,7.372,3,205863
322906,34,2010-05-21,0,16.0,30744.32,63.99,2.82,0.0,0.0,0.0,0.0,0.0,126.1843871,9.593,3,158114
41746,5,2010-08-27,0,6.0,1078.4,87.05,2.619,0.0,0.0,0.0,0.0,0.0,212.123908,6.496,2,34875
140968,15,2010-09-24,0,20.0,3478.8,62.53,2.837,0.0,0.0,0.0,0.0,0.0,132.7619333,8.099,2,123737
317505,33,2011-01-21,0,97.0,5308.23,59.46,3.336,0.0,0.0,0.0,0.0,0.0,127.4404839,8.951,3,39690
351539,37,2011-07-08,0,90.0,42863.45,84.71,3.48,0.0,0.0,0.0,0.0,0.0,214.0245556,8.177,1,39910
44014,5,2011-04-29,0,58.0,645.0,74.75,3.81,0.0,0.0,0.0,0.0,0.0,216.1968142,6.489,2,34875
321032,33,2012-07-06,0,55.0,7.0,93.21,3.666,297.52,0.0,3.44,0.0,1107.31,130.7196333,7.147,3,39690
286938,29,2012-08-17,0,41.0,616.94,74.92,3.84,1727.05,167.24,0.3,504.22,1175.37,138.1857097,9.419,2,93638
184833,19,2011-12-16,0,20.0,6527.69,37.07,3.611,5307.81,292.4,825.0,489.96,4799.18,136.5335161,7.866,3,203819
15712,2,2011-07-15,0,17.0,12598.95,89.83,3.575,0.0,0.0,0.0,0.0,0.0,215.0134426,7.852,3,202307
235364,24,2012-02-17,0,36.0,1600.49,33.92,3.874,12244.57,10925.86,25.52,15725.51,5533.12,137.2583103,8.659,3,203819
414845,45,2010-06-04,0,16.0,51390.43,75.93,2.847,0.0,0.0,0.0,0.0,0.0,182.2389876,8.899,2,118221
337178,35,2011-07-22,0,82.0,9035.89,82.28,3.811,0.0,0.0,0.0,0.0,0.0,139.7969712,8.684,2,103681
37383,4,2012-02-24,0,81.0,34043.67,41.31,3.541,9777.71,4703.88,5.4,1179.72,9352.14,130.5502069,4.607,3,205863
41126,5,2010-06-11,0,40.0,18166.9,80.7,2.668,0.0,0.0,0.0,0.0,0.0,212.0142605,6.465,2,34875
301171,31,2011-10-14,0,28.0,345.78,69.79,3.274,0.0,0.0,0.0,0.0,0.0,217.0048261,7.441,3,203750
55816,6,2011-12-02,0,71.0,5742.44,51.18,3.172,6264.18,74.94,2885.14,3904.82,27272.53,220.2937686,6.551,3,202505
291278,30,2011-06-24,0,90.0,33217.01,85.72,3.594,0.0,0.0,0.0,0.0,0.0,214.7441108,7.931,1,42988
407989,44,2010-09-10,1,2.0,9349.73,65.74,2.87,0.0,0.0,0.0,0.0,0.0,126.1145806,7.804,1,39910
160818,17,2010-11-12,0,83.0,576.2,36.32,2.831,0.0,0.0,0.0,0.0,0.0,126.5461613,6.885,2,93188
138695,15,2010-02-05,0,87.0,11107.13,19.83,2.954,0.0,0.0,0.0,0.0,0.0,131.5279032,8.35,2,123737
188156,20,2010-02-12,1,30.0,7138.63,22.12,2.773,0.0,0.0,0.0,0.0,0.0,204.3857472,8.187,3,203742
134824,14,2011-10-14,0,52.0,3425.37,63.82,3.541,0.0,0.0,0.0,0.0,0.0,187.6917481,8.523,3,200898
239885,25,2010-08-13,0,83.0,375.9,72.73,2.805,0.0,0.0,0.0,0.0,0.0,204.8533784,7.527,2,128107
143594,15,2011-06-17,0,10.0,12881.58,63.9,3.989,0.0,0.0,0.0,0.0,0.0,135.0837333,7.658,2,123737
96509,10,2012-05-18,0,71.0,17867.12,85.19,4.308,9630.62,0.0,9.46,972.85,2986.24,131.0983226,7.382,2,126512
39400,4,2012-09-07,1,49.0,5153.78,82.09,3.709,9082.61,16.0,59.06,7217.88,8026.47,130.9325484,4.077,3,205863
315859,33,2010-05-07,0,55.0,19.98,75.4,3.127,0.0,0.0,0.0,0.0,0.0,126.2898,9.849,3,39690
174326,18,2011-11-11,0,25.0,14634.46,45.69,3.57,15992.53,14793.25,213.79,2921.6,3231.9,136.4618065,8.471,2,120653
369152,39,2011-12-02,0,34.0,18274.67,53.14,3.172,2966.71,59.47,2100.01,3614.81,18646.29,217.4229206,7.716,3,184109
387063,41,2011-04-29,0,80.0,17074.21,39.81,3.663,0.0,0.0,0.0,0.0,0.0,192.6243322,6.934,3,196321
217413,22,2012-10-05,0,81.0,12308.7,62.09,4.027,5294.37,0.0,4.25,1447.19,3652.84,142.8516833,7.543,2,119557
71126,8,2010-09-03,0,55.0,4846.59,76.14,2.577,0.0,0.0,0.0,0.0,0.0,214.894576,6.315,3,155078
129569,14,2010-05-07,0,21.0,9027.02,70.75,2.966,0.0,0.0,0.0,0.0,0.0,181.6468154,8.899,3,200898
271957,28,2011-02-25,0,1.0,14803.35,48.45,3.53,0.0,0.0,0.0,0.0,0.0,128.13,14.021,3,206302
172143,18,2011-04-01,0,19.0,3663.53,35.06,3.638,0.0,0.0,0.0,0.0,0.0,134.0682581,8.975,2,120653
141667,15,2010-12-03,0,24.0,7897.71,36.0,3.2,0.0,0.0,0.0,0.0,0.0,132.7566667,8.067,2,123737
178138,19,2010-02-26,0,32.0,6043.65,30.33,2.91,0.0,0.0,0.0,0.0,0.0,131.686,8.35,3,203819
393724,42,2010-07-09,0,98.0,7016.73,91.03,3.1,0.0,0.0,0.0,0.0,0.0,126.1518,9.199,1,39690
384223,41,2010-07-23,0,44.0,4426.06,70.77,2.691,0.0,0.0,0.0,0.0,0.0,189.774698,7.335,3,196321
248693,26,2010-04-23,0,71.0,2812.52,39.68,2.895,0.0,0.0,0.0,0.0,0.0,132.0226667,8.512,3,152513
236775,24,2012-06-29,0,92.0,121032.31,70.4,3.667,5708.44,329.3,0.0,1310.41,4292.22,138.1962667,8.983,3,203819
326032,34,2011-03-18,0,38.0,48752.16,55.58,3.495,0.0,0.0,0.0,0.0,0.0,128.5121935,10.398,3,158114
260229,27,2010-10-01,0,27.0,1710.12,70.19,2.84,0.0,0.0,0.0,0.0,0.0,136.6297571,8.021,3,204184
295679,31,2010-04-23,0,59.0,653.59,64.21,2.795,0.0,0.0,0.0,0.0,0.0,210.1000648,8.2,3,203750
94186,10,2011-10-07,0,40.0,99169.95,75.01,3.827,0.0,0.0,0.0,0.0,0.0,129.6938,7.874,2,126512
226221,23,2012-06-01,0,94.0,149.42,66.22,3.798,4238.85,92.2,61.64,1401.23,2312.38,138.1138065,4.125,2,114533
387525,41,2011-06-17,0,87.0,10185.92,62.3,3.697,0.0,0.0,0.0,0.0,0.0,192.9034759,6.934,3,196321
161597,17,2011-01-28,0,95.0,43968.0,22.16,2.96,0.0,0.0,0.0,0.0,0.0,127.5800323,6.866,2,93188
164108,17,2011-10-07,0,85.0,3574.85,54.4,3.592,0.0,0.0,0.0,0.0,0.0,129.6938,6.617,2,93188
224729,23,2012-01-06,0,9.0,24215.74,24.29,3.439,4230.07,34854.95,38.18,2408.34,3931.61,136.698129,4.261,2,114533
209084,22,2010-05-28,0,28.0,816.01,65.64,2.906,0.0,0.0,0.0,0.0,0.0,136.1489101,8.348,2,119557
194082,20,2011-09-16,0,79.0,36826.94,64.02,3.742,0.0,0.0,0.0,0.0,0.0,209.1893892,7.274,3,203742
361301,38,2012-05-25,0,49.0,8.91,83.84,4.293,452.9,0.0,0.5,0.0,1668.88,131.0287742,11.627,1,39690
4665,1,2011-05-06,0,54.0,25.8,64.61,3.906,0.0,0.0,0.0,0.0,0.0,215.7960035,7.682,3,151315
59872,7,2010-04-09,0,9.0,16744.19,33.79,2.75,0.0,0.0,0.0,0.0,0.0,189.6901012,8.963,2,70713
62467,7,2010-12-31,1,8.0,12890.95,13.76,2.829,0.0,0.0,0.0,0.0,0.0,191.2557002,9.137,2,70713
316527,33,2010-08-27,0,11.0,210.71,94.0,3.022,0.0,0.0,0.0,0.0,0.0,126.0892903,9.495,3,39690
231234,24,2011-01-07,0,85.0,1222.27,30.72,3.351,0.0,0.0,0.0,0.0,0.0,132.8823226,8.252,3,203819
29685,4,2010-02-05,0,81.0,29863.11,43.76,2.598,0.0,0.0,0.0,0.0,0.0,126.4420645,8.623,3,205863
336497,35,2011-05-13,0,80.0,7.2,60.07,4.066,0.0,0.0,0.0,0.0,0.0,138.4959286,8.512,2,103681
260733,27,2010-11-19,0,94.0,55409.38,50.81,3.138,0.0,0.0,0.0,0.0,0.0,136.7715714,8.021,3,204184
103422,11,2011-07-08,0,98.0,8805.98,87.17,3.48,0.0,0.0,0.0,0.0,0.0,218.6424704,7.567,3,207499
188552,20,2010-03-19,0,23.0,27597.82,47.32,2.844,0.0,0.0,0.0,0.0,0.0,204.3782258,8.187,3,203742
393995,42,2010-08-20,0,38.0,35117.19,89.88,3.041,0.0,0.0,0.0,0.0,0.0,126.0766452,9.199,1,39690
419307,45,2011-09-16,0,27.0,878.87,69.17,3.742,0.0,0.0,0.0,0.0,0.0,186.8024,8.625,2,118221
412217,44,2012-04-27,0,97.0,6993.0,64.8,3.842,2489.9,0.0,3.98,16.6,821.26,131.1266667,5.621,1,39910
351318,37,2011-06-03,0,96.0,21439.19,82.96,3.699,0.0,0.0,0.0,0.0,0.0,214.0162805,8.3,1,39910
7685,1,2012-02-24,0,71.0,3950.1,57.25,3.555,9349.61,7556.01,3.2,1219.92,8143.59,220.636902,7.348,3,151315
76001,8,2012-01-06,0,59.0,381.33,43.47,3.157,3093.39,26001.46,96.35,500.91,4468.63,223.2409668,5.825,3,155078
213091,22,2011-07-22,0,21.0,5318.84,77.79,3.882,0.0,0.0,0.0,0.0,0.0,139.7969712,8.023,2,119557
393748,42,2010-07-16,0,32.0,43.0,91.8,2.971,0.0,0.0,0.0,0.0,0.0,126.1498065,9.199,1,39690
391122,41,2012-06-08,0,83.0,3915.82,65.11,3.741,10245.25,527.4,78.07,749.73,5117.87,197.6551863,6.547,3,196321
418268,45,2011-05-27,0,81.0,16153.79,69.7,3.985,0.0,0.0,0.0,0.0,0.0,185.8603077,8.521,2,118221
84524,9,2011-10-28,0,14.0,7187.77,63.96,3.372,0.0,0.0,0.0,0.0,0.0,221.3159563,6.054,2,125833
14930,2,2011-04-29,0,19.0,3909.21,69.21,3.81,0.0,0.0,0.0,0.0,0.0,215.2772683,7.931,3,202307
68149,7,2012-08-03,0,71.0,2032.1,61.83,3.528,9468.47,109.88,2.88,8606.99,1605.62,198.0293893,7.872,2,70713
320845,33,2012-06-08,0,7.0,640.7,90.94,4.103,499.25,0.0,0.0,0.0,959.13,130.8896774,7.396,3,39690
399139,42,2012-08-24,0,9.0,194.22,82.5,4.055,548.62,0.0,54.43,57.18,2628.1,130.8381613,7.17,1,39690
399209,42,2012-09-07,1,2.0,16594.6,83.07,4.124,341.05,0.0,220.6,72.7,1629.72,130.9325484,7.17,1,39690
231639,24,2011-02-18,0,21.0,6303.33,34.04,3.42,0.0,0.0,0.0,0.0,0.0,133.3701429,8.252,3,203819
176710,18,2012-07-06,0,9.0,29516.67,76.08,3.538,7264.07,216.52,104.43,5508.05,4833.1,138.2296333,8.535,2,120653
220039,23,2010-09-24,0,96.0,7232.4,57.75,2.718,0.0,0.0,0.0,0.0,0.0,132.7619333,5.326,2,114533
402209,43,2011-02-18,0,42.0,226.17,59.15,3.045,0.0,0.0,0.0,0.0,0.0,205.1683214,10.398,1,41062
267340,27,2012-08-24,0,54.0,23.92,72.93,3.997,4757.01,85.3,371.06,3090.86,8212.53,142.3105933,8.239,3,204184
287038,29,2012-08-24,0,93.0,2023.18,70.42,3.874,2436.31,71.53,1.98,1546.95,1061.4,138.2814516,9.419,2,93638
130843,14,2010-09-10,1,7.0,36545.34,70.87,2.699,0.0,0.0,0.0,0.0,0.0,182.598178,8.743,3,200898
10148,1,2012-10-19,0,83.0,5854.41,67.97,3.594,950.33,0.0,4.93,80.25,2312.85,223.4257233,6.573,3,151315
294501,30,2012-09-14,0,85.0,44.85,76.1,3.717,1085.92,0.0,29.23,0.0,2115.61,222.2174395,6.565,1,42988
326911,34,2011-06-10,0,97.0,18764.37,74.57,3.64,0.0,0.0,0.0,0.0,0.0,129.0357097,10.581,3,158114
144584,15,2011-09-23,0,41.0,3595.75,59.0,3.899,0.0,0.0,0.0,0.0,0.0,136.367,7.806,2,123737
151520,16,2010-12-17,0,98.0,124.0,26.01,2.778,0.0,0.0,0.0,0.0,0.0,191.0303376,6.986,2,57197
220381,23,2010-10-29,0,92.0,33516.41,48.68,2.938,0.0,0.0,0.0,0.0,0.0,132.8708387,5.287,2,114533
171009,18,2010-12-10,0,83.0,882.7,25.64,3.132,0.0,0.0,0.0,0.0,0.0,132.6764,9.331,2,120653
242860,25,2011-06-10,0,90.0,10756.81,71.45,3.881,0.0,0.0,0.0,0.0,0.0,208.1535092,7.287,2,128107
11842,2,2010-07-02,0,94.0,77038.43,82.74,2.669,0.0,0.0,0.0,0.0,0.0,210.8803726,8.099,3,202307
194538,20,2011-10-28,0,48.0,970.0,49.36,3.569,0.0,0.0,0.0,0.0,0.0,210.6918901,7.082,3,203742
116101,12,2012-04-13,0,16.0,10002.26,64.28,4.254,9681.11,2934.51,14.08,1944.35,3103.61,131.108,11.627,2,112238
69146,8,2010-02-12,1,87.0,14126.99,33.34,2.548,0.0,0.0,0.0,0.0,0.0,214.6214189,6.299,3,155078
7628,1,2012-02-17,0,44.0,5310.32,45.32,3.51,9873.33,11062.27,9.8,8409.31,3402.66,220.4257586,7.348,3,151315
49426,6,2010-03-19,0,33.0,10329.76,56.55,2.72,0.0,0.0,0.0,0.0,0.0,212.7351935,7.259,3,202505
307838,32,2010-10-29,0,25.0,9498.43,45.45,2.748,0.0,0.0,0.0,0.0,0.0,190.951728,9.137,3,203007
413582,44,2012-10-26,0,95.0,32196.45,46.97,3.755,38.65,2.61,0.98,0.0,457.74,131.1930968,5.217,1,39910
212704,22,2011-06-10,0,21.0,3856.02,69.53,3.924,0.0,0.0,0.0,0.0,0.0,138.8606382,8.252,2,119557
267140,27,2012-08-10,0,28.0,547.83,78.44,3.863,5892.89,148.66,14.01,4147.47,5611.07,142.1705634,8.239,3,204184
34055,4,2011-04-08,0,34.0,24084.57,62.61,3.605,0.0,0.0,0.0,0.0,0.0,128.8238065,5.946,3,205863
266004,27,2012-04-20,0,95.0,112477.07,62.62,4.17,12507.63,2681.1,99.95,1433.43,3244.98,141.9015262,8.253,3,204184
407781,44,2010-08-13,0,93.0,10065.38,74.93,2.837,0.0,0.0,0.0,0.0,0.0,126.064,7.804,1,39910
305246,32,2010-02-19,0,4.0,24464.97,29.16,2.55,0.0,0.0,0.0,0.0,0.0,189.5340998,9.014,3,203007
154111,16,2011-09-23,0,91.0,983.84,50.39,3.581,0.0,0.0,0.0,0.0,0.0,194.8099713,6.338,2,57197
258909,27,2010-05-28,0,83.0,9925.99,67.88,3.046,0.0,0.0,0.0,0.0,0.0,136.1489101,8.058,3,204184
280476,29,2010-10-01,0,79.0,8047.28,69.31,2.717,0.0,0.0,0.0,0.0,0.0,132.7568,10.524,2,93638
409070,44,2011-02-11,1,80.0,5425.9,30.83,3.034,0.0,0.0,0.0,0.0,0.0,127.859129,7.224,1,39910
46441,5,2012-01-27,0,36.0,103.88,54.63,3.29,573.64,969.68,0.0,12.0,861.28,220.6628023,5.943,2,34875
149364,16,2010-04-23,0,56.0,6034.61,44.9,2.776,0.0,0.0,0.0,0.0,0.0,189.6190057,6.842,2,57197
167322,17,2012-08-31,0,38.0,76260.19,68.07,3.624,11235.99,0.0,2.73,3648.33,1964.35,130.8853548,5.936,2,93188
291865,30,2011-09-09,1,8.0,9381.49,78.87,3.546,0.0,0.0,0.0,0.0,0.0,215.5148295,7.852,1,42988
366678,39,2011-03-25,0,49.0,8020.01,71.17,3.473,0.0,0.0,0.0,0.0,0.0,213.3436744,8.395,3,184109
248801,26,2010-05-07,0,79.0,12504.69,54.72,2.981,0.0,0.0,0.0,0.0,0.0,132.1062,8.512,3,152513
47756,5,2012-06-15,0,12.0,3002.31,81.64,3.393,1911.02,0.95,0.04,570.11,1828.62,222.3492901,5.801,2,34875
162983,17,2011-06-17,0,74.0,10598.06,56.61,3.704,0.0,0.0,0.0,0.0,0.0,129.0432,6.774,2,93188
277284,28,2012-08-03,0,56.0,209.43,88.16,3.76,27801.87,28.5,76.11,8969.45,5970.49,130.737871,10.926,3,206302
292700,30,2012-01-06,0,21.0,1153.62,48.1,3.157,594.21,1905.66,91.16,4.92,855.1,219.355063,7.057,1,42988
239747,25,2010-07-30,0,56.0,1680.05,71.99,2.781,0.0,0.0,0.0,0.0,0.0,204.605272,7.527,2,128107
322561,34,2010-04-16,0,40.0,37304.71,59.18,2.81,0.0,0.0,0.0,0.0,0.0,126.5621,9.593,3,158114
99435,11,2010-06-04,0,8.0,34658.38,79.66,2.705,0.0,0.0,0.0,0.0,0.0,214.4958382,7.343,3,207499
155191,16,2012-01-13,0,49.0,41.58,19.55,3.077,1353.58,2551.73,0.24,289.67,1899.49,196.7330517,6.162,2,57197
305403,32,2010-03-05,0,72.0,48022.09,37.72,2.62,0.0,0.0,0.0,0.0,0.0,189.6695049,9.014,3,203007
201726,21,2011-01-21,0,29.0,4983.5,42.72,3.016,0.0,0.0,0.0,0.0,0.0,211.4864691,8.028,2,140167
258819,27,2010-05-14,0,82.0,22509.6,53.82,3.112,0.0,0.0,0.0,0.0,0.0,136.010394,8.058,3,204184
187823,19,2012-10-05,0,47.0,448.0,59.86,4.151,6971.59,0.0,10.96,3640.93,3827.33,138.8256,7.992,3,203819
318542,33,2011-07-01,0,22.0,37.5,98.43,3.842,0.0,0.0,0.0,0.0,0.0,129.0894,8.442,3,39690
420384,45,2012-01-06,0,60.0,184.8,35.88,3.422,7328.14,33378.79,34.6,1198.48,6819.1,189.1940558,8.424,2,118221
199915,21,2010-07-16,0,81.0,4325.35,85.61,2.623,0.0,0.0,0.0,0.0,0.0,210.7577954,8.099,2,140167
232139,24,2011-04-08,0,52.0,1823.02,44.7,3.895,0.0,0.0,0.0,0.0,0.0,134.1777742,8.212,3,203819
222541,23,2011-06-03,0,56.0,30532.93,67.21,3.973,0.0,0.0,0.0,0.0,0.0,134.8551613,4.781,2,114533
337721,35,2011-09-16,0,28.0,610.2,69.65,3.742,0.0,0.0,0.0,0.0,0.0,140.2735,8.684,2,103681
303507,31,2012-06-01,0,72.0,35118.76,79.24,3.501,10969.38,0.0,378.31,2706.46,3236.46,221.3852748,6.891,3,203750
295236,31,2010-03-12,0,12.0,2684.46,57.1,2.667,0.0,0.0,0.0,0.0,0.0,211.037551,8.324,3,203750
278756,29,2010-04-02,0,29.0,3707.25,44.96,2.826,0.0,0.0,0.0,0.0,0.0,131.9019677,10.16,2,93638
352382,37,2011-10-28,0,6.0,36.12,71.31,3.372,0.0,0.0,0.0,0.0,0.0,216.4051315,7.716,1,39910
186529,19,2012-06-01,0,34.0,27995.96,68.18,3.915,8247.79,36.2,100.6,2171.48,4578.85,138.1138065,8.15,3,203819
289,1,2010-02-26,0,12.0,9015.37,46.63,2.561,0.0,0.0,0.0,0.0,0.0,211.3196429,8.106,3,151315
25417,3,2011-07-29,0,23.0,9032.35,88.07,3.682,0.0,0.0,0.0,0.0,0.0,218.8440545,7.567,2,37392
66570,7,2012-02-24,0,1.0,9400.83,24.41,3.129,10170.57,4331.71,93.06,2699.15,3456.7,196.9499007,8.256,2,70713
119265,13,2010-05-28,0,9.0,52944.31,53.11,2.908,0.0,0.0,0.0,0.0,0.0,126.1602258,8.107,3,219622
59430,7,2010-02-19,0,16.0,3733.69,27.28,2.55,0.0,0.0,0.0,0.0,0.0,189.5340998,9.014,2,70713
374074,40,2010-07-09,0,34.0,12130.5,76.67,2.806,0.0,0.0,0.0,0.0,0.0,132.5461333,5.326,3,155083
301418,31,2011-11-11,0,92.0,145988.39,59.8,3.297,25879.08,8716.86,163.33,3983.24,7898.07,217.6455387,7.441,3,203750
104798,11,2011-11-18,0,16.0,4124.76,66.17,3.308,10941.05,222.94,263.1,404.05,8885.3,221.6432852,7.197,3,207499
175884,18,2012-04-13,0,80.0,559.25,47.75,4.025,5798.35,9592.28,11.72,1492.2,2261.14,137.868,8.304,2,120653
322644,34,2010-04-23,0,65.0,46937.98,55.04,2.805,0.0,0.0,0.0,0.0,0.0,126.4713333,9.593,3,158114
127054,13,2012-06-08,0,2.0,80727.87,68.4,3.776,12461.96,406.6,254.19,1450.62,8952.93,130.8896774,5.965,3,219622
178079,19,2010-02-19,0,34.0,17607.59,28.57,2.909,0.0,0.0,0.0,0.0,0.0,131.637,8.35,3,203819
127756,13,2012-08-17,0,81.0,36184.79,79.4,3.545,5063.08,6.76,40.96,2344.61,5594.85,130.7909677,5.765,3,219622
266813,27,2012-07-06,0,1.0,24785.69,82.08,3.646,12579.0,303.6,217.95,8280.23,7999.22,142.2234298,8.239,3,204184
58295,6,2012-08-03,0,35.0,2288.62,87.55,3.417,31765.22,141.14,19.13,15925.51,6069.02,223.5607856,5.668,3,202505
35722,4,2011-09-16,0,23.0,46604.33,72.76,3.532,0.0,0.0,0.0,0.0,0.0,129.4306,5.644,3,205863
13012,2,2010-10-29,0,45.0,11.47,66.24,2.716,0.0,0.0,0.0,0.0,0.0,211.5661131,8.163,3,202307
418120,45,2011-05-13,0,21.0,4193.53,60.38,4.066,0.0,0.0,0.0,0.0,0.0,186.0719231,8.521,2,118221
270580,28,2010-10-15,0,97.0,21057.06,75.0,2.976,0.0,0.0,0.0,0.0,0.0,126.3266774,14.313,3,206302
128353,13,2012-10-12,0,98.0,15246.41,55.1,3.797,1927.15,0.0,9.72,518.97,11269.24,131.1083333,5.621,3,219622
152032,16,2011-02-11,1,91.0,1338.66,15.02,3.037,0.0,0.0,0.0,0.0,0.0,191.8572881,6.614,2,57197
294217,30,2012-08-03,0,38.0,54653.3,91.57,3.417,283.01,0.0,2.46,1.88,2833.5,221.5869799,6.565,1,42988
292487,30,2011-12-09,0,93.0,22675.08,41.44,3.158,1.5,0.0,3.41,0.0,1774.78,218.605037,7.441,1,42988
319549,33,2011-12-02,0,22.0,15.0,59.12,3.701,0.5,0.0,4.0,0.0,1280.77,129.8459667,8.01,3,39690
153272,16,2011-06-24,0,80.0,23.8,54.36,3.661,0.0,0.0,0.0,0.0,0.0,192.9982655,6.339,2,57197
175640,18,2012-03-23,0,40.0,57951.97,58.06,3.889,4449.37,237.61,6.53,475.59,2848.63,137.6552903,8.075,2,120653
294333,30,2012-08-17,0,79.0,6563.93,85.55,3.571,168.82,0.0,2.13,0.0,1321.3,221.6751459,6.565,1,42988
113793,12,2011-08-19,0,41.0,884.25,91.74,3.743,0.0,0.0,0.0,0.0,0.0,129.2405806,13.503,2,112238
420603,45,2012-01-27,0,92.0,47408.04,37.93,3.567,1890.49,2618.49,0.0,139.07,5692.74,189.5168505,8.424,2,118221
223307,23,2011-08-19,0,41.0,2725.0,67.09,3.82,0.0,0.0,0.0,0.0,0.0,136.183129,4.584,2,114533
154136,16,2011-09-23,0,51.0,29.96,50.39,3.581,0.0,0.0,0.0,0.0,0.0,194.8099713,6.338,2,57197
236630,24,2012-06-15,0,34.0,18649.48,68.28,3.786,11618.99,217.9,9.33,2449.86,5633.09,138.1295333,8.983,3,203819
123453,13,2011-07-01,0,97.0,31658.28,74.29,3.613,0.0,0.0,0.0,0.0,0.0,129.0894,6.877,3,219622
232021,24,2011-03-25,0,37.0,2409.61,36.88,3.789,0.0,0.0,0.0,0.0,0.0,133.9587419,8.252,3,203819
403802,43,2011-10-07,0,28.0,0.99,74.17,3.285,0.0,0.0,0.0,0.0,0.0,208.7872143,10.148,1,41062
113926,12,2011-09-02,0,56.0,171.13,93.66,3.798,0.0,0.0,0.0,0.0,0.0,129.3259355,13.503,2,112238
245525,25,2012-03-09,0,85.0,2288.26,37.44,3.848,11412.9,944.64,0.7,13264.83,3951.01,213.8711137,6.961,2,128107
92987,10,2011-06-10,0,7.0,52718.23,84.57,3.981,0.0,0.0,0.0,0.0,0.0,129.0357097,8.494,2,126512
336284,35,2011-04-22,0,35.0,3141.79,50.02,3.892,0.0,0.0,0.0,0.0,0.0,138.2475036,8.512,2,103681
58641,6,2012-09-07,1,35.0,1928.05,86.33,3.73,14105.12,47.96,24.6,3040.62,3558.18,224.0560076,5.668,3,202505
386544,41,2011-03-11,0,22.0,9151.18,31.6,3.372,0.0,0.0,0.0,0.0,0.0,192.058484,7.241,3,196321
304049,31,2012-07-27,0,25.0,7535.0,88.09,3.407,6694.25,35.94,7.2,8201.22,11721.11,221.5785461,6.565,3,203750
215400,22,2012-03-16,0,40.0,54493.31,46.06,3.867,8463.01,51.31,11.36,3719.23,4895.18,141.55478,7.503,2,119557
220016,23,2010-09-24,0,85.0,2890.87,57.75,2.718,0.0,0.0,0.0,0.0,0.0,132.7619333,5.326,2,114533
261547,27,2011-02-11,1,71.0,10679.3,30.45,3.416,0.0,0.0,0.0,0.0,0.0,137.1378318,7.827,3,204184
257049,26,2012-08-24,0,99.0,30.01,62.08,3.874,4507.08,33.6,149.46,1866.46,4685.63,138.2814516,7.405,3,152513
145367,15,2011-12-09,0,4.0,13461.23,38.53,3.627,3581.98,193.94,75.62,1713.45,5227.94,136.5030667,7.866,2,123737
59322,7,2010-02-12,1,94.0,192.5,25.9,2.572,0.0,0.0,0.0,0.0,0.0,189.4642725,9.014,2,70713
330020,34,2012-04-13,0,22.0,6444.15,59.12,3.881,5146.78,3729.58,14.82,799.06,1563.6,131.108,9.575,3,158114
249705,26,2010-08-06,0,24.0,2941.13,62.93,2.792,0.0,0.0,0.0,0.0,0.0,132.6141935,8.445,3,152513
182772,19,2011-05-27,0,38.0,71539.97,63.2,4.134,0.0,0.0,0.0,0.0,0.0,134.7677742,7.658,3,203819
330584,34,2012-06-08,0,26.0,3303.25,75.35,3.433,6967.19,85.4,0.37,1251.49,10377.32,130.8896774,9.575,3,158114
311248,32,2011-09-30,0,46.0,22736.06,65.04,3.538,0.0,0.0,0.0,0.0,0.0,194.8779718,8.622,3,203007
398717,42,2012-06-29,0,52.0,17.03,91.36,3.875,755.44,0.0,0.0,0.0,1062.46,130.7562667,7.382,1,39690
342398,36,2010-06-11,0,20.0,78.25,82.3,2.615,0.0,0.0,0.0,0.0,0.0,210.2135668,8.464,3,39910
30880,4,2010-06-04,0,20.0,9981.91,70.83,2.701,0.0,0.0,0.0,0.0,0.0,126.1360645,7.896,3,205863
54757,6,2011-08-26,0,52.0,3768.72,90.07,3.523,0.0,0.0,0.0,0.0,0.0,217.2706543,6.925,3,202505
230547,24,2010-11-05,0,2.0,35471.01,42.2,3.049,0.0,0.0,0.0,0.0,0.0,132.9245806,8.275,3,203819
92371,10,2011-04-08,0,3.0,22548.87,73.03,3.818,0.0,0.0,0.0,0.0,0.0,128.8238065,8.494,2,126512
71485,8,2010-10-08,0,29.0,2956.56,62.94,2.633,0.0,0.0,0.0,0.0,0.0,215.1072262,6.433,3,155078
179046,19,2010-05-28,0,71.0,4891.66,68.85,3.046,0.0,0.0,0.0,0.0,0.0,132.2939355,8.185,3,203819
239728,25,2010-07-23,0,41.0,554.0,75.37,2.771,0.0,0.0,0.0,0.0,0.0,204.4812188,7.527,2,128107
184971,19,2011-12-30,1,85.0,5337.21,31.65,3.566,6234.22,50438.17,210.34,1457.96,2373.94,136.6432581,7.866,3,203819
160368,17,2010-09-24,0,71.0,2070.3,58.39,2.872,0.0,0.0,0.0,0.0,0.0,126.1900333,6.697,2,93188
66205,7,2012-01-20,0,11.0,18787.95,27.41,3.055,1967.73,2791.5,0.73,213.86,4297.27,196.7796652,8.256,2,70713
191466,20,2010-12-31,1,16.0,5531.83,28.85,3.179,0.0,0.0,0.0,0.0,0.0,204.6432267,7.484,3,203742
13820,2,2011-01-14,0,80.0,25391.65,33.02,2.983,0.0,0.0,0.0,0.0,0.0,211.1176713,8.028,3,202307
22050,3,2010-07-16,0,3.0,5805.9,84.32,2.623,0.0,0.0,0.0,0.0,0.0,214.4176476,7.346,2,37392
378655,40,2011-10-14,0,44.0,3561.04,53.9,3.583,0.0,0.0,0.0,0.0,0.0,136.5150968,4.42,3,155083
171368,18,2011-01-14,0,42.0,4181.67,22.69,3.215,0.0,0.0,0.0,0.0,0.0,132.9510645,9.131,2,120653
235657,24,2012-03-16,0,91.0,49512.47,48.68,4.021,10310.26,920.9,1.02,3250.66,1844.03,137.5843871,8.659,3,203819
101306,11,2010-12-10,0,16.0,3244.83,53.33,2.843,0.0,0.0,0.0,0.0,0.0,214.7693037,7.564,3,207499
291767,30,2011-08-26,0,82.0,3912.44,92.07,3.523,0.0,0.0,0.0,0.0,0.0,215.386897,7.852,1,42988
330182,34,2012-04-27,0,32.0,3416.53,66.49,3.81,5573.52,886.23,8.87,338.1,2014.84,131.1266667,9.575,3,158114
234356,24,2011-11-11,0,60.0,44.0,46.78,3.719,9391.17,20595.49,686.11,5950.16,6034.65,136.4618065,8.454,3,203819
226281,23,2012-06-08,0,44.0,7216.86,56.82,3.746,7565.4,503.4,220.02,2581.42,6208.43,138.1174194,4.125,2,114533
379755,40,2012-02-03,0,37.0,1610.58,27.86,3.633,37980.28,2731.05,108.41,23597.14,5940.88,137.0632581,4.261,3,155083
43508,5,2011-03-04,0,26.0,2209.57,60.35,3.288,0.0,0.0,0.0,0.0,0.0,214.3842702,6.634,2,34875
308634,32,2011-01-14,0,58.0,588.01,21.69,2.911,0.0,0.0,0.0,0.0,0.0,191.4784939,8.818,3,203007
5789,1,2011-08-19,0,4.0,39148.87,89.94,3.554,0.0,0.0,0.0,0.0,0.0,215.6693107,7.962,3,151315
136757,14,2012-04-27,0,59.0,394.21,53.2,4.004,3548.09,0.35,45.88,78.21,4193.26,190.8680064,8.567,3,200898
330218,34,2012-05-04,0,41.0,131.94,65.04,3.747,6219.31,0.0,69.88,2597.74,3522.31,131.136,9.575,3,158114
30973,4,2010-06-11,0,2.0,78179.6,78.45,2.668,0.0,0.0,0.0,0.0,0.0,126.1119032,7.896,3,205863
354835,37,2012-09-21,0,27.0,26.28,75.98,3.721,241.47,0.0,0.0,0.0,2143.91,221.4578604,6.623,1,39910
277001,28,2012-07-06,0,36.0,2445.98,89.13,3.765,5618.88,98.6,111.79,2513.36,6421.05,130.7196333,10.926,3,206302
378819,40,2011-10-28,0,80.0,14512.32,42.09,3.604,0.0,0.0,0.0,0.0,0.0,136.4884516,4.42,3,155083
60424,7,2010-06-04,0,10.0,19176.37,53.63,2.7,0.0,0.0,0.0,0.0,0.0,189.422658,8.963,2,70713
143537,15,2011-06-10,0,21.0,2369.85,69.86,4.025,0.0,0.0,0.0,0.0,0.0,134.9425484,7.658,2,123737
54869,6,2011-09-02,0,38.0,72892.66,91.22,3.533,0.0,0.0,0.0,0.0,0.0,217.3343423,6.925,3,202505
197342,20,2012-07-27,0,93.0,49434.52,74.6,3.647,11481.26,130.17,7.09,11794.45,3238.04,214.7382432,7.28,3,203742
105232,11,2011-12-30,1,92.0,68883.13,48.86,3.129,4241.32,58046.41,239.33,78.09,586.72,223.0090839,7.197,3,207499
245686,25,2012-03-23,0,46.0,18261.99,62.7,3.9,3406.88,247.61,0.93,2689.25,1301.78,214.0907105,6.961,2,128107
420585,45,2012-01-27,0,87.0,5485.46,37.93,3.567,1890.49,2618.49,0.0,139.07,5692.74,189.5168505,8.424,2,118221
358298,38,2011-04-15,0,52.0,32.48,57.63,3.868,0.0,0.0,0.0,0.0,0.0,128.9107333,13.736,1,39690
90320,10,2010-09-24,0,19.0,4181.12,85.75,2.939,0.0,0.0,0.0,0.0,0.0,126.1900333,9.199,2,126512
4087,1,2011-03-04,0,82.0,22958.34,59.58,3.288,0.0,0.0,0.0,0.0,0.0,213.8233327,7.742,3,151315
154356,16,2011-10-14,0,18.0,5483.21,39.97,3.491,0.0,0.0,0.0,0.0,0.0,195.0261012,6.232,2,57197
29649,4,2010-02-05,0,87.0,18721.9,43.76,2.598,0.0,0.0,0.0,0.0,0.0,126.4420645,8.623,3,205863
41867,5,2010-09-10,1,26.0,1237.32,79.86,2.565,0.0,0.0,0.0,0.0,0.0,212.0499271,6.496,2,34875
359530,38,2011-09-30,0,6.0,-14.88,83.26,3.877,0.0,0.0,0.0,0.0,0.0,129.6060667,13.503,1,39690
258465,27,2010-04-09,0,79.0,42708.17,62.62,2.992,0.0,0.0,0.0,0.0,0.0,135.7856359,8.058,3,204184
254490,26,2011-12-09,0,91.0,47689.53,34.24,3.47,4980.07,19.0,144.13,1669.69,6055.33,136.5030667,7.598,3,152513
286515,29,2012-06-29,0,59.0,154.59,70.99,3.577,5142.08,329.04,0.27,565.5,1957.42,138.1962667,9.14,2,93638
202762,21,2011-05-13,0,23.0,38293.2,75.04,3.899,0.0,0.0,0.0,0.0,0.0,215.6124735,7.931,2,140167
191735,20,2011-01-28,0,12.0,3718.22,23.21,3.237,0.0,0.0,0.0,0.0,0.0,205.3894952,7.343,3,203742
69272,8,2010-02-26,0,31.0,1205.0,37.91,2.561,0.0,0.0,0.0,0.0,0.0,214.6940735,6.299,3,155078
160266,17,2010-09-17,0,74.0,19262.83,58.53,2.875,0.0,0.0,0.0,0.0,0.0,126.1454667,6.697,2,93188
257633,26,2012-10-19,0,31.0,1437.66,43.51,4.0,1697.09,0.0,2.64,106.35,2481.19,138.8336129,7.138,3,152513
67444,7,2012-05-25,0,97.0,4403.76,50.6,3.804,5126.54,0.0,90.05,483.27,2236.31,197.5886046,8.09,2,70713
338061,35,2011-10-21,0,87.0,9174.91,59.62,3.57,0.0,0.0,0.0,0.0,0.0,140.4616048,8.745,2,103681
107962,11,2012-09-28,0,97.0,15118.19,77.67,3.666,7694.84,51.91,5.2,1653.38,3211.84,226.5180926,6.334,3,207499
287744,30,2010-02-12,1,94.0,26676.22,37.77,2.548,0.0,0.0,0.0,0.0,0.0,210.8979935,8.324,1,42988
214738,22,2012-01-06,0,85.0,2552.71,34.61,3.439,5803.25,34453.8,22.94,1777.64,8239.01,140.6461359,7.503,2,119557
25861,3,2011-09-16,0,46.0,5484.77,83.63,3.526,0.0,0.0,0.0,0.0,0.0,219.3972867,7.567,2,37392
55887,6,2011-12-09,0,37.0,3320.49,43.64,3.158,5473.33,42.0,282.45,4436.51,11311.24,220.5457961,6.551,3,202505
21839,3,2010-06-25,0,7.0,13262.5,83.79,2.653,0.0,0.0,0.0,0.0,0.0,214.6660741,7.343,2,37392
17895,2,2012-02-17,0,5.0,52735.59,43.82,3.51,13942.54,14273.24,15.76,4927.14,6650.08,220.0651993,7.057,3,202307
353636,37,2012-04-13,0,93.0,20152.25,72.54,3.891,303.63,621.72,1.9,0.0,2429.1,220.1953389,6.989,1,39910
110069,12,2010-07-30,0,46.0,27027.93,96.31,3.017,0.0,0.0,0.0,0.0,0.0,126.1069032,14.18,2,112238
148926,16,2010-03-05,0,67.0,2914.97,27.92,2.62,0.0,0.0,0.0,0.0,0.0,189.6695049,7.039,2,57197
249352,26,2010-07-02,0,79.0,12284.78,58.9,2.815,0.0,0.0,0.0,0.0,0.0,132.5218667,8.445,3,152513
49283,6,2010-03-05,0,8.0,51231.65,49.63,2.625,0.0,0.0,0.0,0.0,0.0,212.8745193,7.259,3,202505
218812,23,2010-05-28,0,50.0,5813.0,69.26,2.906,0.0,0.0,0.0,0.0,0.0,132.2939355,5.435,2,114533
130351,14,2010-07-23,0,24.0,6354.63,81.46,2.771,0.0,0.0,0.0,0.0,0.0,182.3509895,8.743,3,200898
266574,27,2012-06-15,0,27.0,1677.92,69.52,3.786,9943.48,614.9,15.0,3382.44,6779.57,142.1292548,8.253,3,204184
138536,14,2012-10-19,0,14.0,17165.82,56.47,3.969,4192.74,0.0,17.46,1076.25,3839.99,192.3308542,8.667,3,200898
44347,5,2011-06-10,0,23.0,6976.74,83.61,3.648,0.0,0.0,0.0,0.0,0.0,215.6064555,6.489,2,34875
131578,14,2010-11-26,1,59.0,5030.44,46.15,3.039,0.0,0.0,0.0,0.0,0.0,182.7832769,8.724,3,200898
113490,12,2011-07-22,0,26.0,10823.31,91.17,3.794,0.0,0.0,0.0,0.0,0.0,129.1507742,13.503,2,112238
414583,45,2010-05-07,0,17.0,10992.07,70.75,2.966,0.0,0.0,0.0,0.0,0.0,181.6468154,8.899,2,118221
39028,4,2012-08-03,0,20.0,10724.84,83.86,3.374,29127.2,42.27,58.34,22663.73,10925.99,130.737871,4.077,3,205863
94576,10,2011-11-11,0,87.0,23669.23,55.28,3.677,13444.17,14909.99,752.18,4320.22,5896.3,129.8167097,7.874,2,126512
70494,8,2010-07-02,0,42.0,5423.68,74.78,2.669,0.0,0.0,0.0,0.0,0.0,214.5928119,6.315,3,155078
246353,25,2012-06-01,0,16.0,46863.75,69.54,3.742,6667.97,38.4,40.85,544.94,2765.31,214.5513278,7.139,2,128107
155387,16,2012-02-03,0,80.0,928.02,25.53,3.031,32702.46,747.82,2.39,8063.07,2940.68,196.8728921,6.162,2,57197
221402,23,2011-02-11,1,79.0,37513.38,21.52,3.255,0.0,0.0,0.0,0.0,0.0,133.260871,5.114,2,114533
384964,41,2010-10-01,0,29.0,3399.11,62.67,2.759,0.0,0.0,0.0,0.0,0.0,190.6738241,7.508,3,196321
288365,30,2010-05-07,0,52.0,27.78,70.87,2.835,0.0,0.0,0.0,0.0,0.0,210.0011018,8.2,1,42988
280001,29,2010-08-13,0,1.0,10282.83,74.75,2.81,0.0,0.0,0.0,0.0,0.0,132.63,10.409,2,93638
36462,4,2011-12-02,0,94.0,55118.83,38.71,3.176,9762.39,160.94,2260.29,4767.86,28604.2,129.8459667,5.143,3,205863
122788,13,2011-04-29,0,90.0,108589.17,43.85,3.683,0.0,0.0,0.0,0.0,0.0,128.9998667,7.193,3,219622
35070,4,2011-07-15,0,54.0,52.84,83.27,3.563,0.0,0.0,0.0,0.0,0.0,129.1338387,5.644,3,205863
407630,44,2010-07-23,0,9.0,195.86,82.27,2.797,0.0,0.0,0.0,0.0,0.0,126.1283548,7.804,1,39910
117117,12,2012-07-27,0,40.0,43433.01,93.47,3.769,8217.72,41.28,2.31,9211.05,5507.68,130.7195806,10.926,2,112238
255010,26,2012-01-27,0,60.0,89.8,24.16,3.568,812.2,1267.64,32.5,13.76,1914.38,136.9598387,7.467,3,152513
398264,42,2012-04-27,0,38.0,43166.29,80.11,4.088,685.44,0.0,12.09,0.0,512.76,131.1266667,7.382,1,39690
128642,14,2010-02-05,0,81.0,61048.84,27.31,2.784,0.0,0.0,0.0,0.0,0.0,181.8711898,8.992,3,200898
163260,17,2011-07-15,0,8.0,20318.72,67.93,3.553,0.0,0.0,0.0,0.0,0.0,129.1338387,6.745,2,93188
226450,23,2012-06-22,0,1.0,25074.0,71.82,3.629,5810.83,658.1,8.28,2064.37,5454.93,138.1629,4.125,2,114533
347187,36,2012-07-13,0,97.0,5755.33,78.15,3.245,769.5,0.0,0.01,0.0,1530.69,220.6063444,6.623,3,39910
286064,29,2012-05-11,0,35.0,2623.32,56.72,3.947,6606.84,0.0,7.15,477.96,2857.52,138.0882667,9.14,2,93638
45175,5,2011-09-09,1,82.0,3598.96,79.04,3.546,0.0,0.0,0.0,0.0,0.0,216.4226819,6.529,2,34875
251422,26,2011-01-28,0,2.0,23202.14,5.54,3.243,0.0,0.0,0.0,0.0,0.0,133.1059677,7.907,3,152513
221843,23,2011-03-25,0,27.0,2693.63,29.11,3.624,0.0,0.0,0.0,0.0,0.0,133.9587419,5.114,2,114533
75555,8,2011-11-25,1,80.0,9364.9,49.61,3.236,437.61,320.76,45968.51,110.41,992.9,221.9491571,6.123,3,155078
406659,44,2010-03-05,0,4.0,6588.98,40.65,2.681,0.0,0.0,0.0,0.0,0.0,126.5782857,8.119,1,39910
102722,11,2011-04-29,0,85.0,1967.51,79.97,3.81,0.0,0.0,0.0,0.0,0.0,219.0236099,7.574,3,207499
420687,45,2012-02-03,0,24.0,4180.63,42.96,3.617,35348.47,4373.64,21.05,38157.91,5908.5,189.6122277,8.424,2,118221
318522,33,2011-07-01,0,74.0,234.29,98.43,3.842,0.0,0.0,0.0,0.0,0.0,129.0894,8.442,3,39690
198682,21,2010-03-12,0,12.0,3085.67,57.1,2.667,0.0,0.0,0.0,0.0,0.0,211.037551,8.324,2,140167
376296,40,2011-02-18,0,10.0,12496.85,21.82,3.263,0.0,0.0,0.0,0.0,0.0,133.3701429,5.114,3,155083
188577,20,2010-03-19,0,11.0,21913.11,47.32,2.844,0.0,0.0,0.0,0.0,0.0,204.3782258,8.187,3,203742
298326,31,2011-01-07,0,81.0,27092.54,44.24,2.976,0.0,0.0,0.0,0.0,0.0,211.0648881,8.028,3,203750
155374,16,2012-01-27,0,41.0,874.4,28.17,3.038,612.01,1011.32,0.0,8.41,2482.91,196.8262786,6.162,2,57197
56140,6,2012-01-06,0,2.0,49741.3,50.82,3.157,3220.17,32056.43,108.24,985.76,6650.63,221.3088023,6.132,3,202505
71463,8,2010-10-08,0,27.0,1017.5,62.94,2.633,0.0,0.0,0.0,0.0,0.0,215.1072262,6.433,3,155078
281381,29,2011-01-07,0,4.0,13332.05,32.56,3.193,0.0,0.0,0.0,0.0,0.0,132.8823226,10.256,2,93638
169747,18,2010-07-30,0,13.0,46126.43,75.79,2.792,0.0,0.0,0.0,0.0,0.0,132.5983871,9.342,2,120653
159592,17,2010-07-02,0,33.0,5493.94,68.98,2.814,0.0,0.0,0.0,0.0,0.0,126.1392,6.697,2,93188
8722,1,2012-06-01,0,93.0,76925.54,77.95,3.501,6086.21,12.0,370.51,148.75,3690.85,221.7472139,7.143,3,151315
358994,38,2011-07-22,0,3.0,1150.47,91.17,3.794,0.0,0.0,0.0,0.0,0.0,129.1507742,13.503,1,39690
402845,43,2011-05-20,0,91.0,37836.61,74.21,3.907,0.0,0.0,0.0,0.0,0.0,207.5200622,10.581,1,41062
389115,41,2011-11-25,1,54.0,35.5,36.37,3.424,256.95,1053.98,79621.2,40.76,2616.56,195.7704,6.759,3,196321
96265,10,2012-04-20,0,33.0,11102.71,67.75,4.111,4973.95,4561.31,5.17,1953.72,3653.48,131.1173333,7.382,2,126512
220866,23,2010-12-17,0,26.0,24992.87,23.05,3.139,0.0,0.0,0.0,0.0,0.0,132.6804516,5.287,2,114533
259405,27,2010-07-09,0,10.0,46299.98,82.69,2.94,0.0,0.0,0.0,0.0,0.0,136.3962643,7.982,3,204184
325042,34,2010-12-10,0,65.0,49320.95,41.93,2.86,0.0,0.0,0.0,0.0,0.0,126.7934,10.21,3,158114
81187,9,2010-10-15,0,12.0,7357.7,67.36,2.72,0.0,0.0,0.0,0.0,0.0,215.3589917,6.56,2,125833
148230,15,2012-09-28,0,35.0,2514.84,57.13,4.158,5223.97,19.73,0.66,1260.77,5490.76,138.7395,8.193,2,123737
252839,26,2011-06-24,0,83.0,2033.79,56.94,3.851,0.0,0.0,0.0,0.0,0.0,135.2652667,7.818,3,152513
393120,42,2010-04-09,0,16.0,2202.56,65.29,3.004,0.0,0.0,0.0,0.0,0.0,126.6019032,9.524,1,39690
206498,21,2012-06-08,0,81.0,5863.66,79.47,3.452,7055.91,10.8,93.05,751.89,4570.78,221.3877467,6.891,2,140167
46048,5,2011-12-16,0,23.0,9260.02,54.42,3.159,802.42,0.0,78.77,319.84,1940.54,219.7596266,6.3,2,34875
210496,22,2010-10-22,0,58.0,4452.0,50.24,2.919,0.0,0.0,0.0,0.0,0.0,136.688871,8.572,2,119557
1277,1,2010-06-04,0,10.0,34227.73,80.69,2.705,0.0,0.0,0.0,0.0,0.0,211.1764278,7.808,3,151315
69283,8,2010-02-26,0,8.0,26978.53,37.91,2.561,0.0,0.0,0.0,0.0,0.0,214.6940735,6.299,3,155078
88567,10,2010-04-09,0,23.0,65180.81,65.29,3.004,0.0,0.0,0.0,0.0,0.0,126.6019032,9.524,2,126512
348881,37,2010-06-18,0,11.0,1589.9,84.37,2.637,0.0,0.0,0.0,0.0,0.0,210.2108417,8.464,1,39910
382712,41,2010-02-19,0,71.0,6996.04,24.13,2.55,0.0,0.0,0.0,0.0,0.0,189.5340998,7.541,3,196321
168287,18,2010-03-05,0,79.0,30552.05,37.17,2.766,0.0,0.0,0.0,0.0,0.0,131.735,9.202,2,120653
237978,24,2012-10-26,0,46.0,14308.81,55.16,4.071,10844.38,104.16,105.09,1795.68,3059.8,138.7281613,8.693,3,203819
34553,4,2011-05-27,0,48.0,929.0,73.65,3.771,0.0,0.0,0.0,0.0,0.0,129.0623548,5.946,3,205863
259261,27,2010-06-25,0,31.0,2337.9,78.02,2.958,0.0,0.0,0.0,0.0,0.0,136.3483143,8.058,3,204184
299485,31,2011-04-29,0,67.0,6844.19,70.19,3.81,0.0,0.0,0.0,0.0,0.0,215.2772683,7.931,3,203750
409887,44,2011-06-10,0,96.0,3296.0,61.39,3.732,0.0,0.0,0.0,0.0,0.0,129.0357097,6.906,1,39910
369120,39,2011-11-25,1,49.0,4497.31,66.36,3.236,224.08,292.94,77126.16,77.74,4875.43,217.1812533,7.716,3,184109
1744,1,2010-07-23,0,38.0,66892.44,83.36,2.608,0.0,0.0,0.0,0.0,0.0,211.2351443,7.787,3,151315
116530,12,2012-05-25,0,60.0,270.0,83.84,4.293,8220.32,0.0,373.92,2185.46,1825.94,131.0287742,11.627,2,112238
236461,24,2012-06-01,0,93.0,43472.6,71.79,3.915,5320.71,42.2,204.43,883.54,2374.74,138.1138065,8.983,3,203819
213934,22,2011-10-14,0,60.0,281.6,62.63,3.583,0.0,0.0,0.0,0.0,0.0,140.4784194,7.706,2,119557
136437,14,2012-03-23,0,19.0,2390.48,59.45,3.9,4718.7,348.81,6.85,353.11,3726.39,190.5363213,8.424,3,200898
46146,5,2011-12-23,0,94.0,249.64,50.33,3.112,225.21,0.15,427.57,0.0,1443.04,219.9387246,6.3,2,34875
334723,35,2010-11-05,0,14.0,26534.62,45.91,2.917,0.0,0.0,0.0,0.0,0.0,136.7862258,8.763,2,103681
119756,13,2010-07-09,0,94.0,69038.44,71.33,2.802,0.0,0.0,0.0,0.0,0.0,126.1518,7.951,3,219622
72931,8,2011-03-04,0,14.0,11172.51,53.18,3.288,0.0,0.0,0.0,0.0,0.0,217.2185454,6.262,3,155078
319752,33,2011-12-30,1,52.0,13.88,51.6,3.428,384.37,1919.79,4.95,25.2,556.38,130.0710323,8.01,3,39690
300872,31,2011-09-16,0,96.0,28554.79,80.62,3.526,0.0,0.0,0.0,0.0,0.0,215.6944378,7.852,3,203750
215959,22,2012-05-11,0,58.0,1780.0,56.72,3.947,16294.31,0.0,100.09,3370.19,3482.48,142.0759262,7.671,2,119557
74597,8,2011-08-19,0,54.0,58.0,82.92,3.554,0.0,0.0,0.0,0.0,0.0,219.0701968,6.425,3,155078
374238,40,2010-07-30,0,13.0,24469.62,71.35,2.792,0.0,0.0,0.0,0.0,0.0,132.5983871,5.326,3,155083
318954,33,2011-09-02,0,7.0,348.18,99.2,3.798,0.0,0.0,0.0,0.0,0.0,129.3259355,8.442,3,39690
38085,4,2012-05-04,0,54.0,22.88,80.14,3.747,13737.91,0.0,93.65,6993.97,4541.89,131.136,4.308,3,205863
346484,36,2012-03-23,0,5.0,95.0,69.18,3.845,98.84,0.0,1.7,0.0,1382.01,219.9705599,7.244,3,39910
91599,10,2011-01-28,0,14.0,37163.38,53.03,3.231,0.0,0.0,0.0,0.0,0.0,127.5800323,8.744,2,126512
356544,38,2010-08-13,0,2.0,10451.7,87.01,3.159,0.0,0.0,0.0,0.0,0.0,126.064,14.18,1,39690
10120,1,2012-10-19,0,38.0,68794.43,67.97,3.594,950.33,0.0,4.93,80.25,2312.85,223.4257233,6.573,3,151315
203689,21,2011-08-19,0,29.0,4987.78,90.11,3.554,0.0,0.0,0.0,0.0,0.0,215.3229307,7.852,2,140167
352645,37,2011-12-02,0,11.0,2987.51,53.57,3.172,1.5,0.0,6.03,0.0,1180.32,217.4229206,7.716,1,39910
371777,39,2012-08-24,0,38.0,47354.99,80.49,3.62,6741.36,81.74,0.02,4657.6,13783.29,220.8526787,6.623,3,184109
217076,22,2012-08-31,0,10.0,18337.7,71.93,3.884,37707.43,40.66,119.53,6761.03,2307.61,142.4054482,7.753,2,119557
63002,7,2011-02-25,0,5.0,14742.54,17.46,3.101,0.0,0.0,0.0,0.0,0.0,191.9647167,8.818,2,70713
175618,18,2012-03-23,0,91.0,21784.51,58.06,3.889,4449.37,237.61,6.53,475.59,2848.63,137.6552903,8.075,2,120653
376145,40,2011-02-04,0,60.0,96.8,13.29,3.24,0.0,0.0,0.0,0.0,0.0,133.1834194,5.114,3,155083
299549,31,2011-05-06,0,5.0,15335.32,61.87,3.906,0.0,0.0,0.0,0.0,0.0,215.4448709,7.931,3,203750
183498,19,2011-08-12,0,5.0,19634.21,70.92,3.995,0.0,0.0,0.0,0.0,0.0,136.144129,7.806,3,203819
308126,32,2010-11-26,1,10.0,23418.61,29.97,2.742,0.0,0.0,0.0,0.0,0.0,191.0121805,9.137,3,203007
326891,34,2011-06-10,0,22.0,4551.66,74.57,3.64,0.0,0.0,0.0,0.0,0.0,129.0357097,10.581,3,158114
119686,13,2010-07-02,0,3.0,14332.61,78.82,2.814,0.0,0.0,0.0,0.0,0.0,126.1392,7.951,3,219622
371468,39,2012-07-20,0,74.0,27618.73,80.32,3.311,6182.24,246.4,31.54,5087.21,63005.58,220.6148749,6.623,3,184109
16217,2,2011-09-09,1,38.0,70297.94,77.97,3.546,0.0,0.0,0.0,0.0,0.0,215.5148295,7.852,3,202307
422956,45,2012-09-28,0,8.0,33202.26,64.88,3.997,4556.61,20.64,1.5,1601.01,3288.25,192.0135577,8.684,2,118221
328321,34,2011-10-28,0,42.0,3950.03,54.56,3.362,0.0,0.0,0.0,0.0,0.0,129.7936774,10.148,3,158114
88845,10,2010-05-07,0,29.0,15684.5,71.06,3.127,0.0,0.0,0.0,0.0,0.0,126.2898,9.524,2,126512
182701,19,2011-05-20,0,87.0,14358.13,52.8,4.202,0.0,0.0,0.0,0.0,0.0,134.6803871,7.658,3,203819
162195,17,2011-04-01,0,10.0,11557.16,39.38,3.487,0.0,0.0,0.0,0.0,0.0,128.7199355,6.774,2,93188
11564,2,2010-06-04,0,40.0,80970.15,81.81,2.705,0.0,0.0,0.0,0.0,0.0,210.833616,8.2,3,202307
148108,15,2012-09-14,0,55.0,3687.61,65.44,4.088,5163.64,0.0,1.49,922.73,3154.77,138.5673,8.193,2,123737
90728,10,2010-11-05,0,31.0,4431.34,71.04,3.009,0.0,0.0,0.0,0.0,0.0,126.4912903,9.003,2,126512
358743,38,2011-06-17,0,9.0,47.25,86.84,3.935,0.0,0.0,0.0,0.0,0.0,129.0432,13.736,1,39690
245385,25,2012-02-24,0,22.0,4935.09,35.51,3.739,10504.05,7242.9,0.0,5556.78,3596.69,213.4725116,6.961,2,128107
402192,43,2011-02-11,1,6.0,8.94,40.65,3.022,0.0,0.0,0.0,0.0,0.0,204.873871,10.398,1,41062
93709,10,2011-08-19,0,34.0,46721.54,87.4,3.743,0.0,0.0,0.0,0.0,0.0,129.2405806,8.257,2,126512
272562,28,2011-04-29,0,56.0,2067.56,68.27,4.151,0.0,0.0,0.0,0.0,0.0,128.9998667,13.736,3,206302
246795,25,2012-07-13,0,1.0,14238.01,73.87,3.523,7262.73,45.6,18.01,1803.13,1354.39,214.728027,7.28,2,128107
68894,7,2012-10-19,0,35.0,28.97,43.01,3.75,2034.63,0.0,0.5,298.55,4163.41,199.1481963,7.557,2,70713
24101,3,2011-03-04,0,35.0,1725.0,65.11,3.288,0.0,0.0,0.0,0.0,0.0,217.1716979,7.551,2,37392
390064,41,2012-02-24,0,41.0,807.07,27.89,3.129,9156.06,9181.74,3.2,3808.5,6148.47,196.9499007,6.589,3,196321
240129,25,2010-09-03,0,14.0,11293.06,71.17,2.715,0.0,0.0,0.0,0.0,0.0,204.7583566,7.527,2,128107
263013,27,2011-07-01,0,50.0,1753.5,73.76,3.916,0.0,0.0,0.0,0.0,0.0,139.36375,7.85,3,204184
399140,42,2012-08-24,0,38.0,50563.09,82.5,4.055,548.62,0.0,54.43,57.18,2628.1,130.8381613,7.17,1,39690
17605,2,2012-01-20,0,37.0,4049.62,51.7,3.268,6552.26,4355.69,105.97,1703.1,3376.03,219.6258417,7.057,3,202307
3520,1,2011-01-14,0,5.0,17445.37,35.4,2.983,0.0,0.0,0.0,0.0,0.0,211.4574109,7.742,3,151315
305352,32,2010-03-05,0,25.0,5840.5,37.72,2.62,0.0,0.0,0.0,0.0,0.0,189.6695049,9.014,3,203007
203888,21,2011-09-09,1,6.0,2260.95,78.87,3.546,0.0,0.0,0.0,0.0,0.0,215.5148295,7.852,2,140167
263786,27,2011-09-16,0,71.0,10273.92,69.65,3.937,0.0,0.0,0.0,0.0,0.0,140.2735,7.85,3,204184
14187,2,2011-02-18,0,2.0,69487.17,57.83,3.045,0.0,0.0,0.0,0.0,0.0,212.9033115,8.028,3,202307
167682,17,2012-10-05,0,7.0,13780.88,52.81,3.815,3029.6,0.0,0.0,2246.04,3033.47,131.0756667,5.527,2,93188
280039,29,2010-08-20,0,72.0,33965.3,73.21,2.796,0.0,0.0,0.0,0.0,0.0,132.6616129,10.409,2,93638
102692,11,2011-04-29,0,32.0,10818.93,79.97,3.81,0.0,0.0,0.0,0.0,0.0,219.0236099,7.574,3,207499
305387,32,2010-03-05,0,22.0,8968.9,37.72,2.62,0.0,0.0,0.0,0.0,0.0,189.6695049,9.014,3,203007
237200,24,2012-08-10,0,8.0,51258.37,75.53,3.863,37938.11,798.52,178.81,12823.7,5682.73,138.1437742,8.953,3,203819
307463,32,2010-09-24,0,25.0,6998.25,64.19,2.793,0.0,0.0,0.0,0.0,0.0,190.5713264,9.017,3,203007
407546,44,2010-07-09,0,59.0,76.8,71.33,2.802,0.0,0.0,0.0,0.0,0.0,126.1518,7.804,1,39910
379289,40,2011-12-16,0,96.0,13564.67,29.53,3.445,3067.81,0.0,383.98,409.64,2938.11,136.5335161,4.42,3,155083
412872,44,2012-07-27,0,55.0,-11.88,80.42,3.537,30.51,0.0,0.0,0.41,1736.91,130.7195806,5.407,1,39910
178181,19,2010-03-05,0,83.0,5408.12,32.92,2.919,0.0,0.0,0.0,0.0,0.0,131.735,8.35,3,203819
214594,22,2011-12-23,0,52.0,2791.5,39.83,3.413,963.24,5.39,936.62,5.0,4250.08,140.528765,7.706,2,119557
387611,41,2011-06-24,0,94.0,47817.94,59.54,3.661,0.0,0.0,0.0,0.0,0.0,192.9982655,6.934,3,196321
338612,35,2011-12-23,0,25.0,19500.08,41.59,3.389,318.61,22.4,1429.48,20.98,4140.36,140.528765,8.745,2,103681
252217,26,2011-04-22,0,27.0,962.69,33.81,3.919,0.0,0.0,0.0,0.0,0.0,134.3571,7.818,3,152513
143287,15,2011-05-13,0,1.0,10309.31,57.07,4.211,0.0,0.0,0.0,0.0,0.0,134.593,7.658,2,123737
151636,16,2010-12-31,1,33.0,2581.29,19.66,2.829,0.0,0.0,0.0,0.0,0.0,191.2557002,6.986,2,57197
218460,23,2010-04-23,0,98.0,58.0,46.4,2.895,0.0,0.0,0.0,0.0,0.0,132.0226667,5.435,2,114533
25239,3,2011-07-08,0,60.0,149.6,85.38,3.48,0.0,0.0,0.0,0.0,0.0,218.6424704,7.567,2,37392
218253,23,2010-04-02,0,20.0,10894.53,40.5,2.826,0.0,0.0,0.0,0.0,0.0,131.9019677,5.435,2,114533
267020,27,2012-07-27,0,49.0,10574.99,76.01,3.82,8698.49,289.37,5.28,12205.87,3358.94,142.2126924,8.239,3,204184
232135,24,2011-04-08,0,37.0,2440.31,44.7,3.895,0.0,0.0,0.0,0.0,0.0,134.1777742,8.212,3,203819
242635,25,2011-05-20,0,28.0,623.17,56.56,4.062,0.0,0.0,0.0,0.0,0.0,208.7583165,7.287,2,128107
23961,3,2011-02-11,1,60.0,158.4,43.57,3.022,0.0,0.0,0.0,0.0,0.0,216.2660913,7.551,2,37392
6664,1,2011-11-18,0,27.0,1707.85,62.25,3.308,6074.12,254.39,51.98,427.39,5988.57,218.2205088,7.866,3,151315
169819,18,2010-08-06,0,18.0,0.1,73.67,2.792,0.0,0.0,0.0,0.0,0.0,132.6141935,9.342,2,120653
393464,42,2010-06-04,0,67.0,806.73,82.82,2.941,0.0,0.0,0.0,0.0,0.0,126.1360645,9.524,1,39690
46050,5,2011-12-16,0,36.0,570.19,54.42,3.159,802.42,0.0,78.77,319.84,1940.54,219.7596266,6.3,2,34875
41771,5,2010-08-27,0,90.0,2875.56,87.05,2.619,0.0,0.0,0.0,0.0,0.0,212.123908,6.496,2,34875
173263,18,2011-07-22,0,23.0,36038.85,78.68,3.882,0.0,0.0,0.0,0.0,0.0,135.8738387,8.89,2,120653
213396,22,2011-08-19,0,26.0,6795.22,71.3,3.82,0.0,0.0,0.0,0.0,0.0,140.1289205,8.023,2,119557
2264,1,2010-09-10,1,1.0,18194.74,78.69,2.565,0.0,0.0,0.0,0.0,0.0,211.4951902,7.787,3,151315
204520,21,2011-11-11,0,8.0,17097.3,59.8,3.297,5522.33,7898.33,11.1,2489.99,7562.52,217.6455387,7.441,2,140167
258583,27,2010-04-23,0,5.0,33238.97,53.91,3.021,0.0,0.0,0.0,0.0,0.0,135.8721667,8.058,3,204184
103346,11,2011-07-01,0,82.0,23390.18,86.43,3.524,0.0,0.0,0.0,0.0,0.0,218.5467052,7.567,3,207499
32788,4,2010-12-03,0,38.0,94127.01,46.4,2.727,0.0,0.0,0.0,0.0,0.0,126.7313333,7.127,3,205863
261252,27,2011-01-07,0,72.0,68934.47,34.42,3.351,0.0,0.0,0.0,0.0,0.0,136.7332569,7.827,3,204184
340145,35,2012-06-01,0,87.0,11003.99,73.4,3.742,12469.08,0.0,9.66,3040.28,5859.48,142.1095438,8.876,2,103681
154381,16,2011-10-21,0,34.0,4203.78,46.99,3.548,0.0,0.0,0.0,0.0,0.0,195.1789994,6.232,2,57197
124947,13,2011-11-18,0,95.0,131740.73,40.65,3.489,11003.75,1090.92,89.88,1201.3,10231.67,129.8268333,6.392,3,219622
213955,22,2011-10-14,0,10.0,18498.11,62.63,3.583,0.0,0.0,0.0,0.0,0.0,140.4784194,7.706,2,119557
150867,16,2010-10-08,0,20.0,3236.0,54.29,2.745,0.0,0.0,0.0,0.0,0.0,190.7763218,6.986,2,57197
308241,32,2010-12-10,0,26.0,7835.62,36.62,2.728,0.0,0.0,0.0,0.0,0.0,190.9741069,9.137,3,203007
13771,2,2011-01-07,0,44.0,5721.75,44.69,2.976,0.0,0.0,0.0,0.0,0.0,211.0648881,8.028,3,202307
233283,24,2011-07-29,0,92.0,111423.68,74.84,4.004,0.0,0.0,0.0,0.0,0.0,135.9639355,8.358,3,203819
263264,27,2011-07-29,0,95.0,127636.84,79.41,4.004,0.0,0.0,0.0,0.0,0.0,139.8933099,7.85,3,204184
305457,32,2010-03-12,0,49.0,6507.02,39.88,2.684,0.0,0.0,0.0,0.0,0.0,189.7372075,9.014,3,203007
348458,37,2010-04-23,0,87.0,763.7,68.03,2.795,0.0,0.0,0.0,0.0,0.0,209.2199574,8.464,1,39910
236870,24,2012-07-13,0,38.0,60372.47,75.36,3.689,7991.43,136.9,111.69,5852.88,4022.09,138.263,8.953,3,203819
137091,14,2012-06-01,0,49.0,7601.46,74.48,3.742,7765.54,11.0,185.64,2473.3,2603.92,191.0091712,8.567,3,200898
180072,19,2010-09-03,0,2.0,66454.68,74.69,2.86,0.0,0.0,0.0,0.0,0.0,132.7248387,8.099,3,203819
412252,44,2012-05-04,0,12.0,-5.59,54.41,3.831,513.1,0.0,8.62,0.0,529.55,131.136,5.621,1,39910
387083,41,2011-05-06,0,96.0,2394.67,41.2,3.735,0.0,0.0,0.0,0.0,0.0,192.7252006,6.934,3,196321
357159,38,2010-11-12,0,10.0,278.63,57.79,3.13,0.0,0.0,0.0,0.0,0.0,126.5461613,14.313,1,39690
357140,38,2010-11-05,0,46.0,4585.5,65.49,3.129,0.0,0.0,0.0,0.0,0.0,126.4912903,14.313,1,39690
295390,31,2010-03-26,0,74.0,13838.73,51.66,2.732,0.0,0.0,0.0,0.0,0.0,210.6766095,8.324,3,203750
380,1,2010-03-12,0,7.0,21529.14,57.79,2.667,0.0,0.0,0.0,0.0,0.0,211.3806429,8.106,3,151315
142276,15,2011-02-04,0,36.0,1505.0,20.69,3.4,0.0,0.0,0.0,0.0,0.0,133.1834194,7.771,2,123737
193698,20,2011-08-05,0,34.0,26754.53,77.8,3.842,0.0,0.0,0.0,0.0,0.0,208.719238,7.274,3,203742
350728,37,2011-03-18,0,81.0,9766.07,64.9,3.488,0.0,0.0,0.0,0.0,0.0,213.1096787,8.395,1,39910
168120,18,2010-02-12,1,25.0,14174.63,26.41,2.771,0.0,0.0,0.0,0.0,0.0,131.5866129,9.202,2,120653
235542,24,2012-03-02,0,8.0,48391.98,35.36,3.983,5903.53,3495.48,18.15,110.37,3688.64,137.4238966,8.659,3,203819
179417,19,2010-07-02,0,8.0,46122.8,66.25,2.958,0.0,0.0,0.0,0.0,0.0,132.5218667,8.099,3,203819
257071,26,2012-08-24,0,26.0,3510.21,62.08,3.874,4507.08,33.6,149.46,1866.46,4685.63,138.2814516,7.405,3,152513
83959,9,2011-08-26,0,28.0,136.5,88.95,3.523,0.0,0.0,0.0,0.0,0.0,219.3189965,6.404,2,125833
136400,14,2012-03-23,0,28.0,1257.75,59.45,3.9,4718.7,348.81,6.85,353.11,3726.39,190.5363213,8.424,3,200898
239253,25,2010-06-04,0,32.0,4380.3,69.22,2.847,0.0,0.0,0.0,0.0,0.0,204.4042877,7.856,2,128107
355320,38,2010-02-26,0,11.0,700.27,50.23,2.825,0.0,0.0,0.0,0.0,0.0,126.5522857,13.975,1,39690
301161,31,2011-10-14,0,29.0,4037.2,69.79,3.274,0.0,0.0,0.0,0.0,0.0,217.0048261,7.441,3,203750
112171,12,2011-03-04,0,95.0,46322.36,51.72,3.674,0.0,0.0,0.0,0.0,0.0,128.26475,14.021,2,112238
53598,6,2011-04-29,0,60.0,237.6,75.27,3.81,0.0,0.0,0.0,0.0,0.0,217.1847255,6.855,3,202505
293599,30,2012-05-04,0,52.0,5.58,77.53,3.749,1136.36,0.0,19.09,14.33,2003.64,221.3095166,6.891,1,42988
26332,3,2011-11-04,0,7.0,10044.79,59.31,3.332,0.0,0.0,0.0,0.0,0.0,221.245968,7.197,2,37392
229922,24,2010-09-03,0,24.0,9719.06,73.52,2.86,0.0,0.0,0.0,0.0,0.0,132.7248387,8.117,3,203819
114078,12,2011-09-23,0,5.0,21310.03,82.95,3.789,0.0,0.0,0.0,0.0,0.0,129.5183333,13.503,2,112238
282124,29,2011-03-25,0,35.0,2621.94,38.77,3.624,0.0,0.0,0.0,0.0,0.0,133.9587419,10.256,2,93638
151018,16,2010-10-22,0,24.0,1611.04,45.85,2.762,0.0,0.0,0.0,0.0,0.0,190.9070184,6.986,2,57197
14115,2,2011-02-11,1,71.0,7188.04,33.19,3.022,0.0,0.0,0.0,0.0,0.0,212.5928624,8.028,3,202307
379063,40,2011-11-25,1,29.0,4232.64,32.76,3.536,247.58,387.88,40362.07,47.0,1788.31,136.4788,4.42,3,155083
294312,30,2012-08-17,0,38.0,55202.51,85.55,3.571,168.82,0.0,2.13,0.0,1321.3,221.6751459,6.565,1,42988
312335,32,2012-01-13,0,20.0,3575.81,28.99,3.077,2682.32,14928.54,211.06,1049.44,3137.59,196.7330517,8.256,3,203007
376753,40,2011-04-08,0,83.0,3869.5,34.77,3.72,0.0,0.0,0.0,0.0,0.0,134.1777742,4.781,3,155083
281807,29,2011-02-18,0,4.0,12925.25,35.34,3.263,0.0,0.0,0.0,0.0,0.0,133.3701429,10.256,2,93638
388213,41,2011-08-26,0,71.0,7925.1,71.61,3.485,0.0,0.0,0.0,0.0,0.0,194.3796374,6.901,3,196321
204232,21,2011-10-14,0,10.0,13877.0,69.79,3.274,0.0,0.0,0.0,0.0,0.0,217.0048261,7.441,2,140167
111827,12,2011-01-28,0,25.0,15535.37,50.74,3.342,0.0,0.0,0.0,0.0,0.0,127.5800323,14.021,2,112238
141531,15,2010-11-19,0,81.0,4606.48,44.1,3.138,0.0,0.0,0.0,0.0,0.0,132.9172,8.067,2,123737
305223,32,2010-02-19,0,55.0,13162.29,29.16,2.55,0.0,0.0,0.0,0.0,0.0,189.5340998,9.014,3,203007
298359,31,2011-01-14,0,93.0,68933.65,34.14,2.983,0.0,0.0,0.0,0.0,0.0,211.1176713,8.028,3,203750
88419,10,2010-03-26,0,45.0,63.7,60.05,2.98,0.0,0.0,0.0,0.0,0.0,126.6050645,9.765,2,126512
303106,31,2012-04-20,0,94.0,69180.46,66.97,3.877,8373.31,645.86,16.05,311.94,7709.86,221.2021074,6.891,3,203750
135048,14,2011-11-11,0,17.0,25627.38,47.65,3.53,11376.03,22505.23,1079.89,2679.33,4257.94,188.0632345,8.523,3,200898
227297,23,2012-09-14,0,21.0,8028.07,61.37,3.988,5186.12,0.0,21.5,990.89,7934.73,138.5673,4.156,2,114533
304551,31,2012-09-14,0,19.0,54.02,76.1,3.717,11871.81,11.76,112.13,1166.35,6254.74,222.2174395,6.565,3,203750
405040,43,2012-04-13,0,82.0,8458.58,70.18,3.891,150.15,1125.71,4.49,0.0,407.12,212.9632857,9.575,1,41062
28785,3,2012-08-03,0,13.0,13654.43,86.55,3.417,5683.49,37.2,0.04,2484.22,639.29,225.4636332,6.334,2,37392
158424,17,2010-03-05,0,10.0,10461.29,31.58,2.681,0.0,0.0,0.0,0.0,0.0,126.5782857,6.548,2,93188
118996,13,2010-04-30,0,10.0,25412.25,48.33,2.941,0.0,0.0,0.0,0.0,0.0,126.3805667,8.107,3,219622
420229,45,2011-12-16,0,7.0,83514.93,39.93,3.413,4631.26,8.92,801.34,848.33,2757.82,188.7979349,8.523,2,118221
50045,6,2010-05-14,0,8.0,46403.86,74.95,2.854,0.0,0.0,0.0,0.0,0.0,211.8421769,7.092,3,202505
412443,44,2012-05-25,0,12.0,121.41,62.39,3.801,63.04,0.0,0.0,0.0,419.93,131.0287742,5.621,1,39910
207069,21,2012-08-03,0,58.0,735.0,91.57,3.417,41897.36,26.8,5.27,18198.04,5735.86,221.5869799,6.565,2,140167
106605,11,2012-05-18,0,67.0,20842.13,72.53,3.63,4622.9,0.0,9.22,479.55,4109.33,225.2512024,6.664,3,207499
9961,1,2012-10-05,0,35.0,1658.09,68.55,3.617,8077.89,0.0,18.22,3617.43,3626.14,223.1814772,6.573,3,151315
324149,34,2010-09-17,0,87.0,4705.32,70.71,2.594,0.0,0.0,0.0,0.0,0.0,126.1454667,9.816,3,158114
135329,14,2011-12-09,0,91.0,101103.17,46.57,3.415,7297.72,15.0,342.71,4849.0,7509.9,188.6544692,8.523,3,200898
370995,39,2012-06-08,0,20.0,11331.61,81.12,3.452,9356.4,351.8,0.24,1857.12,11870.68,220.4357073,6.989,3,184109
160042,17,2010-08-20,0,85.0,5717.51,67.04,2.85,0.0,0.0,0.0,0.0,0.0,126.0766452,6.697,2,93188
3850,1,2011-02-11,1,28.0,780.76,36.39,3.022,0.0,0.0,0.0,0.0,0.0,212.9367046,7.742,3,151315
420688,45,2012-02-03,0,94.0,4032.12,42.96,3.617,35348.47,4373.64,21.05,38157.91,5908.5,189.6122277,8.424,2,118221
303914,31,2012-07-13,0,82.0,17031.13,82.51,3.256,7013.13,2.1,29.35,3542.2,10462.74,221.5616784,6.565,3,203750
190359,20,2010-09-17,0,90.0,92757.21,65.28,2.706,0.0,0.0,0.0,0.0,0.0,204.7513279,7.527,3,203742
334429,35,2010-10-08,0,93.0,1302.46,57.78,2.764,0.0,0.0,0.0,0.0,0.0,136.6277321,8.763,2,103681
111480,12,2010-12-24,0,80.0,36.84,52.02,3.236,0.0,0.0,0.0,0.0,0.0,126.9835806,14.313,2,112238
382998,41,2010-03-19,0,24.0,4493.52,36.7,2.692,0.0,0.0,0.0,0.0,0.0,189.734262,7.541,3,196321
126351,13,2012-03-30,0,40.0,82388.92,53.2,3.734,10556.61,43.54,15.84,1116.83,8179.03,130.9670968,6.104,3,219622
299990,31,2011-06-24,0,83.0,8168.14,85.72,3.594,0.0,0.0,0.0,0.0,0.0,214.7441108,7.931,3,203750
189356,20,2010-06-04,0,55.0,17225.84,72.52,2.847,0.0,0.0,0.0,0.0,0.0,204.4042877,7.856,3,203742
334879,35,2010-11-26,1,93.0,1103.4,46.67,3.039,0.0,0.0,0.0,0.0,0.0,136.6895714,8.763,2,103681
332960,35,2010-05-07,0,24.0,13504.13,69.02,2.966,0.0,0.0,0.0,0.0,0.0,135.962,9.051,2,103681
400581,43,2010-06-18,0,98.0,9386.17,84.9,2.637,0.0,0.0,0.0,0.0,0.0,203.370619,9.593,1,41062
34409,4,2011-05-13,0,49.0,6946.89,70.65,3.872,0.0,0.0,0.0,0.0,0.0,129.089,5.946,3,205863
65639,7,2011-11-25,1,85.0,2164.88,27.6,3.424,35.94,6.47,41487.59,12.0,905.95,195.7704,8.513,2,70713
422711,45,2012-08-31,0,97.0,6686.6,75.09,3.867,23641.3,6.0,92.93,6988.31,3992.13,191.461281,8.684,2,118221
19465,2,2012-07-20,0,92.0,164392.53,83.23,3.311,6961.58,241.2,24.97,3401.36,2453.42,221.5701123,6.565,3,202307
161927,17,2011-03-04,0,87.0,11066.6,24.21,3.23,0.0,0.0,0.0,0.0,0.0,128.26475,6.866,2,93188
390945,41,2012-05-18,0,28.0,476.9,55.24,3.837,6415.86,0.0,179.28,998.25,2976.99,197.5553137,6.547,3,196321
114029,12,2011-09-16,0,79.0,41170.22,76.36,3.918,0.0,0.0,0.0,0.0,0.0,129.4306,13.503,2,112238
389229,41,2011-12-02,0,2.0,47888.52,34.53,3.378,4594.56,305.47,1781.24,3168.1,21739.26,195.8223287,6.759,3,196321
61529,7,2010-09-24,0,1.0,8507.86,47.55,2.793,0.0,0.0,0.0,0.0,0.0,190.5713264,9.017,2,70713
391594,41,2012-07-20,0,31.0,3554.24,74.06,3.585,4142.86,102.5,23.84,1362.4,5518.54,197.9290378,6.432,3,196321
37340,4,2012-02-24,0,58.0,9190.0,41.31,3.541,9777.71,4703.88,5.4,1179.72,9352.14,130.5502069,4.607,3,205863
17781,2,2012-02-03,0,13.0,46869.35,55.21,3.36,75149.79,3818.85,221.4,48159.86,7423.61,219.8118854,7.057,3,202307
126022,13,2012-03-02,0,67.0,13975.29,32.36,3.242,25204.67,2436.75,167.88,16066.76,7289.69,130.6457931,6.104,3,219622
161577,17,2011-01-28,0,40.0,49473.66,22.16,2.96,0.0,0.0,0.0,0.0,0.0,127.5800323,6.866,2,93188
167532,17,2012-09-21,0,17.0,10881.2,58.43,3.821,6035.13,1.91,14.5,859.64,6132.91,131.0103333,5.936,2,93188
2299,1,2010-09-17,0,2.0,44681.64,82.11,2.582,0.0,0.0,0.0,0.0,0.0,211.5224596,7.787,3,151315
268505,28,2010-03-19,0,47.0,-198.0,59.57,3.054,0.0,0.0,0.0,0.0,0.0,126.6066452,13.975,3,206302
323016,34,2010-05-28,0,94.0,39184.9,68.68,2.756,0.0,0.0,0.0,0.0,0.0,126.1602258,9.593,3,158114
406599,44,2010-02-26,0,87.0,74.64,29.98,2.667,0.0,0.0,0.0,0.0,0.0,126.5522857,8.119,1,39910
319617,33,2011-12-09,0,20.0,26.51,47.7,3.644,9.88,0.0,6.93,0.0,1580.88,129.8555333,8.01,3,39690
12629,2,2010-09-17,0,79.0,30854.32,82.05,2.582,0.0,0.0,0.0,0.0,0.0,211.1806415,8.099,3,202307
17732,2,2012-02-03,0,16.0,12100.76,55.21,3.36,75149.79,3818.85,221.4,48159.86,7423.61,219.8118854,7.057,3,202307
74372,8,2011-07-29,0,60.0,246.4,86.46,3.682,0.0,0.0,0.0,0.0,0.0,218.8910733,6.425,3,155078
127557,13,2012-07-27,0,56.0,3066.11,80.42,3.537,6699.6,96.56,5.2,8723.87,6650.26,130.7195806,5.765,3,219622
112601,12,2011-04-22,0,32.0,9334.7,72.12,4.134,0.0,0.0,0.0,0.0,0.0,128.9553,13.736,2,112238
194586,20,2011-11-04,0,71.0,7098.2,43.88,3.551,0.0,0.0,0.0,0.0,0.0,210.8364551,7.082,3,203742
355497,38,2010-03-19,0,9.0,66.11,59.57,3.054,0.0,0.0,0.0,0.0,0.0,126.6066452,13.975,1,39690
395782,42,2011-05-13,0,38.0,33809.18,74.04,4.202,0.0,0.0,0.0,0.0,0.0,129.089,8.494,1,39690
415346,45,2010-07-30,0,87.0,6176.84,79.78,2.781,0.0,0.0,0.0,0.0,0.0,182.4415378,8.743,2,118221
161448,17,2011-01-14,0,58.0,725.0,16.57,2.903,0.0,0.0,0.0,0.0,0.0,127.3009355,6.866,2,93188
13669,2,2010-12-31,1,67.0,8563.08,47.3,2.943,0.0,0.0,0.0,0.0,0.0,211.064774,8.163,3,202307
35233,4,2011-08-05,0,58.0,6460.0,86.09,3.662,0.0,0.0,0.0,0.0,0.0,129.1846452,5.644,3,205863
188768,20,2010-04-09,0,93.0,50153.51,65.1,2.869,0.0,0.0,0.0,0.0,0.0,203.8488134,7.856,3,203742
356733,38,2010-09-10,1,16.0,1398.63,83.63,3.044,0.0,0.0,0.0,0.0,0.0,126.1145806,14.18,1,39690
275939,28,2012-03-23,0,31.0,1471.84,56.26,4.038,9066.75,48.94,5.91,1040.74,3796.72,130.8966452,12.187,3,206302
355568,38,2010-04-02,0,46.0,4942.79,59.84,3.086,0.0,0.0,0.0,0.0,0.0,126.6034839,14.099,1,39690
42111,5,2010-10-01,0,72.0,7875.58,71.1,2.603,0.0,0.0,0.0,0.0,0.0,212.2269463,6.768,2,34875
80250,9,2010-06-25,0,56.0,1991.48,85.02,2.653,0.0,0.0,0.0,0.0,0.0,214.8965756,6.384,2,125833
230331,24,2010-10-08,0,38.0,57754.3,54.82,2.903,0.0,0.0,0.0,0.0,0.0,132.7516667,8.275,3,203819
156581,16,2012-06-01,0,31.0,630.58,58.97,3.764,4078.25,22.4,60.41,98.46,968.96,197.6218954,6.169,2,57197
334388,35,2010-10-01,0,16.0,2205.79,70.19,2.707,0.0,0.0,0.0,0.0,0.0,136.6297571,8.763,2,103681
65631,7,2011-11-25,1,5.0,53909.8,27.6,3.424,35.94,6.47,41487.59,12.0,905.95,195.7704,8.513,2,70713
266887,27,2012-07-13,0,3.0,27397.13,78.95,3.689,7264.26,219.2,31.1,4489.18,3102.22,142.2548214,8.239,3,204184
178663,19,2010-04-16,0,95.0,112581.89,49.67,3.01,0.0,0.0,0.0,0.0,0.0,131.9809,8.185,3,203819
286056,29,2012-05-11,0,31.0,1304.79,56.72,3.947,6606.84,0.0,7.15,477.96,2857.52,138.0882667,9.14,2,93638
320670,33,2012-05-18,0,21.0,130.34,89.81,4.308,103.81,0.0,0.0,0.0,2161.91,131.0983226,7.396,3,39690
103922,11,2011-08-26,0,32.0,9095.05,89.09,3.523,0.0,0.0,0.0,0.0,0.0,219.0866908,7.567,3,207499
157583,16,2012-09-14,0,83.0,308.46,56.69,3.659,5323.84,0.0,9.3,1307.03,4474.84,198.1267184,6.061,2,57197
68558,7,2012-09-14,0,31.0,1164.87,53.66,3.659,3180.52,0.0,5.03,709.04,5384.1,198.1267184,7.872,2,70713
231477,24,2011-02-04,0,58.0,1613.0,23.83,3.4,0.0,0.0,0.0,0.0,0.0,133.1834194,8.252,3,203819
53819,6,2011-05-20,0,36.0,4898.0,72.01,3.907,0.0,0.0,0.0,0.0,0.0,217.2896095,6.855,3,202505
343293,36,2010-11-05,0,18.0,285.01,62.72,2.655,0.0,0.0,0.0,0.0,0.0,210.7202444,8.476,3,39910
420640,45,2012-01-27,0,38.0,56173.04,37.93,3.567,1890.49,2618.49,0.0,139.07,5692.74,189.5168505,8.424,2,118221
291829,30,2011-09-02,0,9.0,75.5,91.94,3.533,0.0,0.0,0.0,0.0,0.0,215.4508632,7.852,1,42988
352867,37,2012-01-06,0,98.0,5132.0,57.18,3.157,250.83,1348.24,48.05,0.0,1151.33,218.4062876,7.244,1,39910
302963,31,2012-04-06,0,17.0,6797.73,69.02,3.891,12625.17,399.0,21.86,3623.01,16629.1,221.0737638,6.891,3,203750
401434,43,2010-10-22,0,60.0,633.6,69.46,2.725,0.0,0.0,0.0,0.0,0.0,203.7770645,10.21,1,41062
346718,36,2012-04-27,0,20.0,24.0,70.06,3.888,252.98,36.03,0.0,0.0,6621.24,220.3014485,6.989,3,39910
246383,25,2012-06-01,0,4.0,20883.65,69.54,3.742,6667.97,38.4,40.85,544.94,2765.31,214.5513278,7.139,2,128107
421900,45,2012-06-08,0,11.0,13768.19,64.3,3.689,8429.61,148.6,76.15,1465.54,7180.97,191.0155329,8.567,2,118221
238674,25,2010-04-09,0,35.0,3479.13,61.36,2.869,0.0,0.0,0.0,0.0,0.0,203.8488134,7.856,2,128107
55056,6,2011-09-23,0,55.0,13243.25,78.49,3.467,0.0,0.0,0.0,0.0,0.0,217.9188471,6.925,3,202505
298042,31,2010-12-10,0,37.0,2762.91,46.35,2.843,0.0,0.0,0.0,0.0,0.0,211.1247993,8.163,3,203750
384320,41,2010-07-30,0,92.0,93078.33,70.07,2.69,0.0,0.0,0.0,0.0,0.0,189.9368504,7.335,3,196321
39693,4,2012-10-12,0,28.0,876.94,57.11,3.603,4975.39,0.0,61.17,1513.17,5905.53,131.1083333,3.879,3,205863
416398,45,2010-11-19,0,83.0,934.98,50.02,3.0,0.0,0.0,0.0,0.0,0.0,182.8989385,8.724,2,118221
209311,22,2010-06-18,0,51.0,52.64,67.13,2.805,0.0,0.0,0.0,0.0,0.0,136.3243393,8.348,2,119557
34218,4,2011-04-22,0,58.0,4735.0,68.8,3.781,0.0,0.0,0.0,0.0,0.0,128.9553,5.946,3,205863
367516,39,2011-06-17,0,59.0,301.64,85.21,3.637,0.0,0.0,0.0,0.0,0.0,213.7481256,8.3,3,184109
206300,21,2012-05-18,0,46.0,22069.21,72.42,3.63,4088.63,0.0,28.62,1397.46,2772.05,221.380331,6.891,2,140167
5273,1,2011-07-01,0,87.0,55289.47,85.55,3.524,0.0,0.0,0.0,0.0,0.0,215.1841368,7.962,3,151315
372048,39,2012-09-21,0,83.0,5877.71,73.58,3.721,11644.3,112.91,6.7,3300.92,13244.99,221.4578604,6.623,3,184109
245126,25,2012-01-27,0,31.0,1389.42,32.24,3.567,2683.99,2193.97,0.0,901.08,2783.8,212.9286312,6.961,2,128107
169465,18,2010-07-02,0,97.0,5192.56,71.22,2.815,0.0,0.0,0.0,0.0,0.0,132.5218667,9.342,2,120653
253974,26,2011-10-21,0,10.0,8901.12,45.23,3.618,0.0,0.0,0.0,0.0,0.0,136.5017742,7.598,3,152513
240718,25,2010-11-05,0,83.0,406.74,38.8,2.917,0.0,0.0,0.0,0.0,0.0,205.160837,7.484,2,128107
247951,26,2010-02-12,1,42.0,1842.43,18.14,2.771,0.0,0.0,0.0,0.0,0.0,131.5866129,8.488,3,152513
247194,25,2012-08-24,0,32.0,3130.72,64.53,3.834,7693.13,69.6,50.0,2360.4,3561.61,214.9567044,7.28,2,128107
176303,18,2012-05-25,0,9.0,28381.43,65.48,3.85,12179.37,0.0,251.38,2595.31,1605.36,138.1101935,8.304,2,120653
41695,5,2010-08-20,0,45.0,11.47,87.71,2.664,0.0,0.0,0.0,0.0,0.0,212.1608984,6.496,2,34875
71414,8,2010-10-01,0,83.0,1784.45,68.7,2.603,0.0,0.0,0.0,0.0,0.0,215.0310029,6.433,3,155078
100363,11,2010-09-03,0,49.0,7484.06,84.94,2.577,0.0,0.0,0.0,0.0,0.0,214.8481685,7.346,3,207499
162693,17,2011-05-20,0,52.0,2946.1,51.93,3.802,0.0,0.0,0.0,0.0,0.0,129.0756774,6.774,2,93188
153975,16,2011-09-09,1,25.0,5435.07,56.99,3.566,0.0,0.0,0.0,0.0,0.0,194.6387853,6.338,2,57197
119189,13,2010-05-14,0,96.0,8061.25,50.15,2.962,0.0,0.0,0.0,0.0,0.0,126.2085484,8.107,3,219622
276954,28,2012-07-06,0,92.0,147221.14,89.13,3.765,5618.88,98.6,111.79,2513.36,6421.05,130.7196333,10.926,3,206302
258127,27,2010-03-12,0,5.0,43528.06,45.98,2.938,0.0,0.0,0.0,0.0,0.0,135.6270013,8.237,3,204184
14614,2,2011-04-01,0,37.0,4524.67,55.43,3.524,0.0,0.0,0.0,0.0,0.0,214.4886908,7.931,3,202307
115815,12,2012-03-16,0,16.0,9732.34,64.44,4.273,9582.27,731.87,4.02,1589.97,2365.63,130.8261935,12.187,2,112238
326913,34,2011-06-10,0,2.0,34941.54,74.57,3.64,0.0,0.0,0.0,0.0,0.0,129.0357097,10.581,3,158114
114578,12,2011-11-11,0,33.0,18516.33,48.76,3.824,18049.87,7939.68,234.64,10463.07,5588.33,129.8167097,12.89,2,112238
381862,40,2012-08-31,0,30.0,3130.22,66.11,3.884,10904.29,38.81,23.95,2684.17,2912.76,138.3771935,4.156,3,155083
29190,3,2012-09-14,0,97.0,441.32,78.36,3.717,3589.7,0.0,3.72,2080.29,1760.69,226.1122067,6.334,2,37392
304293,31,2012-08-17,0,99.0,0.06,85.55,3.571,2920.56,40.96,0.01,3529.36,4049.09,221.6751459,6.565,3,203750
212396,22,2011-05-06,0,44.0,4038.43,53.63,4.078,0.0,0.0,0.0,0.0,0.0,138.4131202,8.252,2,119557
236583,24,2012-06-15,0,87.0,26253.1,68.28,3.786,11618.99,217.9,9.33,2449.86,5633.09,138.1295333,8.983,3,203819
216567,22,2012-07-13,0,17.0,11051.06,75.81,3.561,4773.8,183.5,14.16,2046.91,1457.01,142.2548214,7.753,2,119557
238572,25,2010-03-26,0,8.0,28585.54,45.84,2.854,0.0,0.0,0.0,0.0,0.0,204.201755,8.187,2,128107
247953,26,2010-02-12,1,12.0,3332.35,18.14,2.771,0.0,0.0,0.0,0.0,0.0,131.5866129,8.488,3,152513
250475,26,2010-10-29,0,7.0,9384.09,40.3,2.938,0.0,0.0,0.0,0.0,0.0,132.8708387,8.149,3,152513
36013,4,2011-10-14,0,27.0,1977.91,63.75,3.283,0.0,0.0,0.0,0.0,0.0,129.7706452,5.143,3,205863
321925,34,2010-02-12,1,67.0,14844.98,36.13,2.573,0.0,0.0,0.0,0.0,0.0,126.4962581,9.521,3,158114
138844,15,2010-02-19,0,19.0,1164.81,27.54,2.909,0.0,0.0,0.0,0.0,0.0,131.637,8.35,2,123737
172206,18,2011-04-08,0,41.0,2535.15,43.32,3.72,0.0,0.0,0.0,0.0,0.0,134.1777742,8.975,2,120653
408645,44,2010-12-17,0,25.0,42.0,35.21,2.842,0.0,0.0,0.0,0.0,0.0,126.8794839,7.61,1,39910
298372,31,2011-01-14,0,1.0,13504.58,34.14,2.983,0.0,0.0,0.0,0.0,0.0,211.1176713,8.028,3,203750
85340,9,2012-01-27,0,11.0,10423.69,49.38,3.29,489.19,283.85,0.0,22.5,2888.79,223.8060527,5.667,2,125833
21891,3,2010-06-25,0,35.0,935.0,83.79,2.653,0.0,0.0,0.0,0.0,0.0,214.6660741,7.343,2,37392
230307,24,2010-10-08,0,28.0,1114.25,54.82,2.903,0.0,0.0,0.0,0.0,0.0,132.7516667,8.275,3,203819
173891,18,2011-09-30,0,52.0,2615.59,69.01,3.684,0.0,0.0,0.0,0.0,0.0,136.4195,8.89,2,120653
310903,32,2011-08-26,0,41.0,3394.0,75.64,3.485,0.0,0.0,0.0,0.0,0.0,194.3796374,8.622,3,203007
116664,12,2012-06-08,0,3.0,11143.01,84.83,4.103,10421.58,93.2,160.4,2385.69,4837.21,130.8896774,11.627,2,112238
421640,45,2012-05-11,0,59.0,177.69,61.24,3.889,12611.18,0.0,21.36,1667.39,2313.12,190.9764167,8.567,2,118221
190214,20,2010-09-03,0,19.0,153.0,75.5,2.715,0.0,0.0,0.0,0.0,0.0,204.7583566,7.527,3,203742
277309,28,2012-08-10,0,25.0,14081.11,95.91,3.811,8364.4,69.48,30.01,4158.02,3050.7,130.7561613,10.926,3,206302
150307,16,2010-08-06,0,44.0,4256.59,67.42,2.69,0.0,0.0,0.0,0.0,0.0,190.0990028,6.868,2,57197
247618,25,2012-10-05,0,29.0,2830.93,57.58,3.985,5884.18,0.0,3.27,3357.56,1343.85,215.9258865,7.293,2,128107
330686,34,2012-06-15,0,21.0,3765.39,76.48,3.372,5809.23,32.4,400.09,924.94,3054.63,130.8295333,9.575,3,158114
378432,40,2011-09-23,0,47.0,-109.0,54.09,3.758,0.0,0.0,0.0,0.0,0.0,136.367,4.584,3,155083
355845,38,2010-05-07,0,85.0,73.42,70.15,3.127,0.0,0.0,0.0,0.0,0.0,126.2898,14.099,1,39690
321075,33,2012-07-13,0,26.0,124.37,97.6,3.723,221.83,0.0,0.6,0.0,2405.4,130.683,7.147,3,39690
84180,9,2011-09-23,0,79.0,11893.47,74.42,3.467,0.0,0.0,0.0,0.0,0.0,219.9746423,6.404,2,125833
280777,29,2010-11-05,0,47.0,-70.0,44.34,2.938,0.0,0.0,0.0,0.0,0.0,132.9245806,10.524,2,93638
105842,11,2012-03-02,0,96.0,19111.36,62.61,3.63,16404.25,1191.27,7.03,11524.7,4400.35,224.3470245,6.833,3,207499
326958,34,2011-06-17,0,21.0,4098.68,76.58,3.618,0.0,0.0,0.0,0.0,0.0,129.0432,10.581,3,158114
250706,26,2010-11-19,0,41.0,1051.0,36.73,3.03,0.0,0.0,0.0,0.0,0.0,132.9172,8.149,3,152513
87345,9,2012-09-07,1,31.0,642.38,87.93,3.73,4837.99,-5.96,22.74,602.8,1377.59,226.2103541,5.277,2,125833
47513,5,2012-05-18,0,23.0,5610.12,70.45,3.63,2639.05,0.0,65.34,243.73,2119.63,222.330443,5.801,2,34875
328336,34,2011-10-28,0,79.0,13004.52,54.56,3.362,0.0,0.0,0.0,0.0,0.0,129.7936774,10.148,3,158114
53299,6,2011-04-01,0,81.0,14691.12,62.25,3.524,0.0,0.0,0.0,0.0,0.0,216.3841249,6.855,3,202505
352405,37,2011-11-04,0,14.0,1431.71,58.97,3.332,0.0,0.0,0.0,0.0,0.0,216.5634344,7.716,1,39910
381353,40,2012-07-06,0,28.0,112.3,69.08,3.538,6364.53,277.2,62.07,2574.7,5230.46,138.2296333,4.156,3,155083
164339,17,2011-11-04,0,19.0,3960.69,37.52,3.538,0.0,0.0,0.0,0.0,0.0,129.8051935,6.617,2,93188
133884,14,2011-07-15,0,7.0,49002.9,78.47,3.76,0.0,0.0,0.0,0.0,0.0,186.1399808,8.625,3,200898
354345,37,2012-07-20,0,79.0,6923.46,81.76,3.311,67.7,0.0,3.97,0.0,1634.33,220.6148749,6.623,1,39910
275167,28,2012-01-06,0,46.0,17736.7,50.43,3.599,5155.86,19549.51,218.29,636.73,5218.5,130.1575161,12.187,3,206302
175853,18,2012-04-13,0,98.0,1821.86,47.75,4.025,5798.35,9592.28,11.72,1492.2,2261.14,137.868,8.304,2,120653
6876,1,2011-12-02,0,80.0,16633.66,48.91,3.172,5629.51,68.0,1398.11,2084.64,20475.32,218.7147333,7.866,3,151315
24845,3,2011-05-20,0,56.0,2933.76,75.79,3.907,0.0,0.0,0.0,0.0,0.0,219.127216,7.574,2,37392
6503,1,2011-10-28,0,4.0,34247.26,66.57,3.372,0.0,0.0,0.0,0.0,0.0,217.6766791,7.866,3,151315
247985,26,2010-02-12,1,54.0,77.5,18.14,2.771,0.0,0.0,0.0,0.0,0.0,131.5866129,8.488,3,152513
129962,14,2010-06-18,0,2.0,88717.18,72.62,2.78,0.0,0.0,0.0,0.0,0.0,182.4424199,8.899,3,200898
150964,16,2010-10-15,0,27.0,688.0,45.0,2.762,0.0,0.0,0.0,0.0,0.0,190.8623087,6.986,2,57197
146127,15,2012-02-24,0,72.0,39519.75,33.18,3.917,6881.03,5859.12,1.0,3607.57,4147.13,137.3411034,7.943,2,123737
203526,21,2011-07-29,0,30.0,4814.06,91.56,3.682,0.0,0.0,0.0,0.0,0.0,215.1363819,7.852,2,140167
278348,29,2010-02-19,0,97.0,2055.05,31.96,2.747,0.0,0.0,0.0,0.0,0.0,131.637,10.064,2,93638
85827,9,2012-03-16,0,35.0,1404.32,59.94,3.734,1913.05,1.8,7.33,436.67,14026.36,224.9594902,5.667,2,125833
210102,22,2010-09-10,1,38.0,56462.02,68.6,2.717,0.0,0.0,0.0,0.0,0.0,136.6212085,8.433,2,119557
220920,23,2010-12-24,0,26.0,24912.78,22.96,3.15,0.0,0.0,0.0,0.0,0.0,132.7477419,5.287,2,114533
182111,19,2011-03-25,0,56.0,4402.28,33.26,3.789,0.0,0.0,0.0,0.0,0.0,133.9587419,7.771,3,203819
226580,23,2012-07-06,0,87.0,46916.78,70.86,3.538,6918.05,103.8,26.79,6112.89,5184.17,138.2296333,4.156,2,114533
203930,21,2011-09-16,0,92.0,24873.93,80.62,3.526,0.0,0.0,0.0,0.0,0.0,215.6944378,7.852,2,140167
308548,32,2011-01-07,0,19.0,1435.32,23.78,2.882,0.0,0.0,0.0,0.0,0.0,191.3683815,8.818,3,203007
151863,16,2011-01-21,0,47.0,0.0,28.6,2.973,0.0,0.0,0.0,0.0,0.0,191.5731924,6.614,2,57197
338548,35,2011-12-16,0,2.0,44343.61,40.68,3.413,5115.93,0.27,10748.31,601.89,14608.23,140.4700795,8.745,2,103681
135270,14,2011-12-02,0,13.0,60625.24,50.19,3.452,6428.59,0.0,3657.58,2939.92,34955.25,188.5024346,8.523,3,200898
171878,18,2011-03-04,0,46.0,28020.93,28.49,3.437,0.0,0.0,0.0,0.0,0.0,133.6141429,9.131,2,120653
4335,1,2011-04-01,0,2.0,46991.58,59.17,3.524,0.0,0.0,0.0,0.0,0.0,214.8371664,7.682,3,151315
228818,24,2010-05-14,0,45.0,11.47,51.31,3.112,0.0,0.0,0.0,0.0,0.0,132.152129,8.211,3,203819
59252,7,2010-02-05,0,81.0,5977.05,10.53,2.58,0.0,0.0,0.0,0.0,0.0,189.3816974,9.014,2,70713
131591,14,2010-11-26,1,91.0,82322.61,46.15,3.039,0.0,0.0,0.0,0.0,0.0,182.7832769,8.724,3,200898
94220,10,2011-10-07,0,93.0,1245.64,75.01,3.827,0.0,0.0,0.0,0.0,0.0,129.6938,7.874,2,126512
98351,11,2010-02-12,1,41.0,1216.4,48.01,2.548,0.0,0.0,0.0,0.0,0.0,214.5747916,7.368,3,207499
62418,7,2010-12-24,0,32.0,28632.32,26.04,2.781,0.0,0.0,0.0,0.0,0.0,191.1430189,9.137,2,70713
67540,7,2012-06-01,0,95.0,33861.99,55.06,3.764,2427.12,0.0,98.67,1349.72,2112.74,197.6218954,8.09,2,70713
123654,13,2011-07-22,0,58.0,6990.0,78.5,3.563,0.0,0.0,0.0,0.0,0.0,129.1507742,6.877,3,219622
36642,4,2011-12-16,0,33.0,22756.09,36.44,3.149,2756.67,72.3,1790.15,777.65,10261.95,129.8980645,5.143,3,205863
267225,27,2012-08-17,0,5.0,17010.22,76.51,3.963,4017.25,33.65,6.2,1753.64,6783.58,142.2157385,8.239,3,204184
342992,36,2010-09-17,0,4.0,11808.9,82.1,2.55,0.0,0.0,0.0,0.0,0.0,210.2924504,8.36,3,39910
295081,31,2010-02-19,0,21.0,5395.29,39.75,2.514,0.0,0.0,0.0,0.0,0.0,210.9451605,8.324,3,203750
400245,43,2010-04-30,0,32.0,25.0,66.91,2.78,0.0,0.0,0.0,0.0,0.0,202.4312238,9.593,1,41062
314182,32,2012-07-13,0,4.0,28955.33,71.57,3.613,7111.33,508.95,1.05,1494.84,8154.1,197.8788621,7.872,3,203007
179873,19,2010-08-13,0,37.0,2364.88,72.71,2.923,0.0,0.0,0.0,0.0,0.0,132.63,8.099,3,203819
317625,33,2011-02-11,1,91.0,10005.35,53.35,3.381,0.0,0.0,0.0,0.0,0.0,127.859129,8.951,3,39690
15479,2,2011-06-24,0,45.0,22.94,85.17,3.594,0.0,0.0,0.0,0.0,0.0,214.7441108,7.931,3,202307
36601,4,2011-12-16,0,4.0,58822.75,36.44,3.149,2756.67,72.3,1790.15,777.65,10261.95,129.8980645,5.143,3,205863
380877,40,2012-05-25,0,71.0,2064.85,65.25,3.85,8089.78,0.0,303.31,1092.35,2448.8,138.1101935,4.125,3,155083
343780,36,2011-01-14,0,67.0,579.08,42.87,2.971,0.0,0.0,0.0,0.0,0.0,210.2379731,8.395,3,39910
172654,18,2011-05-27,0,30.0,7577.46,64.6,4.034,0.0,0.0,0.0,0.0,0.0,134.7677742,8.975,2,120653
199067,21,2010-04-23,0,21.0,2774.72,64.21,2.795,0.0,0.0,0.0,0.0,0.0,210.1000648,8.2,2,140167
289811,30,2010-12-03,0,83.0,1714.48,50.43,2.708,0.0,0.0,0.0,0.0,0.0,211.265543,8.163,1,42988
10889,2,2010-04-02,0,36.0,1220.0,63.27,2.719,0.0,0.0,0.0,0.0,0.0,210.4798874,8.2,3,202307
334065,35,2010-08-27,0,16.0,6232.83,70.31,2.755,0.0,0.0,0.0,0.0,0.0,136.557015,8.861,2,103681
95562,10,2012-02-17,0,52.0,5373.89,54.12,3.781,20174.89,8935.08,10.8,6330.02,12821.24,130.4546207,7.545,2,126512
416060,45,2010-10-08,0,82.0,11650.3,56.49,2.764,0.0,0.0,0.0,0.0,0.0,182.7640032,8.724,2,118221
332399,35,2010-03-05,0,90.0,18199.95,38.07,2.777,0.0,0.0,0.0,0.0,0.0,135.5732602,9.262,2,103681
9261,1,2012-07-27,0,44.0,4533.94,82.66,3.407,7146.9,389.02,1.59,10267.54,4325.19,221.9412954,6.908,3,151315
368571,39,2011-09-30,0,26.0,8280.05,81.51,3.355,0.0,0.0,0.0,0.0,0.0,215.4532259,8.177,3,184109
2344,1,2010-09-17,0,48.0,127.0,82.11,2.582,0.0,0.0,0.0,0.0,0.0,211.5224596,7.787,3,151315
31661,4,2010-08-20,0,33.0,18853.18,78.83,2.671,0.0,0.0,0.0,0.0,0.0,126.0766452,7.372,3,205863
380612,40,2012-04-27,0,35.0,2233.36,47.51,4.023,2283.4,0.33,24.94,235.22,3113.29,137.9781333,4.125,3,155083
400424,43,2010-05-28,0,42.0,158.73,78.59,2.759,0.0,0.0,0.0,0.0,0.0,202.8716382,9.593,1,41062
89604,10,2010-07-16,0,27.0,3073.0,91.8,2.971,0.0,0.0,0.0,0.0,0.0,126.1498065,9.199,2,126512
214854,22,2012-01-20,0,79.0,16948.74,29.16,3.542,1697.47,7401.88,2.73,1934.2,7147.3,140.8086118,7.503,2,119557
195498,20,2012-01-27,0,87.0,44381.59,37.19,3.567,1023.6,3044.15,106.08,52.87,2447.73,212.9286312,6.961,3,203742
290219,30,2011-01-28,0,21.0,1459.42,44.04,3.01,0.0,0.0,0.0,0.0,0.0,211.8552668,8.028,1,42988
375666,40,2010-12-17,0,56.0,1814.21,23.01,3.139,0.0,0.0,0.0,0.0,0.0,132.6804516,5.287,3,155083
345063,36,2011-08-12,0,74.0,560.04,87.64,3.608,0.0,0.0,0.0,0.0,0.0,214.3602701,8.177,3,39910
159476,17,2010-06-25,0,94.0,0.78,62.64,2.82,0.0,0.0,0.0,0.0,0.0,126.1266,6.635,2,93188
151915,16,2011-01-28,0,79.0,5049.27,20.8,3.008,0.0,0.0,0.0,0.0,0.0,191.667891,6.614,2,57197
299455,31,2011-04-29,0,52.0,1210.69,70.19,3.81,0.0,0.0,0.0,0.0,0.0,215.2772683,7.931,3,203750
69683,8,2010-04-09,0,45.0,5.0,59.25,2.77,0.0,0.0,0.0,0.0,0.0,213.9580793,6.29,3,155078
92591,10,2011-04-29,0,11.0,30858.91,73.38,4.151,0.0,0.0,0.0,0.0,0.0,128.9998667,8.494,2,126512
2739,1,2010-10-29,0,7.0,17598.98,69.64,2.716,0.0,0.0,0.0,0.0,0.0,211.9088438,7.838,3,151315
318078,33,2011-04-22,0,83.0,4796.19,79.46,3.917,0.0,0.0,0.0,0.0,0.0,128.9553,8.687,3,39690
24382,3,2011-04-01,0,13.0,9268.56,68.76,3.524,0.0,0.0,0.0,0.0,0.0,218.2114184,7.574,2,37392
357173,38,2010-11-12,0,12.0,24.9,57.79,3.13,0.0,0.0,0.0,0.0,0.0,126.5461613,14.313,1,39690
249951,26,2010-09-03,0,94.0,41063.36,66.93,2.735,0.0,0.0,0.0,0.0,0.0,132.7248387,8.445,3,152513
26756,3,2011-12-23,0,11.0,8469.87,53.41,3.112,89.98,0.24,411.52,0.0,586.66,222.8258628,7.197,2,37392
58489,6,2012-08-24,0,14.0,23010.51,79.03,3.62,5492.77,103.36,50.0,5268.21,6277.08,223.7860175,5.668,3,202505
172124,18,2011-04-01,0,1.0,19429.11,35.06,3.638,0.0,0.0,0.0,0.0,0.0,134.0682581,8.975,2,120653
207661,21,2012-10-05,0,41.0,4641.49,70.28,3.617,7818.46,0.0,21.03,4198.54,4532.58,222.8159296,6.17,2,140167
10721,2,2010-03-19,0,19.0,4605.53,54.52,2.72,0.0,0.0,0.0,0.0,0.0,210.8733316,8.324,3,202307
11705,2,2010-06-18,0,25.0,16997.5,85.81,2.637,0.0,0.0,0.0,0.0,0.0,211.1096543,8.2,3,202307
415066,45,2010-07-02,0,44.0,2167.84,76.61,2.815,0.0,0.0,0.0,0.0,0.0,182.3187801,8.743,2,118221
13637,2,2010-12-24,0,98.0,22824.27,49.97,2.886,0.0,0.0,0.0,0.0,0.0,211.0646599,8.163,3,202307
149711,16,2010-06-04,0,2.0,21759.42,53.76,2.7,0.0,0.0,0.0,0.0,0.0,189.422658,6.842,2,57197
14008,2,2011-02-04,0,82.0,23086.7,38.25,2.989,0.0,0.0,0.0,0.0,0.0,212.2240646,8.028,3,202307
22362,3,2010-08-20,0,96.0,3341.46,88.02,2.664,0.0,0.0,0.0,0.0,0.0,214.9314191,7.346,2,37392
17951,2,2012-02-24,0,9.0,28121.12,54.63,3.555,13048.36,12059.1,10.2,5299.73,10380.03,220.275944,7.057,3,202307
62131,7,2010-11-26,1,28.0,71.68,17.95,2.742,0.0,0.0,0.0,0.0,0.0,191.0121805,9.137,2,70713
123644,13,2011-07-15,0,94.0,81152.16,75.59,3.553,0.0,0.0,0.0,0.0,0.0,129.1338387,6.877,3,219622
86720,9,2012-06-29,0,3.0,5182.9,87.18,3.286,2073.16,120.0,0.0,31.75,2792.7,225.5921049,5.539,2,125833
197259,20,2012-07-20,0,24.0,6053.23,76.04,3.567,3156.68,142.66,34.1,2751.92,6194.07,214.7331351,7.28,3,203742
205639,21,2012-03-09,0,72.0,43556.28,57.16,3.669,7379.46,190.49,4.79,479.87,7489.48,220.6974332,7.057,2,140167
297182,31,2010-09-17,0,24.0,2786.86,83.03,2.582,0.0,0.0,0.0,0.0,0.0,211.1806415,8.099,3,203750
21905,3,2010-07-02,0,52.0,621.83,82.2,2.669,0.0,0.0,0.0,0.0,0.0,214.5463222,7.346,2,37392
97314,10,2012-08-03,0,44.0,8440.75,84.76,3.595,37194.44,0.0,53.4,21623.93,2549.27,130.737871,7.17,2,126512
199367,21,2010-05-21,0,6.0,4988.57,74.24,2.826,0.0,0.0,0.0,0.0,0.0,210.2768443,8.2,2,140167
262186,27,2011-04-08,0,71.0,10306.1,46.87,3.895,0.0,0.0,0.0,0.0,0.0,138.0638929,7.725,3,204184
105971,11,2012-03-16,0,4.0,28345.1,64.21,3.734,7073.59,224.43,4.19,3164.68,2438.5,224.7166953,6.833,3,207499
26195,3,2011-10-21,0,94.0,90.62,69.03,3.353,0.0,0.0,0.0,0.0,0.0,220.9144005,7.197,2,37392
319939,33,2012-01-27,0,10.0,64.09,56.33,3.675,12.6,12.47,3.38,0.0,375.54,130.3144516,7.603,3,39690
102581,11,2011-04-15,0,92.0,75412.19,76.64,3.743,0.0,0.0,0.0,0.0,0.0,218.6788642,7.574,3,207499
43897,5,2011-04-15,0,9.0,7711.27,72.02,3.743,0.0,0.0,0.0,0.0,0.0,215.8592673,6.489,2,34875
7718,1,2012-02-24,0,14.0,18574.25,57.25,3.555,9349.61,7556.01,3.2,1219.92,8143.59,220.636902,7.348,3,151315
192485,20,2011-04-08,0,83.0,6051.51,47.09,3.72,0.0,0.0,0.0,0.0,0.0,208.1092642,7.287,3,203742
95712,10,2012-03-02,0,28.0,1568.78,57.62,3.882,22685.06,152.91,48.76,5831.75,2808.95,130.6457931,7.545,2,126512
296517,31,2010-07-16,0,97.0,31614.23,85.61,2.623,0.0,0.0,0.0,0.0,0.0,210.7577954,8.099,3,203750
9745,1,2012-09-14,0,90.0,89709.09,74.97,3.717,17212.52,7.0,18.79,1523.11,7992.72,222.5820193,6.908,3,151315
232071,24,2011-04-01,0,25.0,8425.06,35.73,3.811,0.0,0.0,0.0,0.0,0.0,134.0682581,8.212,3,203819
57626,6,2012-06-01,0,52.0,3869.11,80.39,3.501,8267.68,16.0,441.83,1904.81,3517.55,223.3539397,5.964,3,202505
379577,40,2012-01-13,0,52.0,1063.27,25.9,3.523,1128.25,8721.23,129.34,393.68,3221.84,136.753,4.261,3,155083
314301,32,2012-07-27,0,59.0,249.85,77.56,3.57,6076.83,298.78,2.16,1981.66,3861.65,197.9792136,7.872,3,203007
310099,32,2011-06-10,0,14.0,14377.31,65.49,3.735,0.0,0.0,0.0,0.0,0.0,192.8470612,8.595,3,203007
314152,32,2012-07-13,0,38.0,64560.13,71.57,3.613,7111.33,508.95,1.05,1494.84,8154.1,197.8788621,7.872,3,203007
169800,18,2010-08-06,0,27.0,2160.68,73.67,2.792,0.0,0.0,0.0,0.0,0.0,132.6141935,9.342,2,120653
307295,32,2010-09-10,1,6.0,3856.64,68.44,2.78,0.0,0.0,0.0,0.0,0.0,190.3958293,9.017,3,203007
249187,26,2010-06-18,0,14.0,9195.75,53.62,2.805,0.0,0.0,0.0,0.0,0.0,132.4733333,8.512,3,152513
205851,21,2012-03-30,0,12.0,3030.72,67.87,3.845,12592.65,180.02,0.0,1101.6,11593.14,220.9991248,7.057,2,140167
189350,20,2010-06-04,0,94.0,81879.09,72.52,2.847,0.0,0.0,0.0,0.0,0.0,204.4042877,7.856,3,203742
126864,13,2012-05-18,0,85.0,6016.49,65.17,3.808,7623.14,0.0,86.99,2583.46,3312.67,131.0983226,5.965,3,219622
357516,38,2010-12-31,1,10.0,397.59,45.64,3.148,0.0,0.0,0.0,0.0,0.0,127.0876774,14.313,1,39690
204667,21,2011-12-02,0,8.0,17154.32,48.72,3.172,3389.1,43.0,1258.32,325.35,8623.67,218.3590319,7.441,2,140167
158379,17,2010-03-05,0,54.0,211.0,31.58,2.681,0.0,0.0,0.0,0.0,0.0,126.5782857,6.548,2,93188
315226,32,2012-10-26,0,8.0,24995.5,47.22,3.686,8968.72,104.91,200.0,534.86,1821.85,199.2195317,7.557,3,203007
189562,20,2010-06-25,0,16.0,58893.93,75.17,2.808,0.0,0.0,0.0,0.0,0.0,204.5675459,7.856,3,203742
168700,18,2010-04-16,0,10.0,20242.7,50.26,2.885,0.0,0.0,0.0,0.0,0.0,131.9809,9.269,2,120653
228530,24,2010-04-16,0,74.0,15674.41,51.08,3.01,0.0,0.0,0.0,0.0,0.0,131.9809,8.211,3,203819
316849,33,2010-10-15,0,81.0,8960.74,80.49,3.08,0.0,0.0,0.0,0.0,0.0,126.3266774,9.265,3,39690
95331,10,2012-01-20,0,98.0,145.92,54.51,3.66,2972.31,3286.44,1.0,644.03,5331.52,130.2792258,7.545,2,126512
36871,4,2012-01-06,0,45.0,23.94,38.64,3.158,7857.71,38677.72,234.0,863.22,8682.95,130.1575161,4.607,3,205863
358760,38,2011-06-17,0,72.0,451.81,86.84,3.935,0.0,0.0,0.0,0.0,0.0,129.0432,13.736,1,39690
75945,8,2011-12-30,1,37.0,2004.02,36.33,3.129,3701.08,36381.83,164.34,178.4,1508.56,223.0576765,6.123,3,155078
155442,16,2012-02-03,0,31.0,1091.6,25.53,3.031,32702.46,747.82,2.39,8063.07,2940.68,196.8728921,6.162,2,57197
226997,23,2012-08-17,0,44.0,7841.06,69.97,3.84,2665.76,33.79,50.4,1135.93,3513.48,138.1857097,4.156,2,114533
61739,7,2010-10-15,0,41.0,599.0,35.86,2.762,0.0,0.0,0.0,0.0,0.0,190.8623087,9.137,2,70713
85554,9,2012-02-17,0,1.0,25676.28,43.81,3.51,4572.81,5448.91,6.0,945.06,7589.85,224.1588663,5.667,2,125833
251103,26,2010-12-31,1,7.0,15747.35,18.73,3.177,0.0,0.0,0.0,0.0,0.0,132.8150323,8.149,3,152513
45229,5,2011-09-16,0,10.0,10141.07,83.55,3.526,0.0,0.0,0.0,0.0,0.0,216.6033083,6.529,2,34875
278947,29,2010-04-23,0,82.0,6630.29,51.04,2.895,0.0,0.0,0.0,0.0,0.0,132.0226667,10.16,2,93638
210956,22,2010-12-10,0,33.0,11628.25,28.43,3.132,0.0,0.0,0.0,0.0,0.0,136.5255714,8.572,2,119557
273135,28,2011-06-24,0,8.0,31231.91,88.95,3.898,0.0,0.0,0.0,0.0,0.0,129.0663,13.736,3,206302
28658,3,2012-07-20,0,42.0,6203.78,81.38,3.311,1266.72,66.2,3.83,149.62,558.02,225.4438827,6.334,2,37392
113439,12,2011-07-15,0,93.0,671.46,88.1,3.692,0.0,0.0,0.0,0.0,0.0,129.1338387,13.503,2,112238
51546,6,2010-10-15,0,13.0,36591.29,68.93,2.72,0.0,0.0,0.0,0.0,0.0,213.3337977,7.007,3,202505
326532,34,2011-05-06,0,52.0,1330.93,54.4,3.866,0.0,0.0,0.0,0.0,0.0,129.0444333,10.581,3,158114
359995,38,2011-12-02,0,79.0,10106.82,52.5,3.701,22.15,0.0,2.35,0.0,1889.95,129.8459667,12.89,1,39690
103555,11,2011-07-22,0,41.0,1721.5,87.8,3.651,0.0,0.0,0.0,0.0,0.0,218.7857881,7.567,3,207499
411035,44,2011-11-11,0,21.0,636.09,33.8,3.513,48.84,224.31,4.29,0.0,778.47,129.8167097,6.078,1,39910
215324,22,2012-03-09,0,29.0,6731.26,41.72,3.876,7634.61,348.71,0.5,1351.75,5563.8,141.4742857,7.503,2,119557
51574,6,2010-10-15,0,80.0,13296.55,68.93,2.72,0.0,0.0,0.0,0.0,0.0,213.3337977,7.007,3,202505
15124,2,2011-05-20,0,41.0,1576.5,67.14,3.907,0.0,0.0,0.0,0.0,0.0,215.3834778,7.931,3,202307
290336,30,2011-02-18,0,72.0,44.64,59.87,3.045,0.0,0.0,0.0,0.0,0.0,212.9033115,8.028,1,42988
128436,13,2012-10-19,0,48.0,1681.0,52.06,3.781,2753.9,0.0,8.84,775.96,6978.9,131.1499677,5.621,3,219622
422173,45,2012-07-06,0,8.0,34022.55,82.99,3.475,5878.09,169.0,64.36,2996.47,5477.04,191.1338827,8.684,2,118221
47070,5,2012-03-30,0,49.0,8.91,67.76,3.845,5097.87,25.2,2.7,322.57,1790.31,221.9480412,5.943,2,34875
248064,26,2010-02-19,0,4.0,22375.12,22.62,2.747,0.0,0.0,0.0,0.0,0.0,131.637,8.488,3,152513
380796,40,2012-05-11,0,17.0,7046.91,52.06,3.947,7071.55,0.0,408.25,1175.76,4204.96,138.0882667,4.125,3,155083
2090,1,2010-08-27,0,94.0,60797.36,85.22,2.619,0.0,0.0,0.0,0.0,0.0,211.5673056,7.787,3,151315
65163,7,2011-10-07,0,98.0,111.47,40.65,3.498,0.0,0.0,0.0,0.0,0.0,194.9459724,8.513,2,70713
28123,3,2012-05-18,0,96.0,4250.05,72.38,3.63,3208.73,0.0,0.3,143.23,805.06,225.2512024,6.664,2,37392
59532,7,2010-03-05,0,96.0,698.84,35.86,2.62,0.0,0.0,0.0,0.0,0.0,189.6695049,9.014,2,70713
306290,32,2010-06-04,0,4.0,27587.11,66.69,2.7,0.0,0.0,0.0,0.0,0.0,189.422658,8.963,3,203007
276338,28,2012-05-04,0,72.0,46353.77,76.03,4.171,16196.98,0.0,45.99,2938.52,8176.03,131.136,11.627,3,206302
351909,37,2011-08-26,0,92.0,59810.41,86.02,3.523,0.0,0.0,0.0,0.0,0.0,214.4878416,8.177,1,39910
281319,29,2010-12-31,1,55.0,11197.58,28.49,3.177,0.0,0.0,0.0,0.0,0.0,132.8150323,10.524,2,93638
268201,28,2010-02-19,0,38.0,47036.39,54.83,2.915,0.0,0.0,0.0,0.0,0.0,126.5262857,13.975,3,206302
180614,19,2010-10-29,0,79.0,20700.38,56.11,3.055,0.0,0.0,0.0,0.0,0.0,132.8708387,8.067,3,203819
34344,4,2011-05-06,0,80.0,20364.74,63.41,3.866,0.0,0.0,0.0,0.0,0.0,129.0444333,5.946,3,205863
259929,27,2010-09-03,0,3.0,61527.19,78.52,2.86,0.0,0.0,0.0,0.0,0.0,136.5891118,7.982,3,204184
277216,28,2012-07-27,0,96.0,26893.54,93.47,3.769,4311.14,25.6,5.34,6009.47,4271.03,130.7195806,10.926,3,206302
419836,45,2011-11-11,0,20.0,4202.5,47.65,3.53,23052.25,5449.62,189.24,3355.69,3864.6,188.0632345,8.523,2,118221
374465,40,2010-08-20,0,16.0,11519.76,67.05,2.796,0.0,0.0,0.0,0.0,0.0,132.6616129,5.326,3,155083
293063,30,2012-02-24,0,11.0,782.68,54.81,3.555,1192.83,557.62,0.0,13.5,1342.2,220.275944,7.057,1,42988
344973,36,2011-07-29,0,20.0,79.24,84.99,3.66,0.0,0.0,0.0,0.0,0.0,214.2343177,8.177,3,39910
220745,23,2010-12-10,0,3.0,23273.13,20.12,3.132,0.0,0.0,0.0,0.0,0.0,132.6764,5.287,2,114533
177443,18,2012-09-21,0,14.0,17850.29,60.23,4.056,7820.69,41.64,296.78,1323.47,7158.18,138.6534,8.535,2,120653
61727,7,2010-10-15,0,85.0,1868.1,35.86,2.762,0.0,0.0,0.0,0.0,0.0,190.8623087,9.137,2,70713
187004,19,2012-07-20,0,83.0,3141.22,76.17,3.732,6029.42,424.15,17.82,3070.32,2610.94,138.2331935,8.193,3,203819
255001,26,2012-01-27,0,95.0,60079.39,24.16,3.568,812.2,1267.64,32.5,13.76,1914.38,136.9598387,7.467,3,152513
242400,25,2011-04-22,0,36.0,1182.5,45.87,3.892,0.0,0.0,0.0,0.0,0.0,208.4779405,7.287,2,128107
303734,31,2012-06-22,0,46.0,28154.76,81.78,3.346,6139.82,26.0,4.33,3613.14,8954.0,221.4411622,6.891,3,203750
417056,45,2011-01-21,0,35.0,1510.0,30.55,3.229,0.0,0.0,0.0,0.0,0.0,182.9193368,8.549,2,118221
126194,13,2012-03-16,0,60.0,693.0,52.5,3.529,8901.34,637.7,3.85,6169.81,2446.53,130.8261935,6.104,3,219622
237615,24,2012-09-21,0,5.0,21469.33,61.25,4.203,11768.07,1.91,56.98,873.12,6190.47,138.6534,8.953,3,203819
138044,14,2012-08-31,0,79.0,32217.78,75.09,3.867,24718.73,9.94,120.98,14110.32,3332.99,191.461281,8.684,3,200898
245049,25,2012-01-20,0,97.0,2951.76,23.87,3.533,577.2,3417.28,4.0,5.85,1684.31,212.8336399,6.961,2,128107
119362,13,2010-06-04,0,82.0,29189.96,59.85,2.871,0.0,0.0,0.0,0.0,0.0,126.1360645,8.107,3,219622
76386,8,2012-02-17,0,79.0,22313.47,37.51,3.51,4376.58,10723.12,10.5,1546.82,4117.02,223.9658621,5.825,3,155078
93044,10,2011-06-17,0,2.0,111144.59,87.96,3.935,0.0,0.0,0.0,0.0,0.0,129.0432,8.494,2,126512
358323,38,2011-04-22,0,8.0,8783.28,72.12,4.134,0.0,0.0,0.0,0.0,0.0,128.9553,13.736,1,39690
345394,36,2011-09-30,0,97.0,5090.8,81.52,3.328,0.0,0.0,0.0,0.0,0.0,215.4532259,8.177,3,39910
388325,41,2011-09-02,0,91.0,54134.03,70.37,3.511,0.0,0.0,0.0,0.0,0.0,194.5092113,6.901,3,196321
42708,5,2010-12-10,0,54.0,75.0,48.27,2.843,0.0,0.0,0.0,0.0,0.0,212.0193491,6.768,2,34875
327166,34,2011-07-08,0,3.0,5140.47,80.84,3.469,0.0,0.0,0.0,0.0,0.0,129.1125,10.641,3,158114
12438,2,2010-09-03,0,90.0,97853.43,81.83,2.577,0.0,0.0,0.0,0.0,0.0,211.1886931,8.099,3,202307
357166,38,2010-11-12,0,72.0,136.95,57.79,3.13,0.0,0.0,0.0,0.0,0.0,126.5461613,14.313,1,39690
189077,20,2010-05-14,0,11.0,19517.39,55.91,2.982,0.0,0.0,0.0,0.0,0.0,203.6133915,7.856,3,203742
4848,1,2011-05-20,0,9.0,23918.77,67.63,3.907,0.0,0.0,0.0,0.0,0.0,215.7339202,7.682,3,151315
228673,24,2010-04-30,0,93.0,30390.34,51.48,3.042,0.0,0.0,0.0,0.0,0.0,132.0644333,8.211,3,203819
26532,3,2011-11-25,1,81.0,1575.45,68.0,3.236,41.74,10.47,37612.74,0.0,135.16,221.9011185,7.197,2,37392
399193,42,2012-08-31,0,87.0,1856.86,86.97,3.886,285.66,0.0,18.65,141.64,906.18,130.8853548,7.17,1,39690
162536,17,2011-05-06,0,42.0,4131.21,45.66,3.744,0.0,0.0,0.0,0.0,0.0,129.0444333,6.774,2,93188
340738,35,2012-07-27,0,80.0,-107.72,76.01,3.647,5446.22,0.0,10.88,6221.18,2764.62,142.2126924,8.839,2,103681
380806,40,2012-05-18,0,31.0,777.25,57.59,3.899,4534.3,0.0,103.83,735.81,2388.29,138.1065806,4.125,3,155083
195126,20,2011-12-23,0,5.0,113553.8,40.19,3.389,1483.17,80.15,2145.46,38.97,4180.29,212.2360401,7.082,3,203742
247886,26,2010-02-05,0,71.0,5115.22,9.55,2.788,0.0,0.0,0.0,0.0,0.0,131.5279032,8.488,3,152513
194727,20,2011-11-18,0,59.0,1879.16,49.3,3.53,4817.96,1673.96,658.55,1043.37,6545.16,211.1847207,7.082,3,203742
224826,23,2012-01-13,0,8.0,31720.82,28.49,3.523,2766.24,15216.56,4.84,807.22,2273.23,136.753,4.261,2,114533
404481,43,2012-01-20,0,12.0,100.6,52.72,3.268,320.8,24.36,31.72,0.0,153.04,211.4997811,9.653,1,41062
341030,35,2012-08-31,0,92.0,34504.95,75.0,3.867,17617.15,0.0,94.08,6324.67,3173.73,142.4054482,8.839,2,103681
65064,7,2011-09-23,0,21.0,1573.62,43.67,3.581,0.0,0.0,0.0,0.0,0.0,194.8099713,8.622,2,70713
222753,23,2011-06-24,0,13.0,36313.46,63.8,3.851,0.0,0.0,0.0,0.0,0.0,135.2652667,4.781,2,114533
409908,44,2011-06-10,0,67.0,1317.7,61.39,3.732,0.0,0.0,0.0,0.0,0.0,129.0357097,6.906,1,39910
401867,43,2010-12-24,0,13.0,16291.81,57.15,2.886,0.0,0.0,0.0,0.0,0.0,203.4086682,10.21,1,41062
95891,10,2012-03-16,0,55.0,14875.09,62.11,4.273,3977.45,-10.5,6.03,1928.5,2273.92,130.8261935,7.545,2,126512
186150,19,2012-04-27,0,33.0,4668.51,42.45,4.163,3735.3,-265.76,52.82,67.72,2959.27,137.9781333,8.15,3,203819
175516,18,2012-03-09,0,83.0,3620.96,38.1,3.876,7410.18,368.19,25.46,1852.39,2332.07,137.5066897,8.075,2,120653
83493,9,2011-07-01,0,52.0,1819.84,89.14,3.524,0.0,0.0,0.0,0.0,0.0,218.7796415,6.404,2,125833
109095,12,2010-04-16,0,23.0,34613.1,64.95,3.109,0.0,0.0,0.0,0.0,0.0,126.5621,14.099,2,112238
359161,38,2011-08-12,0,4.0,10585.37,91.04,3.701,0.0,0.0,0.0,0.0,0.0,129.2015806,13.503,1,39690
71183,8,2010-09-10,1,20.0,3090.08,74.34,2.565,0.0,0.0,0.0,0.0,0.0,214.8528728,6.315,3,155078
107043,11,2012-06-29,0,42.0,7049.52,87.86,3.286,4430.73,219.8,0.0,1799.43,6504.38,225.3492435,6.664,3,207499
347103,36,2012-06-29,0,31.0,25.5,86.68,3.273,1169.41,0.0,0.0,0.0,2549.31,220.5278796,6.989,3,39910
306004,32,2010-05-07,0,24.0,3163.53,48.94,2.771,0.0,0.0,0.0,0.0,0.0,189.5312483,8.963,3,203007
57014,6,2012-03-30,0,12.0,6903.05,67.91,3.845,12063.62,6.78,16.5,1859.67,3535.25,222.9675066,6.132,3,202505
225266,23,2012-02-24,0,33.0,9764.92,31.12,3.751,18500.67,10478.33,0.0,7541.62,7320.47,137.3411034,4.261,2,114533
211866,22,2011-03-11,0,1.0,14707.18,41.42,3.6,0.0,0.0,0.0,0.0,0.0,137.6269617,8.458,2,119557
174622,18,2011-12-09,0,5.0,36572.71,42.36,3.47,5128.67,10.5,659.34,2773.46,6374.67,136.5030667,8.471,2,120653
393052,42,2010-04-02,0,87.0,173.08,63.66,3.086,0.0,0.0,0.0,0.0,0.0,126.6034839,9.524,1,39690
356311,38,2010-07-16,0,14.0,1243.22,97.18,3.094,0.0,0.0,0.0,0.0,0.0,126.1498065,14.18,1,39690
389889,41,2012-02-03,0,23.0,14318.12,31.65,3.031,42353.77,4696.86,231.92,46238.28,6379.49,196.8728921,6.589,3,196321
279120,29,2010-05-14,0,27.0,1149.5,50.99,2.983,0.0,0.0,0.0,0.0,0.0,132.152129,10.16,2,93638
131790,14,2010-12-17,0,97.0,24978.66,30.51,3.14,0.0,0.0,0.0,0.0,0.0,182.517732,8.724,3,200898
401184,43,2010-09-17,0,95.0,82174.21,78.86,2.582,0.0,0.0,0.0,0.0,0.0,203.4499286,9.816,1,41062
31372,4,2010-07-23,0,54.0,276.0,79.78,2.612,0.0,0.0,0.0,0.0,0.0,126.1283548,7.372,3,205863
284022,29,2011-10-14,0,25.0,5819.3,62.63,3.583,0.0,0.0,0.0,0.0,0.0,136.5150968,9.357,2,93638
233536,24,2011-08-19,0,85.0,2024.75,69.93,3.942,0.0,0.0,0.0,0.0,0.0,136.183129,8.358,3,203819
203072,21,2011-06-17,0,23.0,43981.67,87.54,3.637,0.0,0.0,0.0,0.0,0.0,214.6513538,7.931,2,140167
68611,7,2012-09-21,0,72.0,41184.89,51.77,3.765,4113.14,12.0,3.0,344.2,4693.52,198.358523,7.872,2,70713
305629,32,2010-04-02,0,87.0,5789.04,48.28,2.725,0.0,0.0,0.0,0.0,0.0,189.7048215,8.963,3,203007
256845,26,2012-08-03,0,35.0,1340.13,65.6,3.698,28330.0,49.21,42.09,8478.97,3544.06,138.1735806,7.405,3,152513
300276,31,2011-07-22,0,5.0,14941.05,90.27,3.651,0.0,0.0,0.0,0.0,0.0,215.0749122,7.852,3,203750
125446,13,2012-01-06,0,9.0,21547.2,33.8,3.08,6809.96,37106.52,179.77,1922.55,7481.58,130.1575161,6.104,3,219622
216658,22,2012-07-20,0,33.0,6109.23,76.57,3.61,3250.89,101.3,15.49,1986.27,2800.15,142.2337569,7.753,2,119557
250584,26,2010-11-05,0,40.0,37616.12,30.51,2.938,0.0,0.0,0.0,0.0,0.0,132.9245806,8.149,3,152513
326800,34,2011-05-27,0,95.0,74374.48,65.99,3.771,0.0,0.0,0.0,0.0,0.0,129.0623548,10.581,3,158114
86594,9,2012-06-15,0,46.0,8192.32,82.21,3.393,3296.23,176.4,50.03,780.78,4209.82,225.5070634,5.539,2,125833
77632,8,2012-06-22,0,30.0,2907.52,78.85,3.346,5146.44,124.95,2.97,1409.95,3956.16,225.3558843,5.679,3,155078
63697,7,2011-05-06,0,52.0,662.5,26.54,3.735,0.0,0.0,0.0,0.0,0.0,192.7252006,8.595,2,70713
413062,44,2012-08-17,0,40.0,16196.76,79.4,3.545,411.11,0.0,9.77,0.0,689.16,130.7909677,5.407,1,39910
230552,24,2010-11-05,0,11.0,15330.23,42.2,3.049,0.0,0.0,0.0,0.0,0.0,132.9245806,8.275,3,203819
41726,5,2010-08-20,0,90.0,2570.19,87.71,2.664,0.0,0.0,0.0,0.0,0.0,212.1608984,6.496,2,34875
223019,23,2011-07-22,0,12.0,6281.21,76.74,3.882,0.0,0.0,0.0,0.0,0.0,135.8738387,4.584,2,114533
71139,8,2010-09-03,0,40.0,39513.07,76.14,2.577,0.0,0.0,0.0,0.0,0.0,214.894576,6.315,3,155078
142330,15,2011-02-11,1,80.0,11.94,21.64,3.416,0.0,0.0,0.0,0.0,0.0,133.260871,7.771,2,123737
375576,40,2010-12-10,0,97.0,16916.88,21.64,3.132,0.0,0.0,0.0,0.0,0.0,132.6764,5.287,3,155083
290063,30,2011-01-07,0,25.0,39.75,44.24,2.976,0.0,0.0,0.0,0.0,0.0,211.0648881,8.028,1,42988
11891,2,2010-07-09,0,48.0,561.0,82.59,2.642,0.0,0.0,0.0,0.0,0.0,210.7657317,8.099,3,202307
30245,4,2010-04-02,0,67.0,10658.57,48.77,2.74,0.0,0.0,0.0,0.0,0.0,126.6034839,7.896,3,205863
78433,8,2012-09-07,1,58.0,2275.0,80.87,3.73,11548.63,9.0,29.22,1177.09,2831.4,226.0153733,5.401,3,155078
358289,38,2011-04-15,0,79.0,9115.43,57.63,3.868,0.0,0.0,0.0,0.0,0.0,128.9107333,13.736,1,39690
192482,20,2011-04-08,0,92.0,173517.32,47.09,3.72,0.0,0.0,0.0,0.0,0.0,208.1092642,7.287,3,203742
162110,17,2011-03-18,0,8.0,18593.23,34.48,3.407,0.0,0.0,0.0,0.0,0.0,128.5121935,6.866,2,93188
143095,15,2011-04-29,0,58.0,845.0,55.46,4.117,0.0,0.0,0.0,0.0,0.0,134.4357333,7.658,2,123737
114386,12,2011-10-21,0,27.0,1586.99,73.05,3.842,0.0,0.0,0.0,0.0,0.0,129.7821613,12.89,2,112238
320340,33,2012-03-30,0,11.0,156.23,71.34,4.294,215.97,0.0,0.0,0.0,923.99,130.9670968,7.603,3,39690
410306,44,2011-08-05,0,13.0,7264.36,75.56,3.595,0.0,0.0,0.0,0.0,0.0,129.1846452,6.56,1,39910
295740,31,2010-04-30,0,46.0,25448.17,66.93,2.78,0.0,0.0,0.0,0.0,0.0,210.0505833,8.2,3,203750
154334,16,2011-10-14,0,34.0,4753.92,39.97,3.491,0.0,0.0,0.0,0.0,0.0,195.0261012,6.232,2,57197
369964,39,2012-02-24,0,42.0,4426.77,61.1,3.555,7826.68,6839.78,2.0,983.61,10296.01,219.3244636,7.244,3,184109
134455,14,2011-09-09,1,50.0,1289.0,71.48,3.738,0.0,0.0,0.0,0.0,0.0,186.6737376,8.625,3,200898
208872,22,2010-05-07,0,13.0,35942.87,63.81,2.981,0.0,0.0,0.0,0.0,0.0,135.962,8.348,2,119557
218319,23,2010-04-09,0,29.0,10317.69,56.82,2.849,0.0,0.0,0.0,0.0,0.0,131.9408065,5.435,2,114533
327947,34,2011-09-23,0,72.0,30820.46,66.23,3.473,0.0,0.0,0.0,0.0,0.0,129.5183333,10.641,3,158114
260532,27,2010-10-29,0,93.0,47195.16,61.02,3.055,0.0,0.0,0.0,0.0,0.0,136.7375484,8.021,3,204184
69123,8,2010-02-12,1,91.0,36590.37,33.34,2.548,0.0,0.0,0.0,0.0,0.0,214.6214189,6.299,3,155078
420445,45,2012-01-06,0,2.0,34078.55,35.88,3.422,7328.14,33378.79,34.6,1198.48,6819.1,189.1940558,8.424,2,118221
185610,19,2012-03-02,0,14.0,18342.05,34.83,3.983,28177.29,3485.95,22.78,31324.8,2851.55,137.4238966,7.943,3,203819
303567,31,2012-06-08,0,59.0,311.06,79.47,3.452,6401.42,0.0,1.01,744.86,7363.36,221.3877467,6.891,3,203750
56120,6,2011-12-30,1,59.0,5575.53,46.8,3.129,6098.54,82881.16,326.68,814.58,2728.99,221.1282634,6.551,3,202505
295817,31,2010-05-07,0,11.0,11390.24,70.87,2.835,0.0,0.0,0.0,0.0,0.0,210.0011018,8.2,3,203750
381345,40,2012-07-06,0,8.0,37469.93,69.08,3.538,6364.53,277.2,62.07,2574.7,5230.46,138.2296333,4.156,3,155083
155798,16,2012-03-16,0,94.0,1849.47,38.02,3.486,3501.15,0.3,1.33,1396.55,1515.46,197.0457208,6.162,2,57197
266882,27,2012-07-13,0,80.0,26458.84,78.95,3.689,7264.26,219.2,31.1,4489.18,3102.22,142.2548214,8.239,3,204184
365839,39,2010-12-31,1,21.0,5232.54,52.45,2.943,0.0,0.0,0.0,0.0,0.0,210.182398,8.476,3,184109
82332,9,2011-02-25,0,11.0,11924.23,59.01,3.065,0.0,0.0,0.0,0.0,0.0,217.1095679,6.416,2,125833
212034,22,2011-04-01,0,52.0,1577.14,36.04,3.638,0.0,0.0,0.0,0.0,0.0,137.9558929,8.252,2,119557
143741,15,2011-07-01,0,9.0,30887.02,67.43,3.916,0.0,0.0,0.0,0.0,0.0,135.4468,7.806,2,123737
328331,34,2011-10-28,0,2.0,34100.92,54.56,3.362,0.0,0.0,0.0,0.0,0.0,129.7936774,10.148,3,158114
86369,9,2012-05-18,0,54.0,32.0,69.52,3.63,1926.92,0.0,0.24,426.51,2968.78,225.4942498,5.539,2,125833
345740,36,2011-11-25,1,55.0,32.88,66.41,3.181,7.09,0.0,0.0,0.0,780.75,217.1812533,7.716,3,39910
401054,43,2010-08-27,0,16.0,2828.92,80.32,2.619,0.0,0.0,0.0,0.0,0.0,203.4799839,9.816,1,41062
374306,40,2010-08-06,0,81.0,23207.67,69.16,2.792,0.0,0.0,0.0,0.0,0.0,132.6141935,5.326,3,155083
345826,36,2011-12-09,0,96.0,11920.9,50.64,3.147,0.0,0.0,-0.87,0.0,1129.02,217.6645878,7.716,3,39910
373605,40,2010-05-28,0,34.0,16510.0,67.88,2.906,0.0,0.0,0.0,0.0,0.0,132.2939355,5.435,3,155083
198837,21,2010-03-26,0,8.0,18721.61,51.66,2.732,0.0,0.0,0.0,0.0,0.0,210.6766095,8.324,2,140167
71442,8,2010-10-01,0,94.0,20162.59,68.7,2.603,0.0,0.0,0.0,0.0,0.0,215.0310029,6.433,3,155078
216439,22,2012-06-29,0,60.0,342.0,70.99,3.577,3297.53,345.5,0.0,339.38,2257.49,142.1920381,7.671,2,119557
250313,26,2010-10-08,0,26.0,4662.74,46.81,2.776,0.0,0.0,0.0,0.0,0.0,132.7516667,8.149,3,152513
297429,31,2010-10-08,0,59.0,404.74,65.76,2.633,0.0,0.0,0.0,0.0,0.0,211.4044906,8.163,3,203750
365435,39,2010-11-19,0,30.0,2910.68,55.5,2.771,0.0,0.0,0.0,0.0,0.0,210.65429,8.476,3,184109
286358,29,2012-06-15,0,22.0,5703.2,66.56,3.683,3861.04,306.6,7.02,89.54,1180.28,138.1295333,9.14,2,93638
342780,36,2010-08-13,0,41.0,13.0,86.06,2.644,0.0,0.0,0.0,0.0,0.0,210.3943056,8.36,3,39910
38680,4,2012-06-29,0,55.0,14882.87,84.23,3.257,3756.11,211.6,0.0,2114.26,6371.15,130.7562667,4.308,3,205863
252637,26,2011-06-03,0,33.0,4023.86,60.49,3.973,0.0,0.0,0.0,0.0,0.0,134.8551613,7.818,3,152513
152981,16,2011-05-20,0,97.0,1471.5,43.95,3.828,0.0,0.0,0.0,0.0,0.0,192.831317,6.339,2,57197
414150,45,2010-03-26,0,56.0,6094.38,54.36,2.854,0.0,0.0,0.0,0.0,0.0,181.9718697,8.992,2,118221
262057,27,2011-04-01,0,40.0,68510.85,37.27,3.811,0.0,0.0,0.0,0.0,0.0,137.9558929,7.725,3,204184
156787,16,2012-06-22,0,8.0,13990.36,70.41,3.735,1291.33,201.0,0.27,696.47,1682.13,197.7389345,6.169,2,57197
149959,16,2010-07-02,0,13.0,19512.63,64.44,2.728,0.0,0.0,0.0,0.0,0.0,189.4882603,6.868,2,57197
219979,23,2010-09-17,0,5.0,19867.37,55.3,2.716,0.0,0.0,0.0,0.0,0.0,132.7670667,5.326,2,114533
223433,23,2011-09-02,0,41.0,1889.0,65.33,3.784,0.0,0.0,0.0,0.0,0.0,136.2440968,4.584,2,114533
232910,24,2011-06-24,0,7.0,29447.42,68.88,3.964,0.0,0.0,0.0,0.0,0.0,135.2652667,8.212,3,203819
71737,8,2010-11-05,0,71.0,1522.3,55.76,2.689,0.0,0.0,0.0,0.0,0.0,215.323,6.433,3,155078
209281,22,2010-06-18,0,40.0,55148.17,67.13,2.805,0.0,0.0,0.0,0.0,0.0,136.3243393,8.348,2,119557
35554,4,2011-09-02,0,3.0,26182.37,77.99,3.533,0.0,0.0,0.0,0.0,0.0,129.3259355,5.644,3,205863
280855,29,2010-11-12,0,74.0,7241.79,44.42,2.961,0.0,0.0,0.0,0.0,0.0,132.9783226,10.524,2,93638
70662,8,2010-07-16,0,37.0,2681.11,77.49,2.623,0.0,0.0,0.0,0.0,0.0,214.4640599,6.315,3,155078
25145,3,2011-06-24,0,41.0,549.0,84.94,3.594,0.0,0.0,0.0,0.0,0.0,218.45094,7.574,2,37392
321389,33,2012-08-31,0,93.0,14337.17,94.55,3.886,119.39,0.0,0.0,9.7,1547.92,130.8853548,7.147,3,39690
55716,6,2011-11-25,1,92.0,148673.48,62.78,3.236,429.03,171.88,83192.81,15.0,986.23,220.0417412,6.551,3,202505
225568,23,2012-03-30,0,91.0,23837.17,36.71,3.921,8920.01,116.41,7.09,1010.3,3025.4,137.7261935,4.261,2,114533
296594,31,2010-07-23,0,91.0,66751.48,87.17,2.608,0.0,0.0,0.0,0.0,0.0,210.8921319,8.099,3,203750
35273,4,2011-08-05,0,37.0,2756.57,86.09,3.662,0.0,0.0,0.0,0.0,0.0,129.1846452,5.644,3,205863
215659,22,2012-04-06,0,52.0,2246.7,46.38,3.957,8593.09,0.0,17.67,1946.99,5729.6,141.7712396,7.671,2,119557
184505,19,2011-11-18,0,12.0,5023.78,48.21,3.717,10100.14,1785.29,92.36,978.96,7776.94,136.4666667,7.866,3,203819
126249,13,2012-03-23,0,23.0,29032.31,47.83,3.671,3489.61,75.36,2.52,827.19,3427.9,130.8966452,6.104,3,219622
224143,23,2011-11-11,0,96.0,13640.27,44.04,3.57,9157.72,9619.31,286.88,3834.44,3543.37,136.4618065,4.42,2,114533
173045,18,2011-07-01,0,50.0,1452.0,69.75,3.815,0.0,0.0,0.0,0.0,0.0,135.4468,8.89,2,120653
130417,14,2010-07-30,0,35.0,3367.0,79.78,2.781,0.0,0.0,0.0,0.0,0.0,182.4415378,8.743,3,200898
357956,38,2011-03-04,0,85.0,119.81,51.72,3.674,0.0,0.0,0.0,0.0,0.0,128.26475,14.021,1,39690
88763,10,2010-04-23,0,6.0,13564.61,66.42,3.05,0.0,0.0,0.0,0.0,0.0,126.4713333,9.524,2,126512
98423,11,2010-02-19,0,94.0,48398.78,48.3,2.514,0.0,0.0,0.0,0.0,0.0,214.6198868,7.368,3,207499
47589,5,2012-06-01,0,95.0,22442.97,79.72,3.501,2840.78,0.0,41.58,393.41,2114.0,222.3343277,5.801,2,34875
308560,32,2011-01-07,0,85.0,2024.13,23.78,2.882,0.0,0.0,0.0,0.0,0.0,191.3683815,8.818,3,203007
416974,45,2011-01-14,0,58.0,1266.0,24.78,3.205,0.0,0.0,0.0,0.0,0.0,182.6585782,8.549,2,118221
295393,31,2010-03-26,0,21.0,4898.55,51.66,2.732,0.0,0.0,0.0,0.0,0.0,210.6766095,8.324,3,203750
325903,34,2011-03-04,0,94.0,36639.25,46.21,3.305,0.0,0.0,0.0,0.0,0.0,128.26475,10.398,3,158114
195164,20,2011-12-30,1,38.0,106524.99,36.35,3.389,6918.65,97740.99,270.38,1648.03,2852.19,212.4035763,7.082,3,203742
207663,21,2012-10-05,0,10.0,12770.35,70.28,3.617,7818.46,0.0,21.03,4198.54,4532.58,222.8159296,6.17,2,140167
52685,6,2011-02-04,0,67.0,10804.61,40.59,2.989,0.0,0.0,0.0,0.0,0.0,214.0887176,6.858,3,202505
391532,41,2012-07-13,0,72.0,49618.49,67.24,3.613,6062.57,85.84,1.6,1805.08,2636.17,197.8788621,6.432,3,196321
253660,26,2011-09-16,0,31.0,855.8,55.19,3.809,0.0,0.0,0.0,0.0,0.0,136.3145,7.767,3,152513
48856,5,2012-10-19,0,96.0,7775.71,69.17,3.594,908.91,0.0,0.0,0.0,709.95,224.0192873,5.422,2,34875
7520,1,2012-02-03,0,87.0,65266.57,56.55,3.36,34577.06,3579.21,160.53,32403.87,5630.4,220.1720153,7.348,3,151315
342164,36,2010-05-07,0,1.0,1671.22,75.56,2.786,0.0,0.0,0.0,0.0,0.0,209.1215867,8.464,3,39910
329411,34,2012-02-10,1,34.0,9402.51,36.7,3.411,16191.24,4394.52,58.87,11972.11,6375.39,130.3849032,9.653,3,158114
172140,18,2011-04-01,0,49.0,13910.56,35.06,3.638,0.0,0.0,0.0,0.0,0.0,134.0682581,8.975,2,120653
71990,8,2010-11-26,1,26.0,12534.35,51.07,2.735,0.0,0.0,0.0,0.0,0.0,215.1077548,6.433,3,155078
102454,11,2011-04-01,0,30.0,7155.26,69.1,3.524,0.0,0.0,0.0,0.0,0.0,218.2114184,7.574,3,207499
368199,39,2011-08-26,0,96.0,26787.6,86.49,3.523,0.0,0.0,0.0,0.0,0.0,214.4878416,8.177,3,184109
27805,3,2012-04-13,0,46.0,6046.43,72.83,3.891,5359.22,1673.42,3.0,682.03,1371.55,225.0135556,6.664,2,37392
120312,13,2010-09-03,0,42.0,8894.06,65.71,2.868,0.0,0.0,0.0,0.0,0.0,126.1019355,7.951,3,219622
332894,35,2010-04-30,0,79.0,31784.64,53.55,2.921,0.0,0.0,0.0,0.0,0.0,135.9170833,9.051,2,103681
151768,16,2011-01-14,0,51.0,-10.96,17.46,2.911,0.0,0.0,0.0,0.0,0.0,191.4784939,6.614,2,57197
15841,2,2011-07-29,0,97.0,36780.63,90.07,3.682,0.0,0.0,0.0,0.0,0.0,215.1363819,7.852,3,202307
41787,5,2010-08-27,0,21.0,1276.79,87.05,2.619,0.0,0.0,0.0,0.0,0.0,212.123908,6.496,2,34875
254435,26,2011-12-02,0,25.0,6784.15,36.74,3.501,3343.0,9.0,955.74,1187.26,14774.79,136.4909333,7.598,3,152513
110423,12,2010-09-03,0,98.0,558.69,83.12,3.087,0.0,0.0,0.0,0.0,0.0,126.1019355,14.18,2,112238
74546,8,2011-08-12,0,12.0,7438.43,86.05,3.638,0.0,0.0,0.0,0.0,0.0,219.0075249,6.425,3,155078
41636,5,2010-08-13,0,2.0,12218.48,87.41,2.692,0.0,0.0,0.0,0.0,0.0,212.1978889,6.496,2,34875
383357,41,2010-04-23,0,59.0,833.67,45.29,2.776,0.0,0.0,0.0,0.0,0.0,189.6190057,7.363,3,196321
402439,43,2011-03-18,0,87.0,169.86,68.98,3.488,0.0,0.0,0.0,0.0,0.0,206.225924,10.398,1,41062
299845,31,2011-06-03,0,96.0,37650.77,83.82,3.699,0.0,0.0,0.0,0.0,0.0,214.9254865,7.931,3,203750
72926,8,2011-03-04,0,92.0,59174.05,53.18,3.288,0.0,0.0,0.0,0.0,0.0,217.2185454,6.262,3,155078
69310,8,2010-02-26,0,11.0,17427.95,37.91,2.561,0.0,0.0,0.0,0.0,0.0,214.6940735,6.299,3,155078
379868,40,2012-02-10,1,17.0,7571.58,23.92,3.655,10333.24,3700.62,66.01,11804.09,7697.87,137.1666774,4.261,3,155083
128483,13,2012-10-26,0,32.0,7868.19,46.97,3.755,10192.49,364.57,150.0,1714.15,5563.92,131.1930968,5.621,3,219622
276700,28,2012-06-08,0,83.0,9505.85,84.83,4.103,9026.85,101.2,-29.1,833.67,11752.37,130.8896774,11.627,3,206302
79209,9,2010-02-26,0,81.0,2276.32,43.83,2.561,0.0,0.0,0.0,0.0,0.0,214.8780453,6.415,2,125833
349947,37,2010-11-26,1,79.0,6490.2,67.73,2.735,0.0,0.0,0.0,0.0,0.0,210.5152765,8.476,1,39910
267414,27,2012-08-31,0,35.0,2376.37,75.0,4.026,25371.97,59.81,276.58,6582.38,5400.13,142.4054482,8.239,3,204184
276553,28,2012-05-25,0,22.0,7984.2,83.84,4.293,7557.62,0.0,609.0,1574.85,7620.93,131.0287742,11.627,3,206302
405753,43,2012-07-27,0,14.0,1665.13,82.01,3.407,22.35,0.0,1.19,0.0,1452.64,213.3303963,9.285,1,41062
35427,4,2011-08-19,0,94.0,77493.27,82.77,3.55,0.0,0.0,0.0,0.0,0.0,129.2405806,5.644,3,205863
131137,14,2010-10-15,0,67.0,12904.25,58.61,2.868,0.0,0.0,0.0,0.0,0.0,182.8106203,8.724,3,200898
216363,22,2012-06-22,0,2.0,56183.9,70.61,3.629,8154.53,387.4,0.0,2396.96,3938.83,142.1606464,7.671,2,119557
298422,31,2011-01-14,0,91.0,80351.99,34.14,2.983,0.0,0.0,0.0,0.0,0.0,211.1176713,8.028,3,203750
192396,20,2011-04-01,0,49.0,23080.04,32.43,3.638,0.0,0.0,0.0,0.0,0.0,207.8823043,7.287,3,203742
144069,15,2011-08-05,0,82.0,9433.55,73.63,4.02,0.0,0.0,0.0,0.0,0.0,136.0540323,7.806,2,123737
76499,8,2012-02-24,0,97.0,15474.18,46.33,3.555,9712.39,4960.15,1.0,2441.26,5314.33,224.1809207,5.825,3,155078
326153,34,2011-03-25,0,54.0,30.0,53.11,3.48,0.0,0.0,0.0,0.0,0.0,128.6160645,10.398,3,158114
37407,4,2012-03-02,0,37.0,4477.21,50.38,3.619,18564.88,1394.86,32.93,10714.6,3592.82,130.6457931,4.607,3,205863
29421,3,2012-10-12,0,10.0,11915.08,70.31,3.601,775.31,0.0,2.78,498.54,328.16,226.9239785,6.034,2,37392
68280,7,2012-08-17,0,14.0,11525.51,59.66,3.545,1266.82,34.6,46.86,1649.91,1421.44,198.1001057,7.872,2,70713
96734,10,2012-06-08,0,10.0,52059.82,86.87,4.103,7184.69,31.0,338.26,637.39,5399.57,130.8896774,7.382,2,126512
55952,6,2011-12-16,0,8.0,52324.1,53.27,3.159,7070.01,27.0,603.98,508.56,4788.85,220.7671856,6.551,3,202505
150811,16,2010-10-01,0,81.0,3432.32,59.39,2.759,0.0,0.0,0.0,0.0,0.0,190.6738241,6.986,2,57197
41436,5,2010-07-16,0,85.0,1242.06,83.98,2.623,0.0,0.0,0.0,0.0,0.0,211.6561123,6.496,2,34875
88966,10,2010-05-14,0,80.0,117.48,73.88,3.145,0.0,0.0,0.0,0.0,0.0,126.2085484,9.524,2,126512
278132,28,2012-10-26,0,40.0,44681.51,65.95,4.301,6490.13,90.02,0.0,1750.84,1684.36,131.1930968,10.199,3,206302
102662,11,2011-04-22,0,79.0,29994.04,78.31,3.807,0.0,0.0,0.0,0.0,0.0,218.851237,7.574,3,207499
81602,9,2010-12-03,0,55.0,10059.98,49.89,2.708,0.0,0.0,0.0,0.0,0.0,215.1445203,6.56,2,125833
187667,19,2012-09-21,0,30.0,3271.88,60.62,4.203,11030.97,147.55,13.5,1516.01,9152.78,138.6534,8.193,3,203819
322883,34,2010-05-14,0,41.0,95.0,60.74,2.845,0.0,0.0,0.0,0.0,0.0,126.2085484,9.593,3,158114
66078,7,2012-01-06,0,7.0,10973.22,18.67,3.095,2373.44,11519.36,7.26,162.72,4504.47,196.5458309,8.256,2,70713
321134,33,2012-07-27,0,41.0,27.0,93.95,3.769,24.71,0.0,0.0,0.0,1205.27,130.7195806,7.147,3,39690
12597,2,2010-09-17,0,16.0,17120.84,82.05,2.582,0.0,0.0,0.0,0.0,0.0,211.1806415,8.099,3,202307
361387,38,2012-06-01,0,6.0,46.34,78.11,4.277,65.36,0.0,0.6,0.0,886.6,130.9592258,11.627,1,39690
331135,34,2012-08-03,0,5.0,13679.56,78.93,3.374,9386.73,45.0,37.88,4384.73,4169.76,130.737871,9.285,3,158114
67943,7,2012-07-13,0,54.0,10.0,64.21,3.613,1562.86,85.7,0.35,424.66,57029.78,197.8788621,7.872,2,70713
162883,17,2011-06-10,0,23.0,12294.47,54.57,3.732,0.0,0.0,0.0,0.0,0.0,129.0357097,6.774,2,93188
250350,26,2010-10-15,0,97.0,13676.45,39.93,2.878,0.0,0.0,0.0,0.0,0.0,132.7633548,8.149,3,152513
300887,31,2011-09-16,0,27.0,921.48,80.62,3.526,0.0,0.0,0.0,0.0,0.0,215.6944378,7.852,3,203750
57234,6,2012-04-20,0,60.0,369.0,68.64,3.877,2326.27,2591.86,14.79,81.42,3663.48,223.17092,5.964,3,202505
395834,42,2011-05-20,0,59.0,22.59,72.62,3.99,0.0,0.0,0.0,0.0,0.0,129.0756774,8.494,1,39690
407979,44,2010-09-10,1,32.0,63.83,65.74,2.87,0.0,0.0,0.0,0.0,0.0,126.1145806,7.804,1,39910
374682,40,2010-09-10,1,10.0,21724.97,62.75,2.717,0.0,0.0,0.0,0.0,0.0,132.7564516,5.326,3,155083
202060,21,2011-02-25,0,22.0,12837.79,61.27,3.065,0.0,0.0,0.0,0.0,0.0,213.190421,8.028,2,140167
43652,5,2011-03-25,0,3.0,2552.08,70.71,3.473,0.0,0.0,0.0,0.0,0.0,215.1640872,6.634,2,34875
266686,27,2012-06-22,0,8.0,40223.67,73.23,3.722,9510.17,821.5,7.98,3928.13,6054.38,142.1606464,8.253,3,204184
377259,40,2011-05-27,0,45.0,10.47,63.11,4.034,0.0,0.0,0.0,0.0,0.0,134.7677742,4.781,3,155083
363855,39,2010-06-11,0,80.0,11719.45,81.78,2.668,0.0,0.0,0.0,0.0,0.0,210.2135668,8.464,3,184109
346317,36,2012-02-24,0,82.0,4643.49,62.21,3.55,90.73,171.14,0.0,0.0,872.76,219.3244636,7.244,3,39910
41913,5,2010-09-10,1,40.0,19098.01,79.86,2.565,0.0,0.0,0.0,0.0,0.0,212.0499271,6.496,2,34875
67815,7,2012-06-29,0,9.0,52186.54,68.84,3.693,1246.74,425.6,0.0,42.0,1200.17,197.785577,8.09,2,70713
157122,16,2012-07-27,0,22.0,7270.8,69.0,3.57,589.03,31.77,0.0,855.31,1457.52,197.9792136,6.061,2,57197
155993,16,2012-03-30,0,4.0,14090.01,48.29,3.75,3404.77,0.0,5.0,188.8,1133.72,197.4133259,6.162,2,57197
116002,12,2012-04-06,0,85.0,1882.03,64.05,4.121,11772.46,0.0,61.63,3885.06,4225.11,131.0375484,11.627,2,112238
340589,35,2012-07-13,0,14.0,24505.74,78.95,3.523,3516.15,0.0,0.15,1749.8,1430.23,142.2548214,8.839,2,103681
282840,29,2011-06-10,0,27.0,1090.45,69.53,3.924,0.0,0.0,0.0,0.0,0.0,134.9425484,9.966,2,93638
226890,23,2012-08-10,0,50.0,7611.0,71.12,3.772,23983.92,144.9,106.86,13110.54,4860.8,138.1437742,4.156,2,114533
60553,7,2010-06-18,0,7.0,13117.32,52.7,2.674,0.0,0.0,0.0,0.0,0.0,189.4185259,8.963,2,70713
171424,18,2011-01-21,0,5.0,17402.12,22.55,3.232,0.0,0.0,0.0,0.0,0.0,133.0285161,9.131,2,120653
197685,20,2012-08-31,0,17.0,17514.05,72.66,3.867,19058.96,32.04,125.49,9015.83,4449.08,215.0878309,7.28,3,203742
120140,13,2010-08-20,0,91.0,82783.22,76.34,2.85,0.0,0.0,0.0,0.0,0.0,126.0766452,7.951,3,219622
40588,5,2010-04-16,0,8.0,14325.6,65.3,2.808,0.0,0.0,0.0,0.0,0.0,211.0388528,6.465,2,34875
46943,5,2012-03-16,0,49.0,20.79,63.55,3.734,1879.87,30.7,2.24,585.12,1765.08,221.7989713,5.943,2,34875
5127,1,2011-06-17,0,27.0,674.36,86.41,3.637,0.0,0.0,0.0,0.0,0.0,214.9980596,7.682,3,151315
30098,4,2010-03-19,0,54.0,121.0,55.19,2.743,0.0,0.0,0.0,0.0,0.0,126.6066452,8.623,3,205863
379511,40,2012-01-06,0,49.0,26.73,23.29,3.439,3737.24,20629.4,169.85,954.18,4508.45,136.698129,4.261,3,155083
351708,37,2011-07-29,0,21.0,1929.0,84.99,3.682,0.0,0.0,0.0,0.0,0.0,214.2343177,8.177,1,39910
385560,41,2010-12-03,0,55.0,19319.7,33.0,2.712,0.0,0.0,0.0,0.0,0.0,190.9931437,7.508,3,196321
89578,10,2010-07-16,0,32.0,18355.35,91.8,2.971,0.0,0.0,0.0,0.0,0.0,126.1498065,9.199,2,126512
246415,25,2012-06-08,0,20.0,4637.16,58.48,3.689,9024.73,207.4,64.04,2897.69,4748.56,214.5527132,7.139,2,128107
354364,37,2012-07-20,0,87.0,1384.08,81.76,3.311,67.7,0.0,3.97,0.0,1634.33,220.6148749,6.623,1,39910
332023,34,2012-10-26,0,33.0,3946.93,57.95,3.514,1151.88,68.01,3.0,392.12,1468.81,131.1930968,8.839,3,158114
342036,36,2010-04-09,0,92.0,56876.04,68.54,2.743,0.0,0.0,0.0,0.0,0.0,209.400638,8.464,3,39910
241910,25,2011-03-04,0,24.0,2788.21,31.59,3.433,0.0,0.0,0.0,0.0,0.0,206.9153485,7.343,2,128107
413365,44,2012-09-28,0,38.0,65599.95,64.8,3.821,380.96,0.0,0.0,0.0,2022.03,131.043,5.407,1,39910
21786,3,2010-06-18,0,10.0,8528.12,83.52,2.637,0.0,0.0,0.0,0.0,0.0,214.7858259,7.343,2,37392
371923,39,2012-09-07,1,32.0,5882.05,83.71,3.73,22865.19,31.76,197.48,1883.05,10351.49,221.1181142,6.623,3,184109
173327,18,2011-07-29,0,4.0,25714.78,73.85,3.898,0.0,0.0,0.0,0.0,0.0,135.9639355,8.89,2,120653
187036,19,2012-07-20,0,29.0,6099.06,76.17,3.732,6029.42,424.15,17.82,3070.32,2610.94,138.2331935,8.193,3,203819
245144,25,2012-01-27,0,32.0,1893.93,32.24,3.567,2683.99,2193.97,0.0,901.08,2783.8,212.9286312,6.961,2,128107
85971,9,2012-04-06,0,42.0,4272.51,68.83,3.891,4876.77,0.0,10.0,1201.8,8545.16,225.1820555,5.539,2,125833
413955,45,2010-03-05,0,32.0,5607.51,37.13,2.777,0.0,0.0,0.0,0.0,0.0,182.1201566,8.992,2,118221
368253,39,2011-09-02,0,35.0,1875.62,88.65,3.533,0.0,0.0,0.0,0.0,0.0,214.5516896,8.177,3,184109
327885,34,2011-09-16,0,79.0,14134.89,64.94,3.532,0.0,0.0,0.0,0.0,0.0,129.4306,10.641,3,158114
330848,34,2012-07-06,0,91.0,38362.84,77.95,3.187,6438.2,174.8,103.13,2529.03,3839.19,130.7196333,9.285,3,158114
41768,5,2010-08-27,0,33.0,2424.98,87.05,2.619,0.0,0.0,0.0,0.0,0.0,212.123908,6.496,2,34875
60131,7,2010-04-30,0,59.0,167.2,38.99,2.766,0.0,0.0,0.0,0.0,0.0,189.575127,8.963,2,70713
8634,1,2012-05-25,0,54.0,74.92,77.22,3.561,4039.39,0.0,745.19,1429.96,3631.13,221.744944,7.143,3,151315
380959,40,2012-06-01,0,44.0,2753.27,64.75,3.798,4641.39,30.6,50.93,420.22,1627.19,138.1138065,4.125,3,155083
89638,10,2010-07-23,0,96.0,10082.36,88.44,3.112,0.0,0.0,0.0,0.0,0.0,126.1283548,9.199,2,126512
335655,35,2011-02-11,1,21.0,4158.62,30.45,3.239,0.0,0.0,0.0,0.0,0.0,137.1378318,8.549,2,103681
204482,21,2011-11-11,0,92.0,28981.9,59.8,3.297,5522.33,7898.33,11.1,2489.99,7562.52,217.6455387,7.441,2,140167
359323,38,2011-09-02,0,26.0,2.0,93.66,3.798,0.0,0.0,0.0,0.0,0.0,129.3259355,13.503,1,39690
197203,20,2012-07-13,0,79.0,37811.02,78.27,3.523,8679.19,99.7,22.34,4960.49,7877.54,214.728027,7.28,3,203742
195937,20,2012-03-16,0,27.0,2864.88,53.73,3.862,6745.04,310.32,6.94,3282.4,2895.89,214.0167132,6.961,3,203742
249625,26,2010-07-30,0,79.0,11945.46,63.79,2.792,0.0,0.0,0.0,0.0,0.0,132.5983871,8.445,3,152513
153837,16,2011-08-26,0,71.0,2324.05,67.51,3.485,0.0,0.0,0.0,0.0,0.0,194.3796374,6.338,2,57197
230923,24,2010-12-10,0,2.0,41669.27,27.11,3.255,0.0,0.0,0.0,0.0,0.0,132.6764,8.275,3,203819
178740,19,2010-04-23,0,14.0,16116.63,46.87,3.021,0.0,0.0,0.0,0.0,0.0,132.0226667,8.185,3,203819
234147,24,2011-10-21,0,29.0,5406.14,56.6,3.757,0.0,0.0,0.0,0.0,0.0,136.5017742,8.454,3,203819
288589,30,2010-06-11,0,74.0,338.16,83.51,2.668,0.0,0.0,0.0,0.0,0.0,211.1120018,8.2,1,42988
119951,13,2010-07-30,0,27.0,1540.57,78.94,2.797,0.0,0.0,0.0,0.0,0.0,126.1069032,7.951,3,219622
79026,9,2010-02-05,0,24.0,2531.06,38.01,2.572,0.0,0.0,0.0,0.0,0.0,214.6554591,6.415,2,125833
247470,25,2012-09-21,0,83.0,174.32,57.6,4.038,7709.27,17.82,61.88,802.77,8294.38,215.5475459,7.28,2,128107
337919,35,2011-10-07,0,87.0,10580.61,56.91,3.583,0.0,0.0,0.0,0.0,0.0,140.43475,8.745,2,103681
318571,33,2011-07-08,0,94.0,28713.4,96.44,3.793,0.0,0.0,0.0,0.0,0.0,129.1125,8.442,3,39690
353902,37,2012-05-18,0,83.0,2460.43,73.7,3.63,391.4,0.0,0.0,0.0,1697.98,220.4252149,6.989,1,39910
199886,21,2010-07-16,0,7.0,23965.45,85.61,2.623,0.0,0.0,0.0,0.0,0.0,210.7577954,8.099,2,140167
48146,5,2012-08-03,0,2.0,12728.16,86.91,3.417,7365.26,14.48,0.7,3640.7,2517.31,222.5385111,5.603,2,34875
53508,6,2011-04-22,0,95.0,96574.43,74.24,3.807,0.0,0.0,0.0,0.0,0.0,217.0146941,6.855,3,202505
337370,35,2011-08-12,0,49.0,15.0,76.67,3.812,0.0,0.0,0.0,0.0,0.0,140.0859873,8.684,2,103681
217395,22,2012-10-05,0,9.0,20351.64,62.09,4.027,5294.37,0.0,4.25,1447.19,3652.84,142.8516833,7.543,2,119557
40690,5,2010-04-23,0,79.0,4604.24,65.13,2.795,0.0,0.0,0.0,0.0,0.0,210.9891204,6.465,2,34875
231843,24,2011-03-11,0,9.0,10063.4,39.51,3.752,0.0,0.0,0.0,0.0,0.0,133.7361429,8.252,3,203819
298493,31,2011-01-21,0,18.0,1121.73,42.72,3.016,0.0,0.0,0.0,0.0,0.0,211.4864691,8.028,3,203750
780,1,2010-04-16,0,11.0,19991.95,66.32,2.808,0.0,0.0,0.0,0.0,0.0,210.4887,7.808,3,151315
368169,39,2011-08-26,0,27.0,1866.47,86.49,3.523,0.0,0.0,0.0,0.0,0.0,214.4878416,8.177,3,184109
140478,15,2010-08-06,0,19.0,1117.88,72.7,2.942,0.0,0.0,0.0,0.0,0.0,132.6141935,8.099,2,123737
197596,20,2012-08-24,0,13.0,59604.71,68.27,3.834,6125.02,53.4,84.62,9638.85,8710.31,214.9567044,7.28,3,203742
419582,45,2011-10-14,0,8.0,34328.78,63.82,3.541,0.0,0.0,0.0,0.0,0.0,187.6917481,8.523,2,118221
419214,45,2011-09-02,0,49.0,56.43,70.63,3.703,0.0,0.0,0.0,0.0,0.0,186.6189274,8.625,2,118221
391506,41,2012-07-13,0,34.0,12240.81,67.24,3.613,6062.57,85.84,1.6,1805.08,2636.17,197.8788621,6.432,3,196321
351254,37,2011-05-27,0,56.0,384.76,81.28,3.786,0.0,0.0,0.0,0.0,0.0,214.2408462,8.3,1,39910
163359,17,2011-07-29,0,78.0,20.0,68.59,3.574,0.0,0.0,0.0,0.0,0.0,129.1677097,6.745,2,93188
311706,32,2011-11-18,0,87.0,6453.53,42.61,3.479,4971.23,662.96,48.08,556.43,6452.61,195.7184713,8.513,3,203007
230294,24,2010-10-08,0,7.0,18994.13,54.82,2.903,0.0,0.0,0.0,0.0,0.0,132.7516667,8.275,3,203819
415500,45,2010-08-13,0,82.0,10100.44,78.44,2.805,0.0,0.0,0.0,0.0,0.0,182.6226346,8.743,2,118221
49759,6,2010-04-16,0,56.0,19392.91,65.68,2.808,0.0,0.0,0.0,0.0,0.0,211.9942765,7.092,3,202505
116940,12,2012-07-06,0,74.0,15624.59,89.13,3.765,10804.73,-0.6,3.33,5397.84,4395.03,130.7196333,10.926,2,112238
63522,7,2011-04-15,0,32.0,3602.32,27.79,3.611,0.0,0.0,0.0,0.0,0.0,192.4225954,8.595,2,70713
235246,24,2012-02-03,0,72.0,72993.95,38.61,3.796,65021.23,4189.09,254.01,47452.43,7146.25,137.0632581,8.659,3,203819
3749,1,2011-02-04,0,30.0,3521.78,42.27,2.989,0.0,0.0,0.0,0.0,0.0,212.5668812,7.742,3,151315
254057,26,2011-10-28,0,38.0,96023.87,35.06,3.604,0.0,0.0,0.0,0.0,0.0,136.4884516,7.598,3,152513
160436,17,2010-10-01,0,8.0,20345.48,60.07,2.853,0.0,0.0,0.0,0.0,0.0,126.2346,6.885,2,93188
4298,1,2011-03-25,0,48.0,334.0,69.97,3.473,0.0,0.0,0.0,0.0,0.0,214.5999389,7.742,3,151315
221188,23,2011-01-21,0,3.0,20975.77,15.58,3.232,0.0,0.0,0.0,0.0,0.0,133.0285161,5.114,2,114533
4826,1,2011-05-20,0,52.0,2276.95,67.63,3.907,0.0,0.0,0.0,0.0,0.0,215.7339202,7.682,3,151315
118629,13,2010-03-26,0,50.0,2938.0,41.48,2.819,0.0,0.0,0.0,0.0,0.0,126.6050645,8.316,3,219622
67161,7,2012-04-27,0,74.0,9625.52,51.49,3.927,819.48,0.0,45.94,49.82,1209.89,197.664546,8.09,2,70713
194937,20,2011-12-09,0,21.0,16648.95,41.64,3.415,9458.19,81.5,791.04,5254.23,11447.14,211.8667856,7.082,3,203742
390163,41,2012-03-02,0,46.0,28774.75,27.39,3.191,11028.34,3211.73,21.0,15693.13,1736.73,196.9565303,6.589,3,196321
123198,13,2011-06-03,0,22.0,13705.26,52.76,3.752,0.0,0.0,0.0,0.0,0.0,129.0490323,7.193,3,219622
296188,31,2010-06-11,0,19.0,2.0,83.51,2.668,0.0,0.0,0.0,0.0,0.0,211.1120018,8.2,3,203750
319760,33,2011-12-30,1,18.0,723.0,51.6,3.428,384.37,1919.79,4.95,25.2,556.38,130.0710323,8.01,3,39690
19133,2,2012-06-15,0,93.0,80194.39,80.56,3.393,8573.41,195.0,0.19,4455.38,5288.61,221.4009901,6.891,3,202307
416138,45,2010-10-22,0,34.0,12696.0,53.15,2.917,0.0,0.0,0.0,0.0,0.0,182.8558685,8.724,2,118221
49095,6,2010-02-12,1,95.0,81532.73,40.57,2.548,0.0,0.0,0.0,0.0,0.0,212.7700425,7.259,3,202505
363310,39,2010-04-16,0,98.0,8285.19,66.33,2.808,0.0,0.0,0.0,0.0,0.0,209.2691428,8.464,3,184109
337237,35,2011-07-29,0,6.0,7074.61,79.41,3.829,0.0,0.0,0.0,0.0,0.0,139.8933099,8.684,2,103681
108442,12,2010-02-12,1,11.0,16909.89,47.87,2.946,0.0,0.0,0.0,0.0,0.0,126.4962581,13.975,2,112238
257022,26,2012-08-17,0,17.0,8158.51,65.54,3.84,2430.95,16.0,5.54,829.7,3038.77,138.1857097,7.405,3,152513
344252,36,2011-04-01,0,97.0,6236.99,67.31,3.529,0.0,0.0,0.0,0.0,0.0,213.5776701,8.3,3,39910
177336,18,2012-09-07,1,6.0,2772.12,71.85,3.921,5817.03,3.0,99.56,346.88,4664.82,138.4729355,8.535,2,120653
104015,11,2011-09-02,0,42.0,7391.77,91.44,3.533,0.0,0.0,0.0,0.0,0.0,219.1501106,7.567,3,207499
422839,45,2012-09-14,0,79.0,14044.41,67.87,3.948,11407.95,0.0,4.3,3421.72,5268.92,191.69985,8.684,2,118221
404801,43,2012-03-09,0,13.0,18959.52,54.52,3.669,392.09,0.5,0.0,0.0,1293.41,212.5185936,9.653,1,41062
378096,40,2011-08-19,0,26.0,4520.79,64.05,3.82,0.0,0.0,0.0,0.0,0.0,136.183129,4.584,3,155083
108189,11,2012-10-19,0,33.0,5303.65,73.77,3.594,2344.65,0.0,153.97,409.53,2739.63,226.9688442,6.034,3,207499
311663,32,2011-11-11,0,4.0,30197.91,38.1,3.505,21104.84,7842.47,47.56,3908.03,4246.86,195.6376941,8.513,3,203007
250166,26,2010-09-24,0,72.0,26716.09,52.47,2.718,0.0,0.0,0.0,0.0,0.0,132.7619333,8.445,3,152513
158529,17,2010-03-19,0,14.0,9724.42,33.96,2.782,0.0,0.0,0.0,0.0,0.0,126.6066452,6.548,2,93188
205380,21,2012-02-10,1,80.0,45.42,46.52,3.409,26115.19,3985.95,13.1,16646.38,7628.83,219.9049073,7.057,2,140167
70611,8,2010-07-09,0,60.0,246.4,72.49,2.642,0.0,0.0,0.0,0.0,0.0,214.4729952,6.315,3,155078
399054,42,2012-08-17,0,23.0,44.71,88.83,4.002,246.98,0.0,24.22,13.23,3098.22,130.7909677,7.17,1,39690
374766,40,2010-09-24,0,3.0,5772.78,55.63,2.718,0.0,0.0,0.0,0.0,0.0,132.7619333,5.326,3,155083
307502,32,2010-10-01,0,2.0,50229.99,66.14,2.759,0.0,0.0,0.0,0.0,0.0,190.6738241,9.137,3,203007
393930,42,2010-08-13,0,91.0,51588.97,88.37,3.049,0.0,0.0,0.0,0.0,0.0,126.064,9.199,1,39690
113725,12,2011-08-12,0,25.0,18835.58,91.04,3.701,0.0,0.0,0.0,0.0,0.0,129.2015806,13.503,2,112238
339206,35,2012-02-17,0,59.0,41.37,37.24,3.695,20207.59,7982.96,2.64,9522.98,10733.96,141.2140357,8.744,2,103681
260159,27,2010-09-24,0,31.0,2943.92,67.08,2.837,0.0,0.0,0.0,0.0,0.0,136.6317821,7.982,3,204184
157243,16,2012-08-10,0,31.0,850.74,70.24,3.509,7036.67,11.2,11.0,3031.99,2296.61,198.0795651,6.061,2,57197
303023,31,2012-04-13,0,38.0,73284.06,69.03,3.891,6352.11,4720.65,13.89,1482.03,3076.8,221.1484028,6.891,3,203750
244576,25,2011-12-02,0,23.0,19490.69,42.85,3.452,3425.95,34.0,1200.12,4106.92,15164.5,211.6394306,7.082,2,128107
293749,30,2012-06-01,0,6.0,15.88,79.24,3.501,553.39,0.0,0.0,0.0,7048.24,221.3852748,6.891,1,42988
179845,19,2010-08-13,0,24.0,5802.78,72.71,2.923,0.0,0.0,0.0,0.0,0.0,132.63,8.099,3,203819
852,1,2010-04-23,0,59.0,897.87,64.84,2.795,0.0,0.0,0.0,0.0,0.0,210.4391228,7.808,3,151315
313044,32,2012-03-23,0,1.0,21955.95,47.64,3.664,6403.49,147.83,4.54,3324.67,3312.99,197.2295234,8.256,3,203007
207485,21,2012-09-14,0,29.0,4206.79,76.1,3.717,6761.03,0.0,9.73,1332.23,3359.45,222.2174395,6.565,2,140167
109486,12,2010-05-28,0,9.0,25443.39,67.84,3.058,0.0,0.0,0.0,0.0,0.0,126.1602258,14.099,2,112238
85605,9,2012-02-24,0,38.0,81029.03,53.67,3.555,3801.98,4010.13,1.0,586.06,7315.09,224.3741384,5.667,2,125833
70251,8,2010-06-04,0,29.0,2587.0,75.71,2.705,0.0,0.0,0.0,0.0,0.0,214.5422806,6.29,3,155078
330939,34,2012-07-13,0,17.0,6918.94,74.02,3.224,2691.41,20.2,16.91,806.44,3029.0,130.683,9.285,3,158114
287998,30,2010-03-19,0,6.0,33.74,54.68,2.72,0.0,0.0,0.0,0.0,0.0,210.8733316,8.324,1,42988
227964,24,2010-02-19,0,12.0,3946.57,31.05,2.909,0.0,0.0,0.0,0.0,0.0,131.637,8.326,3,203819
218763,23,2010-05-21,0,98.0,4.0,57.94,2.961,0.0,0.0,0.0,0.0,0.0,132.2230323,5.435,2,114533
418442,45,2011-06-17,0,28.0,422.85,69.32,3.842,0.0,0.0,0.0,0.0,0.0,185.6719333,8.521,2,118221
241762,25,2011-02-18,0,7.0,11332.29,38.42,3.245,0.0,0.0,0.0,0.0,0.0,206.3694701,7.343,2,128107
134084,14,2011-08-05,0,74.0,29255.49,78.22,3.842,0.0,0.0,0.0,0.0,0.0,186.3734038,8.625,3,200898
291836,30,2011-09-02,0,91.0,27778.78,91.94,3.533,0.0,0.0,0.0,0.0,0.0,215.4508632,7.852,1,42988
78337,8,2012-08-31,0,38.0,60044.63,75.33,3.638,10297.42,21.6,17.16,3952.93,3198.02,225.8786088,5.401,3,155078
58010,6,2012-07-06,0,87.0,51617.84,82.95,3.227,6087.24,254.9,205.95,3655.34,5715.69,223.4919851,5.668,3,202505
177929,19,2010-02-05,0,34.0,16842.33,20.96,2.954,0.0,0.0,0.0,0.0,0.0,131.5279032,8.35,3,203819
352432,37,2011-11-04,0,25.0,32.8,58.97,3.332,0.0,0.0,0.0,0.0,0.0,216.5634344,7.716,1,39910
60165,7,2010-05-07,0,9.0,18413.08,40.07,2.771,0.0,0.0,0.0,0.0,0.0,189.5312483,8.963,2,70713
178168,19,2010-02-26,0,94.0,37419.53,30.33,2.91,0.0,0.0,0.0,0.0,0.0,131.686,8.35,3,203819
195234,20,2012-01-06,0,9.0,14997.16,33.42,3.422,9273.46,45971.43,207.6,1365.38,5460.86,212.5711125,6.961,3,203742
298150,31,2010-12-24,0,83.0,9000.36,51.29,2.886,0.0,0.0,0.0,0.0,0.0,211.0646599,8.163,3,203750
384842,41,2010-09-24,0,40.0,50785.55,60.11,2.793,0.0,0.0,0.0,0.0,0.0,190.5713264,7.335,3,196321
169643,18,2010-07-23,0,21.0,5049.76,75.71,2.784,0.0,0.0,0.0,0.0,0.0,132.5825806,9.342,2,120653
112340,12,2011-03-25,0,22.0,12098.11,54.4,3.909,0.0,0.0,0.0,0.0,0.0,128.6160645,14.021,2,112238
117201,12,2012-08-03,0,35.0,2063.16,88.16,3.76,41059.39,69.7,45.73,22802.96,2743.18,130.737871,10.926,2,112238
126890,13,2012-05-25,0,44.0,9134.7,62.39,3.801,7282.07,0.0,416.15,1048.83,7293.87,131.0287742,5.965,3,219622
67315,7,2012-05-11,0,98.0,268.51,48.54,3.87,24426.8,0.0,4.8,402.53,2012.64,197.5481609,8.09,2,70713
32368,4,2010-10-22,0,58.0,6194.97,64.17,2.736,0.0,0.0,0.0,0.0,0.0,126.3815484,7.127,3,205863
153013,16,2011-05-27,0,52.0,1456.99,45.17,3.795,0.0,0.0,0.0,0.0,0.0,192.8365651,6.339,2,57197
181980,19,2011-03-11,0,35.0,2906.94,35.59,3.752,0.0,0.0,0.0,0.0,0.0,133.7361429,7.771,3,203819
137962,14,2012-08-24,0,18.0,45.73,72.62,3.834,6647.88,34.56,255.31,6931.8,9414.1,191.3448865,8.684,3,200898
237824,24,2012-10-12,0,94.0,49200.29,51.64,4.186,5138.51,0.0,141.88,407.81,3284.69,138.9117,8.693,3,203819
206731,21,2012-06-29,0,29.0,4804.86,88.05,3.286,5130.81,38.3,0.0,1849.32,3879.62,221.4813343,6.891,2,140167
154052,16,2011-09-16,0,14.0,7622.34,53.68,3.596,0.0,0.0,0.0,0.0,0.0,194.7419707,6.338,2,57197
172305,18,2011-04-15,0,85.0,1599.66,49.91,3.823,0.0,0.0,0.0,0.0,0.0,134.2784667,8.975,2,120653
156907,16,2012-07-06,0,25.0,5947.65,70.49,3.646,1559.36,68.8,13.1,420.62,6013.75,197.8322195,6.061,2,57197
262972,27,2011-06-24,0,12.0,4621.09,72.02,3.964,0.0,0.0,0.0,0.0,0.0,139.1832917,7.725,3,204184
31211,4,2010-07-02,0,6.0,7340.66,73.66,2.668,0.0,0.0,0.0,0.0,0.0,126.1392,7.372,3,205863
170003,18,2010-08-27,0,30.0,7697.24,67.05,2.77,0.0,0.0,0.0,0.0,0.0,132.6932258,9.342,2,120653
180828,19,2010-11-19,0,97.0,18572.44,44.22,3.138,0.0,0.0,0.0,0.0,0.0,132.9172,8.067,3,203819
376029,40,2011-01-28,0,85.0,1391.59,9.51,3.243,0.0,0.0,0.0,0.0,0.0,133.1059677,5.114,3,155083
199566,21,2010-06-11,0,28.0,617.6,83.51,2.668,0.0,0.0,0.0,0.0,0.0,211.1120018,8.2,2,140167
328227,34,2011-10-21,0,29.0,1345.77,58.93,3.361,0.0,0.0,0.0,0.0,0.0,129.7821613,10.148,3,158114
233677,24,2011-09-02,0,28.0,205.62,68.14,3.879,0.0,0.0,0.0,0.0,0.0,136.2440968,8.358,3,203819
268310,28,2010-02-26,0,97.0,25118.05,50.23,2.825,0.0,0.0,0.0,0.0,0.0,126.5522857,13.975,3,206302
133700,14,2011-06-24,0,55.0,14060.98,74.85,3.804,0.0,0.0,0.0,0.0,0.0,185.7919609,8.521,3,200898
311460,32,2011-10-21,0,40.0,57395.08,48.87,3.548,0.0,0.0,0.0,0.0,0.0,195.1789994,8.513,3,203007
307555,32,2010-10-01,0,20.0,4348.76,66.14,2.759,0.0,0.0,0.0,0.0,0.0,190.6738241,9.137,3,203007
52892,6,2011-02-25,0,3.0,11976.97,62.86,3.065,0.0,0.0,0.0,0.0,0.0,215.0679731,6.858,3,202505
79694,9,2010-04-23,0,2.0,21708.35,61.26,2.795,0.0,0.0,0.0,0.0,0.0,213.9496138,6.384,2,125833
29131,3,2012-09-07,1,30.0,1343.76,84.99,3.73,2266.83,19.0,8.31,419.87,926.86,225.9660263,6.334,2,37392
86858,9,2012-07-13,0,19.0,1520.63,82.39,3.256,3031.81,0.0,2.02,47.76,4554.39,225.6771463,5.277,2,125833
408067,44,2010-09-24,0,25.0,10.5,68.22,2.872,0.0,0.0,0.0,0.0,0.0,126.1900333,7.804,1,39910
286454,29,2012-06-22,0,92.0,24912.69,70.61,3.629,4524.86,492.8,0.99,1745.53,2589.37,138.1629,9.14,2,93638
315135,32,2012-10-19,0,81.0,16098.45,53.57,3.75,3331.15,0.0,3.96,120.51,3218.33,199.1481963,7.557,3,203007
385617,41,2010-12-10,0,83.0,3650.57,33.9,2.728,0.0,0.0,0.0,0.0,0.0,190.9741069,7.508,3,196321
214397,22,2011-12-02,0,81.0,11634.61,49.11,3.501,10739.64,0.0,926.79,3397.08,29944.71,140.4307857,7.706,2,119557
193706,20,2011-08-12,0,17.0,15693.12,73.52,3.812,0.0,0.0,0.0,0.0,0.0,208.7820061,7.274,3,203742
102756,11,2011-04-29,0,56.0,4816.22,79.97,3.81,0.0,0.0,0.0,0.0,0.0,219.0236099,7.574,3,207499
233944,24,2011-09-30,0,46.0,12677.26,68.0,3.858,0.0,0.0,0.0,0.0,0.0,136.4195,8.358,3,203819
78733,8,2012-10-12,0,16.0,4145.86,55.03,3.601,757.39,0.0,7.5,186.45,4830.34,226.9735448,5.124,3,155078
120798,13,2010-10-15,0,38.0,77061.88,54.12,2.845,0.0,0.0,0.0,0.0,0.0,126.3266774,7.795,3,219622
103475,11,2011-07-15,0,87.0,12989.45,88.3,3.575,0.0,0.0,0.0,0.0,0.0,218.7275216,7.567,3,207499
412200,44,2012-04-27,0,59.0,7.98,64.8,3.842,2489.9,0.0,3.98,16.6,821.26,131.1266667,5.621,1,39910
372329,39,2012-10-19,0,16.0,11548.88,71.45,3.594,2139.7,0.0,1.6,99.01,11831.06,222.0951719,6.228,3,184109
188393,20,2010-03-05,0,38.0,120605.01,31.75,2.777,0.0,0.0,0.0,0.0,0.0,204.4940734,8.187,3,203742
297886,31,2010-11-26,1,98.0,16195.83,62.96,2.735,0.0,0.0,0.0,0.0,0.0,211.4062867,8.163,3,203750
333780,35,2010-07-30,0,71.0,17280.32,79.78,2.781,0.0,0.0,0.0,0.0,0.0,136.4554021,8.861,2,103681
76478,8,2012-02-24,0,28.0,268.1,46.33,3.555,9712.39,4960.15,1.0,2441.26,5314.33,224.1809207,5.825,3,155078
120838,13,2010-10-22,0,27.0,2545.56,56.89,2.849,0.0,0.0,0.0,0.0,0.0,126.3815484,7.795,3,219622
32086,4,2010-10-01,0,5.0,41979.23,63.96,2.619,0.0,0.0,0.0,0.0,0.0,126.2346,7.127,3,205863
292922,30,2012-02-03,0,3.0,679.54,55.83,3.36,843.22,2.82,64.81,192.66,2393.21,219.8118854,7.057,1,42988
189777,20,2010-07-16,0,31.0,3160.6,75.14,2.783,0.0,0.0,0.0,0.0,0.0,204.3571656,7.527,3,203742
335797,35,2011-02-25,0,10.0,14341.15,33.05,3.274,0.0,0.0,0.0,0.0,0.0,137.3764439,8.549,2,103681
22528,3,2010-09-10,1,13.0,11999.38,80.84,2.565,0.0,0.0,0.0,0.0,0.0,214.8065431,7.346,2,37392
258904,27,2010-05-21,0,12.0,5002.63,63.31,3.096,0.0,0.0,0.0,0.0,0.0,136.0796521,8.058,3,204184
217469,22,2012-10-12,0,42.0,7966.05,54.18,4.029,1558.08,0.0,10.35,485.2,4291.26,142.9376167,7.543,2,119557
262268,27,2011-04-22,0,92.0,150714.67,50.02,4.061,0.0,0.0,0.0,0.0,0.0,138.2475036,7.725,3,204184
196283,20,2012-04-13,0,22.0,10373.36,45.68,4.044,9671.84,7934.59,68.02,2515.97,2667.15,214.3127027,7.139,3,203742
254449,26,2011-12-02,0,11.0,13767.95,36.74,3.501,3343.0,9.0,955.74,1187.26,14774.79,136.4909333,7.598,3,152513
239837,25,2010-08-06,0,26.0,2763.44,71.79,2.784,0.0,0.0,0.0,0.0,0.0,204.7293252,7.527,2,128107
404081,43,2011-11-18,0,98.0,11045.38,57.75,3.308,32.13,3.37,2.56,0.0,1004.04,209.8651071,10.148,1,41062
373332,40,2010-04-30,0,31.0,1091.54,46.5,2.935,0.0,0.0,0.0,0.0,0.0,132.0644333,5.435,3,155083
358060,38,2011-03-18,0,94.0,21272.92,64.21,3.692,0.0,0.0,0.0,0.0,0.0,128.5121935,14.021,1,39690
119406,13,2010-06-04,0,94.0,79093.32,59.85,2.871,0.0,0.0,0.0,0.0,0.0,126.1360645,8.107,3,219622
271411,28,2010-12-31,1,56.0,46.12,45.64,3.148,0.0,0.0,0.0,0.0,0.0,127.0876774,14.313,3,206302
115812,12,2012-03-16,0,71.0,10540.75,64.44,4.273,9582.27,731.87,4.02,1589.97,2365.63,130.8261935,12.187,2,112238
378939,40,2011-11-11,0,56.0,870.75,40.75,3.57,10215.77,4613.06,191.71,3200.57,4230.85,136.4618065,4.42,3,155083
34385,4,2011-05-13,0,24.0,8225.3,70.65,3.872,0.0,0.0,0.0,0.0,0.0,129.089,5.946,3,205863
104823,11,2011-11-25,1,5.0,113522.16,70.03,3.236,531.09,74.35,71081.98,3.0,1676.85,221.9011185,7.197,3,207499
402240,43,2011-02-18,0,18.0,2919.79,59.15,3.045,0.0,0.0,0.0,0.0,0.0,205.1683214,10.398,1,41062
109124,12,2010-04-23,0,83.0,151.72,64.55,3.05,0.0,0.0,0.0,0.0,0.0,126.4713333,14.099,2,112238
399275,42,2012-09-14,0,5.0,417.94,78.47,3.966,745.27,0.0,46.65,0.0,945.84,130.9776667,7.17,1,39690
298648,31,2011-02-11,1,36.0,210.5,34.61,3.022,0.0,0.0,0.0,0.0,0.0,212.5928624,8.028,3,203750
282698,29,2011-05-27,0,81.0,5753.75,62.59,4.034,0.0,0.0,0.0,0.0,0.0,134.7677742,9.966,2,93638
416079,45,2010-10-15,0,95.0,50083.35,58.61,2.868,0.0,0.0,0.0,0.0,0.0,182.8106203,8.724,2,118221
175480,18,2012-03-09,0,20.0,8206.73,38.1,3.876,7410.18,368.19,25.46,1852.39,2332.07,137.5066897,8.075,2,120653
275483,28,2012-02-10,1,3.0,12743.12,52.27,3.722,20097.48,2774.5,66.42,16822.46,8228.86,130.3849032,12.187,3,206302
406740,44,2010-03-19,0,90.0,27085.22,42.49,2.782,0.0,0.0,0.0,0.0,0.0,126.6066452,8.119,1,39910
324251,34,2010-09-24,0,71.0,1556.38,69.78,2.642,0.0,0.0,0.0,0.0,0.0,126.1900333,9.816,3,158114
31809,4,2010-09-03,0,46.0,33399.06,76.8,2.584,0.0,0.0,0.0,0.0,0.0,126.1019355,7.372,3,205863
175119,18,2012-01-27,0,8.0,24540.94,30.44,3.568,3237.56,3060.93,0.0,22.5,653.02,136.9598387,8.075,2,120653
29140,3,2012-09-07,1,59.0,5.24,84.99,3.73,2266.83,19.0,8.31,419.87,926.86,225.9660263,6.334,2,37392
253474,26,2011-08-26,0,10.0,11371.67,61.1,3.796,0.0,0.0,0.0,0.0,0.0,136.2136129,7.767,3,152513
73947,8,2011-06-10,0,49.0,1902.64,82.21,3.648,0.0,0.0,0.0,0.0,0.0,218.4508115,6.297,3,155078
206763,21,2012-06-29,0,72.0,30347.52,88.05,3.286,5130.81,38.3,0.0,1849.32,3879.62,221.4813343,6.891,2,140167
228387,24,2010-04-02,0,3.0,9195.43,45.22,2.957,0.0,0.0,0.0,0.0,0.0,131.9019677,8.211,3,203819
300984,31,2011-09-30,0,10.0,23116.89,78.91,3.355,0.0,0.0,0.0,0.0,0.0,216.3620333,7.852,3,203750
394102,42,2010-09-03,0,8.0,17750.45,83.8,3.087,0.0,0.0,0.0,0.0,0.0,126.1019355,9.199,1,39690
104162,11,2011-09-16,0,42.0,5939.84,85.11,3.526,0.0,0.0,0.0,0.0,0.0,219.3972867,7.567,3,207499
135734,14,2012-01-13,0,2.0,73189.45,41.18,3.513,4605.8,21593.85,636.54,727.57,4054.79,189.3260962,8.424,3,200898
185389,19,2012-02-10,1,42.0,6208.72,32.61,3.826,12739.73,8415.91,279.21,16150.68,7888.04,137.1666774,7.943,3,203819
65717,7,2011-12-02,0,93.0,1499.68,20.38,3.378,2229.32,6.47,738.42,1630.88,11534.89,195.8223287,8.513,2,70713
115967,12,2012-03-30,0,28.0,894.16,64.36,4.294,13644.08,115.67,8.34,1885.51,2291.86,130.9670968,12.187,2,112238
174542,18,2011-12-02,0,82.0,17456.1,46.25,3.501,4614.36,7.0,1389.17,2419.58,23235.01,136.4909333,8.471,2,120653
220555,23,2010-11-19,0,4.0,22974.29,41.66,3.03,0.0,0.0,0.0,0.0,0.0,132.9172,5.287,2,114533
24437,3,2011-04-08,0,72.0,18436.12,72.55,3.622,0.0,0.0,0.0,0.0,0.0,218.4553663,7.574,2,37392
9760,1,2012-09-14,0,18.0,649.09,74.97,3.717,17212.52,7.0,18.79,1523.11,7992.72,222.5820193,6.908,3,151315
216211,22,2012-06-01,0,3.0,6377.62,70.01,3.798,16432.28,7.6,73.36,3723.8,3331.57,142.1095438,7.671,2,119557
176261,18,2012-05-25,0,42.0,6828.2,65.48,3.85,12179.37,0.0,251.38,2595.31,1605.36,138.1101935,8.304,2,120653
292060,30,2011-10-07,0,7.0,208.99,71.64,3.285,0.0,0.0,0.0,0.0,0.0,216.6958311,7.441,1,42988
374182,40,2010-07-23,0,48.0,334.0,71.79,2.784,0.0,0.0,0.0,0.0,0.0,132.5825806,5.326,3,155083
422576,45,2012-08-17,0,21.0,3529.85,75.71,3.807,3657.79,6.0,0.3,1630.5,3794.22,191.2284919,8.684,2,118221
270922,28,2010-11-12,0,5.0,31246.83,57.79,3.13,0.0,0.0,0.0,0.0,0.0,126.5461613,14.313,3,206302
153399,16,2011-07-08,0,52.0,1338.89,65.0,3.54,0.0,0.0,0.0,0.0,0.0,193.1878448,6.338,2,57197
140663,15,2010-08-20,0,8.0,20933.76,71.1,2.913,0.0,0.0,0.0,0.0,0.0,132.6616129,8.099,2,123737
50050,6,2010-05-14,0,48.0,591.0,74.95,2.854,0.0,0.0,0.0,0.0,0.0,211.8421769,7.092,3,202505
404965,43,2012-03-30,0,90.0,59357.35,69.88,3.845,144.85,0.0,0.0,0.0,470.29,212.8142212,9.653,1,41062
34608,4,2011-06-03,0,4.0,57563.3,78.26,3.683,0.0,0.0,0.0,0.0,0.0,129.0490323,5.946,3,205863
159815,17,2010-07-30,0,87.0,8922.05,69.96,2.797,0.0,0.0,0.0,0.0,0.0,126.1069032,6.697,2,93188
243593,25,2011-08-26,0,22.0,6436.36,66.8,3.704,0.0,0.0,0.0,0.0,0.0,208.902476,7.274,2,128107
334686,35,2010-11-05,0,30.0,5255.78,45.91,2.917,0.0,0.0,0.0,0.0,0.0,136.7862258,8.763,2,103681
171535,18,2011-01-28,0,79.0,16561.92,14.84,3.243,0.0,0.0,0.0,0.0,0.0,133.1059677,9.131,2,120653
235656,24,2012-03-16,0,27.0,1915.99,48.68,4.021,10310.26,920.9,1.02,3250.66,1844.03,137.5843871,8.659,3,203819
85358,9,2012-01-27,0,10.0,9477.97,49.38,3.29,489.19,283.85,0.0,22.5,2888.79,223.8060527,5.667,2,125833
205110,21,2012-01-13,0,98.0,46.46,45.0,3.261,4873.12,13367.98,0.46,396.66,1861.16,219.5328198,7.057,2,140167
257639,26,2012-10-19,0,6.0,2848.42,43.51,4.0,1697.09,0.0,2.64,106.35,2481.19,138.8336129,7.138,3,152513
132847,14,2011-04-01,0,5.0,28555.25,37.27,3.638,0.0,0.0,0.0,0.0,0.0,185.1790167,8.521,3,200898
81035,9,2010-09-24,0,33.0,1684.32,77.15,2.624,0.0,0.0,0.0,0.0,0.0,215.1378313,6.442,2,125833
278326,29,2010-02-19,0,13.0,16818.5,31.96,2.747,0.0,0.0,0.0,0.0,0.0,131.637,10.064,2,93638
8555,1,2012-05-18,0,46.0,19612.54,70.33,3.63,6154.14,0.0,45.11,1675.49,5508.18,221.742674,7.143,3,151315
164032,17,2011-09-30,0,49.0,154.44,61.4,3.623,0.0,0.0,0.0,0.0,0.0,129.6060667,6.745,2,93188
296298,31,2010-06-25,0,7.0,20205.83,87.01,2.653,0.0,0.0,0.0,0.0,0.0,210.9950134,8.2,3,203750
84626,9,2011-11-11,0,59.0,85.0,58.28,3.297,3235.06,1645.11,63.15,1580.98,2209.21,221.6482278,6.054,2,125833
354710,37,2012-09-07,1,56.0,12.0,84.19,3.73,319.93,0.0,251.31,354.73,2145.98,221.1181142,6.623,1,39910
275492,28,2012-02-10,1,37.0,2167.64,52.27,3.722,20097.48,2774.5,66.42,16822.46,8228.86,130.3849032,12.187,3,206302
407011,44,2010-04-23,0,32.0,22.0,55.66,2.936,0.0,0.0,0.0,0.0,0.0,126.4713333,7.972,1,39910
185984,19,2012-04-13,0,24.0,4716.93,44.42,4.187,5254.86,12590.76,22.55,1818.94,3264.93,137.868,8.15,3,203819
212518,22,2011-05-20,0,18.0,107.1,58.56,4.101,0.0,0.0,0.0,0.0,0.0,138.587106,8.252,2,119557
80271,9,2010-07-02,0,41.0,254.0,78.55,2.669,0.0,0.0,0.0,0.0,0.0,214.7765028,6.442,2,125833
118388,13,2010-03-05,0,7.0,43562.7,40.65,2.681,0.0,0.0,0.0,0.0,0.0,126.5782857,8.316,3,219622
235846,24,2012-03-30,0,20.0,6003.72,47.28,4.098,11314.86,475.99,4.0,5456.51,1749.37,137.7261935,8.659,3,203819
232034,24,2011-03-25,0,6.0,3746.25,36.88,3.789,0.0,0.0,0.0,0.0,0.0,133.9587419,8.252,3,203819
305173,32,2010-02-12,1,60.0,1029.6,28.09,2.572,0.0,0.0,0.0,0.0,0.0,189.4642725,9.014,3,203007
284669,29,2011-12-16,0,35.0,2551.73,39.11,3.445,1779.72,0.0,547.17,1211.18,6777.33,136.5335161,9.357,2,93638
395858,42,2011-05-27,0,92.0,68595.87,78.62,3.933,0.0,0.0,0.0,0.0,0.0,129.0623548,8.494,1,39690
49821,6,2010-04-23,0,54.0,224.0,64.11,2.795,0.0,0.0,0.0,0.0,0.0,211.9442745,7.092,3,202505
102021,11,2011-02-18,0,12.0,4604.84,61.5,3.045,0.0,0.0,0.0,0.0,0.0,216.5843571,7.551,3,207499
261000,27,2010-12-17,0,46.0,41914.56,31.62,3.301,0.0,0.0,0.0,0.0,0.0,136.5292811,8.021,3,204184
215384,22,2012-03-09,0,97.0,4439.26,41.72,3.876,7634.61,348.71,0.5,1351.75,5563.8,141.4742857,7.503,2,119557
334118,35,2010-09-03,0,58.0,6638.0,78.52,2.715,0.0,0.0,0.0,0.0,0.0,136.5891118,8.861,2,103681
254888,26,2012-01-13,0,18.0,1107.62,25.55,3.523,2153.82,6050.57,62.24,275.03,2511.4,136.753,7.467,3,152513
325027,34,2010-12-10,0,92.0,68882.62,41.93,2.86,0.0,0.0,0.0,0.0,0.0,126.7934,10.21,3,158114
353368,37,2012-03-09,0,11.0,1392.02,63.19,3.669,1024.83,2.0,10.7,0.0,2304.93,219.7437314,7.244,1,39910
134134,14,2011-08-12,0,41.0,4206.72,77.0,3.812,0.0,0.0,0.0,0.0,0.0,186.4512115,8.625,3,200898
49743,6,2010-04-16,0,44.0,7079.66,65.68,2.808,0.0,0.0,0.0,0.0,0.0,211.9942765,7.092,3,202505
195555,20,2012-02-03,0,38.0,128409.74,39.93,3.617,58928.52,8766.77,226.27,53603.99,8301.25,213.0236225,6.961,3,203742
166014,17,2012-04-20,0,33.0,3486.16,47.69,3.845,2570.29,1288.35,2.1,341.52,2157.85,131.1173333,6.235,2,93188
129728,14,2010-05-28,0,52.0,2181.34,69.27,2.899,0.0,0.0,0.0,0.0,0.0,182.0464181,8.899,3,200898
395266,42,2011-02-25,0,9.0,141.38,53.59,3.398,0.0,0.0,0.0,0.0,0.0,128.13,8.744,1,39690
130578,14,2010-08-20,0,40.0,72884.18,76.01,2.779,0.0,0.0,0.0,0.0,0.0,182.6165205,8.743,3,200898
310155,32,2011-06-17,0,19.0,1241.78,67.38,3.697,0.0,0.0,0.0,0.0,0.0,192.9034759,8.595,3,203007
405301,43,2012-05-18,0,72.0,124.56,72.06,3.63,939.16,0.0,0.0,0.0,1477.98,213.1753618,9.575,1,41062
86286,9,2012-05-11,0,95.0,35867.0,70.94,3.688,4727.8,0.0,1.04,356.78,1077.81,225.4782634,5.539,2,125833
31341,4,2010-07-16,0,49.0,5869.58,78.53,2.621,0.0,0.0,0.0,0.0,0.0,126.1498065,7.372,3,205863
199013,21,2010-04-16,0,51.0,3.16,67.87,2.808,0.0,0.0,0.0,0.0,0.0,210.1495463,8.2,2,140167
225218,23,2012-02-24,0,6.0,5989.09,31.12,3.751,18500.67,10478.33,0.0,7541.62,7320.47,137.3411034,4.261,2,114533
211367,22,2011-01-21,0,42.0,6144.2,26.8,3.232,0.0,0.0,0.0,0.0,0.0,136.8870657,8.458,2,119557
168699,18,2010-04-16,0,92.0,38430.27,50.26,2.885,0.0,0.0,0.0,0.0,0.0,131.9809,9.269,2,120653
241850,25,2011-02-25,0,59.0,509.79,28.36,3.274,0.0,0.0,0.0,0.0,0.0,206.6424093,7.343,2,128107
403993,43,2011-11-11,0,2.0,18707.78,51.26,3.297,179.25,944.52,3.06,0.0,2836.25,209.6632811,10.148,1,41062
48112,5,2012-07-27,0,27.0,269.96,85.06,3.407,2696.67,7.75,0.36,3104.68,2152.23,222.5297234,5.603,2,34875
45515,5,2011-10-14,0,23.0,4194.35,72.36,3.274,0.0,0.0,0.0,0.0,0.0,217.9237458,6.3,2,34875
398890,42,2012-07-20,0,59.0,12.67,84.45,3.589,200.92,0.0,4.48,0.0,1026.11,130.7012903,7.17,1,39690
53457,6,2011-04-15,0,44.0,5836.69,73.17,3.743,0.0,0.0,0.0,0.0,0.0,216.8446627,6.855,3,202505
369,1,2010-03-12,0,97.0,31197.12,57.79,2.667,0.0,0.0,0.0,0.0,0.0,211.3806429,8.106,3,151315
120493,13,2010-09-17,0,72.0,67413.0,66.84,2.875,0.0,0.0,0.0,0.0,0.0,126.1454667,7.951,3,219622
324201,34,2010-09-24,0,79.0,15342.84,69.78,2.642,0.0,0.0,0.0,0.0,0.0,126.1900333,9.816,3,158114
49482,6,2010-03-19,0,98.0,9377.77,56.55,2.72,0.0,0.0,0.0,0.0,0.0,212.7351935,7.259,3,202505
211264,22,2011-01-07,0,36.0,1127.0,32.56,3.193,0.0,0.0,0.0,0.0,0.0,136.7332569,8.458,2,119557
38589,4,2012-06-22,0,49.0,6613.23,81.63,3.329,6619.2,351.22,3.48,5390.02,10920.89,130.7929,4.308,3,205863
226336,23,2012-06-15,0,3.0,12100.55,64.73,3.683,4810.62,442.3,41.03,1361.6,2213.38,138.1295333,4.125,2,114533
88780,10,2010-04-30,0,41.0,2929.43,69.76,3.105,0.0,0.0,0.0,0.0,0.0,126.3805667,9.524,2,126512
144261,15,2011-08-26,0,9.0,18627.19,69.19,3.906,0.0,0.0,0.0,0.0,0.0,136.2136129,7.806,2,123737
76207,8,2012-01-27,0,33.0,2707.3,45.52,3.29,6065.01,730.16,15.18,30.28,24241.12,223.6133539,5.825,3,155078
249519,26,2010-07-16,0,52.0,1298.06,67.66,2.796,0.0,0.0,0.0,0.0,0.0,132.5667742,8.445,3,152513
124784,13,2011-11-04,0,93.0,51405.72,43.51,3.538,0.0,0.0,0.0,0.0,0.0,129.8051935,6.392,3,219622
413881,45,2010-02-26,0,94.0,5.88,34.89,2.754,0.0,0.0,0.0,0.0,0.0,182.0774691,8.992,2,118221
24698,3,2011-05-06,0,81.0,1416.49,69.45,3.906,0.0,0.0,0.0,0.0,0.0,219.1959827,7.574,2,37392
287150,29,2012-09-07,1,34.0,8619.23,73.3,3.921,6434.83,49.02,42.16,1096.81,3319.92,138.4729355,9.419,2,93638
164741,17,2011-12-16,0,94.0,525.0,21.07,3.282,3356.86,0.03,38.78,1286.21,2618.88,129.8980645,6.617,2,93188
11362,2,2010-05-14,0,54.0,513.0,73.31,2.854,0.0,0.0,0.0,0.0,0.0,209.9984585,8.2,3,202307
345654,36,2011-11-11,0,93.0,19444.25,63.5,3.254,65.32,519.25,0.0,0.0,1334.56,216.7217373,7.716,3,39910
132909,14,2011-04-08,0,19.0,152.67,48.71,3.72,0.0,0.0,0.0,0.0,0.0,185.3636656,8.521,3,200898
390802,41,2012-05-04,0,60.0,414.0,52.86,3.903,10188.76,0.0,308.08,5903.45,2996.97,197.6063534,6.547,3,196321
284498,29,2011-12-02,0,41.0,1144.49,49.11,3.501,2167.06,0.0,1457.99,820.49,6387.74,136.4909333,9.357,2,93638
3882,1,2011-02-18,0,58.0,3659.0,57.36,3.045,0.0,0.0,0.0,0.0,0.0,213.2478853,7.742,3,151315
402723,43,2011-04-29,0,14.0,2065.5,71.34,3.81,0.0,0.0,0.0,0.0,0.0,207.4148429,10.581,1,41062
345801,36,2011-12-09,0,2.0,10403.63,50.64,3.147,0.0,0.0,-0.87,0.0,1129.02,217.6645878,7.716,3,39910
387923,41,2011-07-29,0,33.0,4810.3,71.3,3.547,0.0,0.0,0.0,0.0,0.0,193.711525,6.901,3,196321
204243,21,2011-10-14,0,60.0,96.8,69.79,3.274,0.0,0.0,0.0,0.0,0.0,217.0048261,7.441,2,140167
341907,36,2010-03-19,0,91.0,12945.14,59.56,2.701,0.0,0.0,0.0,0.0,0.0,209.9803208,8.554,3,39910
251519,26,2011-02-11,1,85.0,1429.84,15.12,3.255,0.0,0.0,0.0,0.0,0.0,133.260871,7.907,3,152513
204038,21,2011-09-23,0,44.0,4174.81,75.68,3.467,0.0,0.0,0.0,0.0,0.0,216.0282356,7.852,2,140167
154215,16,2011-09-30,0,18.0,3015.55,57.61,3.538,0.0,0.0,0.0,0.0,0.0,194.8779718,6.338,2,57197
292842,30,2012-01-27,0,97.0,12841.21,50.79,3.29,246.62,0.0,49.06,42.84,421.39,219.7188636,7.057,1,42988
325874,34,2011-03-04,0,35.0,2253.0,46.21,3.305,0.0,0.0,0.0,0.0,0.0,128.26475,10.398,3,158114
291382,30,2011-07-08,0,17.0,120.82,89.16,3.48,0.0,0.0,0.0,0.0,0.0,214.9296249,7.852,1,42988
241256,25,2010-12-31,1,49.0,12204.32,25.89,3.179,0.0,0.0,0.0,0.0,0.0,204.6432267,7.484,2,128107
2057,1,2010-08-20,0,72.0,44878.45,86.65,2.664,0.0,0.0,0.0,0.0,0.0,211.6033633,7.787,3,151315
403972,43,2011-11-04,0,82.0,8524.44,59.08,3.332,0.0,0.0,0.0,0.0,0.0,209.516265,10.148,1,41062
277059,28,2012-07-13,0,25.0,12942.53,95.61,3.723,11410.19,19.8,3.03,3053.13,1510.09,130.683,10.926,3,206302
168692,18,2010-04-16,0,30.0,6958.35,50.26,2.885,0.0,0.0,0.0,0.0,0.0,131.9809,9.269,2,120653
49837,6,2010-04-23,0,81.0,16650.18,64.11,2.795,0.0,0.0,0.0,0.0,0.0,211.9442745,7.092,3,202505
209845,22,2010-08-13,0,26.0,6641.54,74.75,2.81,0.0,0.0,0.0,0.0,0.0,136.4928214,8.433,2,119557
25125,3,2011-06-24,0,4.0,7670.66,84.94,3.594,0.0,0.0,0.0,0.0,0.0,218.45094,7.574,2,37392
409615,44,2011-04-29,0,42.0,83.34,43.85,3.683,0.0,0.0,0.0,0.0,0.0,128.9998667,6.906,1,39910
366876,39,2011-04-15,0,10.0,13303.26,73.19,3.743,0.0,0.0,0.0,0.0,0.0,214.026217,8.3,3,184109
13369,2,2010-12-03,0,1.0,30662.62,49.33,2.708,0.0,0.0,0.0,0.0,0.0,211.265543,8.163,3,202307
199409,21,2010-05-28,0,82.0,13267.72,80.94,2.759,0.0,0.0,0.0,0.0,0.0,210.5552301,8.2,2,140167
339540,35,2012-03-30,0,29.0,6937.21,49.4,3.953,19560.85,77.41,7.4,4081.77,3629.96,141.6990864,8.744,2,103681
352524,37,2011-11-18,0,16.0,1488.38,66.28,3.308,32.17,5.51,0.0,0.0,1502.49,216.9395861,7.716,1,39910
93046,10,2011-06-17,0,97.0,5092.32,87.96,3.935,0.0,0.0,0.0,0.0,0.0,129.0432,8.494,2,126512
381979,40,2012-09-07,1,1.0,16848.25,65.06,3.921,5494.1,0.0,39.66,925.8,3268.99,138.4729355,4.156,3,155083
233114,24,2011-07-08,0,34.0,22246.38,72.56,3.886,0.0,0.0,0.0,0.0,0.0,135.6283333,8.358,3,203819
380131,40,2012-03-09,0,82.0,13527.67,30.58,3.876,12923.38,404.23,0.4,7062.19,3420.25,137.5066897,4.261,3,155083
255703,26,2012-04-06,0,9.0,13904.74,33.35,3.957,8674.08,0.0,33.85,1128.16,3852.6,137.7970968,7.489,3,152513
193102,20,2011-06-10,0,27.0,1789.78,73.64,3.881,0.0,0.0,0.0,0.0,0.0,208.1535092,7.287,3,203742
360171,38,2011-12-23,0,6.0,67.62,45.4,3.541,59.23,0.0,0.6,0.0,1588.1,129.9845484,12.89,1,39690
159597,17,2010-07-09,0,4.0,24352.61,62.41,2.802,0.0,0.0,0.0,0.0,0.0,126.1518,6.697,2,93188
9146,1,2012-07-13,0,1.0,16566.18,77.12,3.256,7218.13,45.2,36.24,3909.38,2596.37,221.9241579,6.908,3,151315
8955,1,2012-06-29,0,27.0,1010.07,84.88,3.286,3965.73,161.6,0.0,435.99,4212.97,221.8434,7.143,3,151315
160200,17,2010-09-10,1,24.0,4711.92,56.28,2.87,0.0,0.0,0.0,0.0,0.0,126.1145806,6.697,2,93188
39706,4,2012-10-12,0,30.0,5158.64,57.11,3.603,4975.39,0.0,61.17,1513.17,5905.53,131.1083333,3.879,3,205863
351691,37,2011-07-29,0,9.0,299.68,84.99,3.682,0.0,0.0,0.0,0.0,0.0,214.2343177,8.177,1,39910
328384,34,2011-11-04,0,4.0,21092.35,48.04,3.322,0.0,0.0,0.0,0.0,0.0,129.8051935,10.148,3,158114
221619,23,2011-03-04,0,38.0,40355.47,20.67,3.437,0.0,0.0,0.0,0.0,0.0,133.6141429,5.114,2,114533
84355,9,2011-10-07,0,7.0,10112.46,72.62,3.285,0.0,0.0,0.0,0.0,0.0,220.6643585,6.054,2,125833
129201,14,2010-04-02,0,24.0,14143.4,47.74,2.85,0.0,0.0,0.0,0.0,0.0,181.8657537,8.899,3,200898
353022,37,2012-01-27,0,95.0,51625.87,62.73,3.29,186.28,27.75,33.0,0.0,323.83,218.7687195,7.244,1,39910
211862,22,2011-03-11,0,58.0,2308.0,41.42,3.6,0.0,0.0,0.0,0.0,0.0,137.6269617,8.458,2,119557
332502,35,2010-03-19,0,33.0,13514.49,49.04,2.844,0.0,0.0,0.0,0.0,0.0,135.6682247,9.262,2,103681
182729,19,2011-05-27,0,79.0,19391.73,63.2,4.134,0.0,0.0,0.0,0.0,0.0,134.7677742,7.658,3,203819
390323,41,2012-03-16,0,81.0,18695.82,47.76,3.486,6504.93,48.97,4.59,3026.39,2020.55,197.0457208,6.589,3,196321
77804,8,2012-07-06,0,45.0,11.97,81.24,3.227,10526.01,157.93,182.17,3068.98,4059.99,225.4407043,5.401,3,155078
230801,24,2010-11-26,1,30.0,3286.38,41.92,3.186,0.0,0.0,0.0,0.0,0.0,132.8369333,8.275,3,203819
263996,27,2011-10-07,0,21.0,6080.65,56.91,3.775,0.0,0.0,0.0,0.0,0.0,140.43475,7.906,3,204184
363274,39,2010-04-16,0,32.0,5440.02,66.33,2.808,0.0,0.0,0.0,0.0,0.0,209.2691428,8.464,3,184109
53166,6,2011-03-18,0,21.0,8886.77,65.07,3.488,0.0,0.0,0.0,0.0,0.0,215.9035078,6.858,3,202505
369003,39,2011-11-18,0,94.0,55872.47,66.09,3.308,3378.96,215.22,162.51,486.32,6941.94,216.9395861,7.716,3,184109
224934,23,2012-01-27,0,95.0,50150.74,25.71,3.568,957.2,3319.68,0.0,9.0,1709.6,136.9598387,4.261,2,114533
354923,37,2012-10-05,0,92.0,64988.77,73.57,3.617,126.94,0.0,2.02,0.0,1451.99,221.8533396,6.228,1,39910
47917,5,2012-07-06,0,9.0,8512.1,82.35,3.227,2592.37,2.65,52.06,914.36,2768.98,222.4714336,5.603,2,34875
53726,6,2011-05-13,0,16.0,40105.29,76.95,3.899,0.0,0.0,0.0,0.0,0.0,217.5247882,6.855,3,202505
136743,14,2012-04-27,0,52.0,2136.22,53.2,4.004,3548.09,0.35,45.88,78.21,4193.26,190.8680064,8.567,3,200898
305709,32,2010-04-09,0,28.0,971.33,44.88,2.75,0.0,0.0,0.0,0.0,0.0,189.6901012,8.963,3,203007
59391,7,2010-02-19,0,38.0,33632.79,27.28,2.55,0.0,0.0,0.0,0.0,0.0,189.5340998,9.014,2,70713
176469,18,2012-06-15,0,34.0,24878.82,66.58,3.683,6285.43,296.4,0.44,3224.15,2870.91,138.1295333,8.304,2,120653
317328,33,2010-12-24,0,98.0,9893.04,60.43,3.236,0.0,0.0,0.0,0.0,0.0,126.9835806,9.265,3,39690
136420,14,2012-03-23,0,40.0,73325.86,59.45,3.9,4718.7,348.81,6.85,353.11,3726.39,190.5363213,8.424,3,200898
304680,31,2012-09-28,0,96.0,28290.81,80.38,3.666,6570.37,16.73,0.15,354.35,7577.57,222.6164329,6.565,3,203750
135629,14,2012-01-06,0,90.0,115152.13,35.88,3.422,10428.95,39234.09,839.74,981.17,15911.56,189.1940558,8.424,3,200898
297163,31,2010-09-17,0,78.0,-2.0,83.03,2.582,0.0,0.0,0.0,0.0,0.0,211.1806415,8.099,3,203750
138268,14,2012-09-21,0,56.0,2011.73,65.32,4.038,21474.27,98.28,29.88,1924.92,15282.51,191.8567038,8.684,3,200898
401678,43,2010-11-26,1,9.0,25.93,54.76,2.735,0.0,0.0,0.0,0.0,0.0,203.6952786,10.21,1,41062
157465,16,2012-08-31,0,28.0,102.92,64.19,3.556,8702.4,0.0,35.78,3576.08,4493.67,198.0967341,6.061,2,57197
137695,14,2012-07-27,0,21.0,6213.19,77.2,3.647,4945.52,113.66,4.1,10751.35,3298.31,191.1655664,8.684,3,200898
367294,39,2011-05-27,0,1.0,14700.37,82.1,3.786,0.0,0.0,0.0,0.0,0.0,214.2408462,8.3,3,184109
90328,10,2010-09-24,0,9.0,57404.88,85.75,2.939,0.0,0.0,0.0,0.0,0.0,126.1900333,9.199,2,126512
71338,8,2010-09-24,0,97.0,15214.59,72.21,2.624,0.0,0.0,0.0,0.0,0.0,214.9547795,6.315,3,155078
220410,23,2010-11-05,0,33.0,11723.49,36.6,2.938,0.0,0.0,0.0,0.0,0.0,132.9245806,5.287,2,114533
209345,22,2010-06-25,0,11.0,32245.37,74.37,2.81,0.0,0.0,0.0,0.0,0.0,136.3483143,8.348,2,119557
318269,33,2011-05-20,0,3.0,261.62,76.07,3.99,0.0,0.0,0.0,0.0,0.0,129.0756774,8.687,3,39690
132632,14,2011-03-11,0,23.0,27566.38,45.01,3.582,0.0,0.0,0.0,0.0,0.0,184.613419,8.549,3,200898
224300,23,2011-11-25,1,29.0,18866.69,35.23,3.536,70.24,47.47,103991.94,7.0,677.31,136.4788,4.42,2,114533
417110,45,2011-01-28,0,6.0,1834.83,24.05,3.237,0.0,0.0,0.0,0.0,0.0,183.1800955,8.549,2,118221
197606,20,2012-08-24,0,90.0,90545.38,68.27,3.834,6125.02,53.4,84.62,9638.85,8710.31,214.9567044,7.28,3,203742
301620,31,2011-12-02,0,6.0,3045.01,48.72,3.172,5425.3,96.94,1100.35,2779.95,24475.38,218.3590319,7.441,3,203750
181066,19,2010-12-10,0,14.0,28157.45,25.12,3.255,0.0,0.0,0.0,0.0,0.0,132.6764,8.067,3,203819
294214,30,2012-08-03,0,87.0,574.98,91.57,3.417,283.01,0.0,2.46,1.88,2833.5,221.5869799,6.565,1,42988
172007,18,2011-03-18,0,67.0,6043.21,41.12,3.634,0.0,0.0,0.0,0.0,0.0,133.8492258,9.131,2,120653
66482,7,2012-02-17,0,29.0,1399.99,27.03,3.113,5453.54,4918.31,1.88,1838.98,5303.89,196.9432711,8.256,2,70713
358181,38,2011-04-01,0,95.0,42288.02,63.63,3.772,0.0,0.0,0.0,0.0,0.0,128.7199355,13.736,1,39690
75596,8,2011-11-25,1,14.0,32576.61,49.61,3.236,437.61,320.76,45968.51,110.41,992.9,221.9491571,6.123,3,155078
399376,42,2012-09-28,0,17.0,665.83,82.52,3.966,123.87,0.0,0.0,0.0,548.02,131.043,7.17,1,39690
80143,9,2010-06-18,0,8.0,19139.53,82.99,2.637,0.0,0.0,0.0,0.0,0.0,215.0166484,6.384,2,125833
147414,15,2012-07-06,0,24.0,3834.35,74.64,3.646,4916.59,270.1,24.22,1747.41,2772.41,138.2296333,8.193,2,123737
80423,9,2010-07-16,0,10.0,10263.73,82.93,2.623,0.0,0.0,0.0,0.0,0.0,214.6474453,6.442,2,125833
90555,10,2010-10-15,0,95.0,76497.62,75.48,3.08,0.0,0.0,0.0,0.0,0.0,126.3266774,9.003,2,126512
349356,37,2010-08-27,0,31.0,20.46,84.62,2.619,0.0,0.0,0.0,0.0,0.0,210.3292106,8.36,1,39910
323126,34,2010-06-11,0,33.0,3183.5,80.84,2.668,0.0,0.0,0.0,0.0,0.0,126.1119032,9.593,3,158114
178758,19,2010-04-30,0,7.0,24067.56,49.89,3.042,0.0,0.0,0.0,0.0,0.0,132.0644333,8.185,3,203819
145949,15,2012-02-10,1,13.0,17359.2,31.91,3.826,5140.44,5527.21,10.39,9439.38,6371.82,137.1666774,7.943,2,123737
264384,27,2011-11-11,0,14.0,33450.83,49.69,3.719,10710.56,44021.61,475.3,4235.07,4920.65,140.4111613,7.906,3,204184
187735,19,2012-09-28,0,44.0,5952.1,56.81,4.158,2992.04,48.46,0.0,2463.88,3732.36,138.7395,8.193,3,203819
350120,37,2010-12-17,0,5.0,1576.56,56.73,2.869,0.0,0.0,0.0,0.0,0.0,210.1787224,8.476,1,39910
342700,36,2010-07-30,0,23.0,4.0,81.88,2.602,0.0,0.0,0.0,0.0,0.0,210.1286794,8.36,3,39910
202799,21,2011-05-13,0,21.0,2637.89,75.04,3.899,0.0,0.0,0.0,0.0,0.0,215.6124735,7.931,2,140167
218581,23,2010-04-30,0,9.0,56920.05,45.47,2.935,0.0,0.0,0.0,0.0,0.0,132.0644333,5.435,2,114533
126692,13,2012-05-04,0,12.0,8028.65,54.41,3.831,15589.85,0.0,337.47,7557.14,5025.28,131.136,5.965,3,219622
151084,16,2010-10-29,0,40.0,26444.27,35.76,2.748,0.0,0.0,0.0,0.0,0.0,190.951728,6.986,2,57197
8077,1,2012-03-30,0,23.0,23356.66,67.61,3.845,10309.58,0.5,10.25,1654.17,2642.78,221.3610119,7.348,3,151315
164475,17,2011-11-18,0,44.0,9207.64,32.93,3.489,6004.88,247.29,32.39,653.49,4391.01,129.8268333,6.617,2,93188
258572,27,2010-04-23,0,18.0,109.73,53.91,3.021,0.0,0.0,0.0,0.0,0.0,135.8721667,8.058,3,204184
256019,26,2012-05-11,0,28.0,379.21,47.11,3.947,8655.96,0.0,108.57,842.81,2803.07,138.0882667,7.489,3,152513
227685,23,2012-10-26,0,83.0,1062.54,50.56,3.917,4782.75,124.72,118.91,1316.96,738.09,138.7281613,4.145,2,114533
302411,31,2012-02-17,0,46.0,26833.9,45.03,3.51,13158.2,6689.78,10.34,6529.43,7435.73,220.0651993,7.057,3,203750
79601,9,2010-04-16,0,22.0,2593.91,66.09,2.808,0.0,0.0,0.0,0.0,0.0,214.0001817,6.384,2,125833
414022,45,2010-03-12,0,1.0,17621.39,45.8,2.818,0.0,0.0,0.0,0.0,0.0,182.1628441,8.992,2,118221
184906,19,2011-12-23,0,18.0,37120.44,36.09,3.587,3124.45,475.86,1902.55,145.88,3248.83,136.5883871,7.866,3,203819
263527,27,2011-08-19,0,91.0,60267.49,72.97,3.942,0.0,0.0,0.0,0.0,0.0,140.1289205,7.85,3,204184
45873,5,2011-11-25,1,3.0,3615.91,61.93,3.236,107.42,7.0,29333.06,8.0,826.06,219.0428204,6.3,2,34875
208860,22,2010-05-07,0,52.0,1109.5,63.81,2.981,0.0,0.0,0.0,0.0,0.0,135.962,8.348,2,119557
17915,2,2012-02-17,0,7.0,27611.91,43.82,3.51,13942.54,14273.24,15.76,4927.14,6650.08,220.0651993,7.057,3,202307
323544,34,2010-07-16,0,5.0,14085.11,78.53,2.621,0.0,0.0,0.0,0.0,0.0,126.1498065,9.816,3,158114
258617,27,2010-04-23,0,91.0,74690.76,53.91,3.021,0.0,0.0,0.0,0.0,0.0,135.8721667,8.058,3,204184
356068,38,2010-06-11,0,9.0,71.88,90.84,2.949,0.0,0.0,0.0,0.0,0.0,126.1119032,14.099,1,39690
200861,21,2010-10-22,0,26.0,12731.64,70.72,2.725,0.0,0.0,0.0,0.0,0.0,211.5187208,8.163,2,140167
282227,29,2011-04-08,0,90.0,10846.8,44.42,3.72,0.0,0.0,0.0,0.0,0.0,134.1777742,9.966,2,93638
308182,32,2010-12-03,0,7.0,57911.95,35.18,2.712,0.0,0.0,0.0,0.0,0.0,190.9931437,9.137,3,203007
82549,9,2011-03-18,0,21.0,3189.23,63.82,3.488,0.0,0.0,0.0,0.0,0.0,217.9563371,6.416,2,125833
278289,29,2010-02-12,1,41.0,327.0,28.14,2.771,0.0,0.0,0.0,0.0,0.0,131.5866129,10.064,2,93638
174262,18,2011-11-04,0,94.0,7663.69,38.29,3.586,0.0,0.0,0.0,0.0,0.0,136.475129,8.471,2,120653
24238,3,2011-03-18,0,9.0,9398.43,69.47,3.488,0.0,0.0,0.0,0.0,0.0,217.7235226,7.551,2,37392
112008,12,2011-02-18,0,8.0,42286.44,53.35,3.43,0.0,0.0,0.0,0.0,0.0,127.99525,14.021,2,112238
386429,41,2011-02-25,0,67.0,5421.72,26.1,3.101,0.0,0.0,0.0,0.0,0.0,191.9647167,7.241,3,196321
214414,22,2011-12-02,0,74.0,14657.85,49.11,3.501,10739.64,0.0,926.79,3397.08,29944.71,140.4307857,7.706,2,119557
416229,45,2010-10-29,0,83.0,799.1,61.3,2.921,0.0,0.0,0.0,0.0,0.0,182.9011166,8.724,2,118221
157332,16,2012-08-17,0,3.0,11612.07,62.07,3.545,408.1,0.0,1.1,870.38,604.8,198.1001057,6.061,2,57197
147010,15,2012-05-25,0,11.0,31935.8,67.97,3.979,6258.04,0.0,482.11,928.64,1315.99,138.1101935,8.15,2,123737
12677,2,2010-09-24,0,18.0,5123.79,81.79,2.624,0.0,0.0,0.0,0.0,0.0,211.2552578,8.099,3,202307
302013,31,2012-01-06,0,38.0,83558.39,48.1,3.157,6105.78,25953.41,91.69,1254.6,6256.02,219.355063,7.057,3,203750
50830,6,2010-07-30,0,2.0,52742.13,81.37,2.64,0.0,0.0,0.0,0.0,0.0,212.8944846,6.973,3,202505
54958,6,2011-09-09,1,97.0,21268.92,80.21,3.546,0.0,0.0,0.0,0.0,0.0,217.3980304,6.925,3,202505
235368,24,2012-02-17,0,92.0,114955.81,33.92,3.874,12244.57,10925.86,25.52,15725.51,5533.12,137.2583103,8.659,3,203819
419834,45,2011-11-11,0,87.0,7094.41,47.65,3.53,23052.25,5449.62,189.24,3355.69,3864.6,188.0632345,8.523,2,118221
205275,21,2012-01-27,0,17.0,5493.35,50.79,3.29,714.08,602.88,0.0,18.42,2562.85,219.7188636,7.057,2,140167
350210,37,2010-12-31,1,18.0,19.78,52.88,2.943,0.0,0.0,0.0,0.0,0.0,210.182398,8.476,1,39910
19584,2,2012-07-27,0,7.0,28162.44,86.37,3.407,6999.14,197.72,2.53,6319.33,5007.01,221.5785461,6.565,3,202307
127169,13,2012-06-22,0,81.0,36273.67,72.89,3.737,9298.46,565.14,1.79,4025.82,8626.51,130.7929,5.965,3,219622
384457,41,2010-08-13,0,9.0,44361.64,70.24,2.723,0.0,0.0,0.0,0.0,0.0,190.2611552,7.335,3,196321
377192,40,2011-05-20,0,7.0,15200.33,56.38,4.101,0.0,0.0,0.0,0.0,0.0,134.6803871,4.781,3,155083
224658,23,2011-12-30,1,58.0,1300.0,22.3,3.402,3895.97,50366.6,237.87,1099.12,2573.14,136.6432581,4.42,2,114533
234035,24,2011-10-07,0,38.0,75243.7,53.87,3.775,0.0,0.0,0.0,0.0,0.0,136.472,8.454,3,203819
378568,40,2011-10-07,0,10.0,21873.66,50.21,3.633,0.0,0.0,0.0,0.0,0.0,136.472,4.42,3,155083
55340,6,2011-10-21,0,20.0,7099.49,68.53,3.353,0.0,0.0,0.0,0.0,0.0,219.0740167,6.551,3,202505
169587,18,2010-07-16,0,35.0,3732.0,76.9,2.796,0.0,0.0,0.0,0.0,0.0,132.5667742,9.342,2,120653
101621,11,2011-01-07,0,22.0,13877.64,54.43,2.976,0.0,0.0,0.0,0.0,0.0,214.6955104,7.551,3,207499
370368,39,2012-03-30,0,96.0,27079.86,69.11,3.845,8547.51,93.82,0.0,998.98,15532.43,220.0454862,7.244,3,184109
114571,12,2011-11-11,0,7.0,45379.23,48.76,3.824,18049.87,7939.68,234.64,10463.07,5588.33,129.8167097,12.89,2,112238
327876,34,2011-09-16,0,93.0,30453.51,64.94,3.532,0.0,0.0,0.0,0.0,0.0,129.4306,10.641,3,158114
55476,6,2011-11-04,0,98.0,9967.37,58.54,3.332,0.0,0.0,0.0,0.0,0.0,219.4000812,6.551,3,202505
385783,41,2010-12-24,0,5.0,120752.36,29.81,2.781,0.0,0.0,0.0,0.0,0.0,191.1430189,7.508,3,196321
54664,6,2011-08-12,0,85.0,2319.54,90.49,3.638,0.0,0.0,0.0,0.0,0.0,217.1438281,6.925,3,202505
18183,2,2012-03-16,0,6.0,5449.41,63.68,3.734,5965.99,230.42,3.0,2650.77,2073.81,220.8498468,7.057,3,202307
310305,32,2011-07-01,0,35.0,2667.52,72.86,3.597,0.0,0.0,0.0,0.0,0.0,193.0930552,8.622,3,203007
238828,25,2010-04-23,0,37.0,2843.13,46.12,2.902,0.0,0.0,0.0,0.0,0.0,203.6905586,7.856,2,128107
136581,14,2012-04-06,0,34.0,28313.95,49.73,3.996,8376.85,0.0,81.19,3578.4,4857.19,190.6851712,8.567,3,200898
390661,41,2012-04-20,0,28.0,437.53,43.57,3.936,3677.88,1165.88,37.89,297.31,2227.25,197.7227385,6.547,3,196321
230833,24,2010-12-03,0,40.0,43830.16,37.08,3.2,0.0,0.0,0.0,0.0,0.0,132.7566667,8.275,3,203819
409410,44,2011-04-01,0,60.0,396.0,42.49,3.487,0.0,0.0,0.0,0.0,0.0,128.7199355,6.906,1,39910
1238,1,2010-06-04,0,93.0,71718.04,80.69,2.705,0.0,0.0,0.0,0.0,0.0,211.1764278,7.808,3,151315
123870,13,2011-08-12,0,97.0,31740.15,75.95,3.606,0.0,0.0,0.0,0.0,0.0,129.2015806,6.877,3,219622
260306,27,2010-10-08,0,20.0,10820.93,57.78,2.903,0.0,0.0,0.0,0.0,0.0,136.6277321,8.021,3,204184
240365,25,2010-10-01,0,40.0,41264.98,57.56,2.707,0.0,0.0,0.0,0.0,0.0,204.8850973,7.484,2,128107
85657,9,2012-03-02,0,42.0,3258.63,57.2,3.63,6268.15,154.97,0.0,3557.17,1878.44,224.5894104,5.667,2,125833
182551,19,2011-05-06,0,37.0,2573.77,50.43,4.192,0.0,0.0,0.0,0.0,0.0,134.5143667,7.658,3,203819
276859,28,2012-06-22,0,98.0,7963.4,91.61,4.014,10280.97,18.4,1.12,3663.41,6659.58,130.7929,11.627,3,206302
189676,20,2010-07-09,0,35.0,6240.0,78.09,2.793,0.0,0.0,0.0,0.0,0.0,204.3625658,7.527,3,203742
304218,31,2012-08-10,0,81.0,25747.6,89.57,3.494,15098.61,18.96,57.04,4709.17,6169.55,221.5954138,6.565,3,203750
209654,22,2010-07-23,0,45.0,53.86,76.91,2.784,0.0,0.0,0.0,0.0,0.0,136.4366924,8.433,2,119557
310485,32,2011-07-15,0,49.0,5222.69,70.55,3.532,0.0,0.0,0.0,0.0,0.0,193.3125484,8.622,3,203007
366349,39,2011-02-18,0,23.0,12413.92,58.2,3.045,0.0,0.0,0.0,0.0,0.0,212.0063522,8.395,3,184109
87234,9,2012-08-24,0,41.0,1677.06,77.9,3.62,1524.71,0.0,1.8,501.16,4241.59,225.9364729,5.277,2,125833
322604,34,2010-04-16,0,92.0,60855.7,59.18,2.81,0.0,0.0,0.0,0.0,0.0,126.5621,9.593,3,158114
333158,35,2010-05-28,0,32.0,9146.12,67.88,2.899,0.0,0.0,0.0,0.0,0.0,136.1489101,9.051,2,103681
192213,20,2011-03-18,0,46.0,31603.12,44.8,3.631,0.0,0.0,0.0,0.0,0.0,207.4283845,7.343,3,203742
151711,16,2011-01-07,0,38.0,74846.16,12.39,2.882,0.0,0.0,0.0,0.0,0.0,191.3683815,6.614,2,57197
126732,13,2012-05-11,0,8.0,33998.3,56.47,3.809,14566.92,86.0,60.34,6009.18,4224.91,131.1453333,5.965,3,219622
203735,21,2011-08-26,0,8.0,17192.07,92.07,3.523,0.0,0.0,0.0,0.0,0.0,215.386897,7.852,2,140167
182194,19,2011-04-01,0,87.0,15594.56,30.68,3.811,0.0,0.0,0.0,0.0,0.0,134.0682581,7.658,3,203819
81499,9,2010-11-19,0,17.0,4288.19,49.96,2.771,0.0,0.0,0.0,0.0,0.0,215.4372854,6.56,2,125833
185034,19,2012-01-06,0,8.0,39672.02,31.84,3.585,9970.68,26073.98,233.88,1552.93,10335.05,136.698129,7.943,3,203819
212725,22,2011-06-10,0,30.0,6796.54,69.53,3.924,0.0,0.0,0.0,0.0,0.0,138.8606382,8.252,2,119557
400497,43,2010-06-04,0,31.0,29.0,82.76,2.705,0.0,0.0,0.0,0.0,0.0,203.1222028,9.593,1,41062
411145,44,2011-12-02,0,83.0,583.82,33.94,3.389,60.0,0.0,4.23,0.0,1185.19,129.8459667,6.078,1,39910
178702,19,2010-04-23,0,46.0,21504.23,46.87,3.021,0.0,0.0,0.0,0.0,0.0,132.0226667,8.185,3,203819
98547,11,2010-03-05,0,29.0,11153.46,53.96,2.625,0.0,0.0,0.0,0.0,0.0,214.6751386,7.368,3,207499
215874,22,2012-05-04,0,92.0,56437.63,50.75,3.991,21823.53,0.0,37.87,6586.49,1565.11,142.0177929,7.671,2,119557
58222,6,2012-07-27,0,83.0,3903.14,85.78,3.407,7017.6,203.26,8.11,17151.91,3340.02,223.5516178,5.668,3,202505
118604,13,2010-03-26,0,33.0,9794.11,41.48,2.819,0.0,0.0,0.0,0.0,0.0,126.6050645,8.316,3,219622
247890,26,2010-02-05,0,93.0,26162.18,9.55,2.788,0.0,0.0,0.0,0.0,0.0,131.5279032,8.488,3,152513
199297,21,2010-05-14,0,98.0,2.88,73.08,2.854,0.0,0.0,0.0,0.0,0.0,209.9984585,8.2,2,140167
69080,8,2010-02-05,0,24.0,5820.6,34.14,2.572,0.0,0.0,0.0,0.0,0.0,214.4714512,6.299,3,155078
3157,1,2010-12-10,0,6.0,6440.06,46.33,2.843,0.0,0.0,0.0,0.0,0.0,211.4659526,7.838,3,151315
304004,31,2012-07-20,0,74.0,15922.49,84.25,3.311,2331.17,10.59,13.74,2475.94,5588.47,221.5701123,6.565,3,203750
346045,36,2012-01-13,0,96.0,11472.79,56.28,3.254,15.85,1402.86,7.04,0.0,858.31,218.5823389,7.244,3,39910
159596,17,2010-07-09,0,32.0,5830.32,62.41,2.802,0.0,0.0,0.0,0.0,0.0,126.1518,6.697,2,93188
417214,45,2011-02-11,1,7.0,13610.27,30.3,3.239,0.0,0.0,0.0,0.0,0.0,183.7016129,8.549,2,118221
60568,7,2010-06-18,0,44.0,4441.31,52.7,2.674,0.0,0.0,0.0,0.0,0.0,189.4185259,8.963,2,70713
158567,17,2010-03-19,0,34.0,7626.0,33.96,2.782,0.0,0.0,0.0,0.0,0.0,126.6066452,6.548,2,93188
30096,4,2010-03-19,0,81.0,29260.42,55.19,2.743,0.0,0.0,0.0,0.0,0.0,126.6066452,8.623,3,205863
304435,31,2012-08-31,0,71.0,6357.51,83.58,3.638,20970.7,27.94,79.4,8977.02,17926.84,221.9415576,6.565,3,203750
373328,40,2010-04-30,0,97.0,14486.32,46.5,2.935,0.0,0.0,0.0,0.0,0.0,132.0644333,5.435,3,155083
7722,1,2012-02-24,0,93.0,67829.2,57.25,3.555,9349.61,7556.01,3.2,1219.92,8143.59,220.636902,7.348,3,151315
368884,39,2011-11-04,0,93.0,41913.77,58.04,3.332,0.0,0.0,0.0,0.0,0.0,216.5634344,7.716,3,184109
97431,10,2012-08-17,0,82.0,23354.73,88.83,4.002,4407.9,0.0,7.2,3037.56,3717.52,130.7909677,7.17,2,126512
225416,23,2012-03-09,0,32.0,9658.12,33.11,3.876,8575.57,1125.61,5.08,4365.63,2742.87,137.5066897,4.261,2,114533
189322,20,2010-06-04,0,14.0,21021.49,72.52,2.847,0.0,0.0,0.0,0.0,0.0,204.4042877,7.856,3,203742
234497,24,2011-11-25,1,32.0,6804.04,41.83,3.689,2571.98,66.94,64304.51,221.93,3661.62,136.4788,8.454,3,203819
285969,29,2012-05-04,0,9.0,14009.32,50.75,3.991,5067.27,0.0,12.59,1773.6,1695.58,138.0332,9.14,2,93638
42101,5,2010-10-01,0,60.0,264.0,71.1,2.603,0.0,0.0,0.0,0.0,0.0,212.2269463,6.768,2,34875
182647,19,2011-05-13,0,31.0,2361.38,54.2,4.211,0.0,0.0,0.0,0.0,0.0,134.593,7.658,3,203819
370978,39,2012-06-01,0,24.0,7841.15,80.33,3.501,8200.12,5.8,64.71,1772.73,9316.5,220.4322099,6.989,3,184109
321085,33,2012-07-20,0,81.0,9259.53,91.49,3.589,648.02,0.0,0.0,0.0,959.57,130.7012903,7.147,3,39690
334531,35,2010-10-15,0,23.0,39633.96,58.38,2.868,0.0,0.0,0.0,0.0,0.0,136.6401935,8.763,2,103681
326131,34,2011-03-25,0,14.0,8236.32,53.11,3.48,0.0,0.0,0.0,0.0,0.0,128.6160645,10.398,3,158114
343468,36,2010-11-26,1,56.0,507.5,67.73,2.725,0.0,0.0,0.0,0.0,0.0,210.5152765,8.476,3,39910
340279,35,2012-06-15,0,7.0,29213.75,69.52,3.62,4983.83,6.8,1.04,2545.67,1991.41,142.1292548,8.876,2,103681
353184,37,2012-02-17,0,2.0,16219.04,54.38,3.51,1173.99,593.1,2.86,0.0,1372.2,219.1148297,7.244,1,39910
329386,34,2012-02-10,1,56.0,1520.77,36.7,3.411,16191.24,4394.52,58.87,11972.11,6375.39,130.3849032,9.653,3,158114
126076,13,2012-03-09,0,49.0,15298.31,38.24,3.38,9173.97,339.05,9.44,1300.75,7479.12,130.7413793,6.104,3,219622
118115,13,2010-02-05,0,37.0,4268.61,31.53,2.666,0.0,0.0,0.0,0.0,0.0,126.4420645,8.316,3,219622
123371,13,2011-06-24,0,91.0,78342.37,66.38,3.668,0.0,0.0,0.0,0.0,0.0,129.0663,7.193,3,219622
6085,1,2011-09-23,0,87.0,43187.07,75.8,3.467,0.0,0.0,0.0,0.0,0.0,216.3758246,7.962,3,151315
135078,14,2011-11-11,0,35.0,3738.22,47.65,3.53,11376.03,22505.23,1079.89,2679.33,4257.94,188.0632345,8.523,3,200898
43876,5,2011-04-15,0,71.0,338.92,72.02,3.743,0.0,0.0,0.0,0.0,0.0,215.8592673,6.489,2,34875
410764,44,2011-10-07,0,9.0,132.77,60.62,3.592,0.0,0.0,0.0,0.0,0.0,129.6938,6.078,1,39910
151139,16,2010-11-05,0,33.0,1847.33,39.94,2.729,0.0,0.0,0.0,0.0,0.0,190.9964377,6.986,2,57197
118188,13,2010-02-12,1,31.0,2320.96,33.16,2.671,0.0,0.0,0.0,0.0,0.0,126.4962581,8.316,3,219622
128664,14,2010-02-12,1,28.0,643.5,27.73,2.773,0.0,0.0,0.0,0.0,0.0,181.982317,8.992,3,200898
85590,9,2012-02-24,0,13.0,22704.73,53.67,3.555,3801.98,4010.13,1.0,586.06,7315.09,224.3741384,5.667,2,125833
233203,24,2011-07-22,0,41.0,1674.5,79.29,3.972,0.0,0.0,0.0,0.0,0.0,135.8738387,8.358,3,203819
283864,29,2011-09-23,0,30.0,2348.15,62.36,3.758,0.0,0.0,0.0,0.0,0.0,136.367,9.863,2,93638
339005,35,2012-01-27,0,90.0,10862.96,36.96,3.567,2798.44,2928.52,1.46,446.0,9008.25,140.9124021,8.744,2,103681
377304,40,2011-06-03,0,32.0,4298.87,66.16,3.973,0.0,0.0,0.0,0.0,0.0,134.8551613,4.781,3,155083
270267,28,2010-09-10,1,31.0,3064.96,83.63,3.044,0.0,0.0,0.0,0.0,0.0,126.1145806,14.18,3,206302
224444,23,2011-12-09,0,95.0,52502.6,36.4,3.47,5491.42,0.0,611.34,4318.8,13208.67,136.5030667,4.42,2,114533
271601,28,2011-01-21,0,60.0,598.4,53.53,3.223,0.0,0.0,0.0,0.0,0.0,127.4404839,14.021,3,206302
317649,33,2011-02-18,0,55.0,58.88,62.03,3.43,0.0,0.0,0.0,0.0,0.0,127.99525,8.951,3,39690
165099,17,2012-01-20,0,4.0,22410.87,27.26,3.047,1461.59,577.33,0.0,442.39,1407.74,130.2792258,6.403,2,93188
249541,26,2010-07-23,0,10.0,9935.86,65.4,2.784,0.0,0.0,0.0,0.0,0.0,132.5825806,8.445,3,152513
220068,23,2010-10-01,0,25.0,11887.69,62.07,2.717,0.0,0.0,0.0,0.0,0.0,132.7568,5.287,2,114533
341377,35,2012-10-05,0,31.0,4001.93,64.5,3.985,6855.08,0.0,3.66,2468.47,2737.33,142.8516833,8.665,2,103681
214710,22,2011-12-30,1,30.0,3421.46,36.28,3.402,6840.65,55072.53,35.75,388.44,5826.4,140.5874505,7.706,2,119557
321347,33,2012-08-24,0,95.0,27300.01,89.62,4.055,35.76,0.0,1.44,0.0,1381.43,130.8381613,7.147,3,39690
83272,9,2011-06-10,0,28.0,173.17,85.81,3.648,0.0,0.0,0.0,0.0,0.0,218.6365747,6.38,2,125833
374599,40,2010-09-03,0,13.0,25344.0,70.66,2.735,0.0,0.0,0.0,0.0,0.0,132.7248387,5.326,3,155083
348305,37,2010-04-02,0,90.0,40795.76,63.43,2.719,0.0,0.0,0.0,0.0,0.0,209.5938656,8.464,1,39910
277521,28,2012-08-31,0,30.0,3689.32,89.78,4.093,25745.2,3.2,115.39,11858.54,4508.04,130.8853548,10.926,3,206302
177759,18,2012-10-19,0,23.0,33690.72,51.96,4.0,1894.83,0.0,2.24,501.85,1453.25,138.8336129,8.243,2,120653
144825,15,2011-10-21,0,71.0,3737.86,51.67,3.757,0.0,0.0,0.0,0.0,0.0,136.5017742,7.866,2,123737
398490,42,2012-06-01,0,4.0,15263.79,80.06,4.277,609.75,0.0,1.1,43.67,726.34,130.9592258,7.382,1,39690
320344,33,2012-03-30,0,82.0,3460.38,71.34,4.294,215.97,0.0,0.0,0.0,923.99,130.9670968,7.603,3,39690
235188,24,2012-01-27,0,87.0,23102.86,31.92,3.737,755.78,4142.75,190.3,90.5,2594.66,136.9598387,8.659,3,203819
241347,25,2011-01-07,0,29.0,2733.0,29.0,3.193,0.0,0.0,0.0,0.0,0.0,204.6487803,7.343,2,128107
339133,35,2012-02-10,1,8.0,17420.62,37.86,3.64,11865.12,4373.03,23.69,11941.36,8357.61,141.1199827,8.744,2,103681
365818,39,2010-12-31,1,82.0,20926.81,52.45,2.943,0.0,0.0,0.0,0.0,0.0,210.182398,8.476,3,184109
175397,18,2012-02-24,0,30.0,5681.74,36.34,3.751,8425.97,10284.14,0.0,1417.12,3566.91,137.3411034,8.075,2,120653
10417,2,2010-02-12,1,97.0,42135.66,38.49,2.548,0.0,0.0,0.0,0.0,0.0,210.8979935,8.324,3,202307
369490,39,2012-01-06,0,3.0,19501.74,55.83,3.157,4525.51,23319.85,120.18,117.6,9638.2,218.4062876,7.244,3,184109
94167,10,2011-09-30,0,37.0,3888.5,82.27,3.877,0.0,0.0,0.0,0.0,0.0,129.6060667,8.257,2,126512
89683,10,2010-07-23,0,54.0,394.0,88.44,3.112,0.0,0.0,0.0,0.0,0.0,126.1283548,9.199,2,126512
381883,40,2012-08-31,0,98.0,7721.72,66.11,3.884,10904.29,38.81,23.95,2684.17,2912.76,138.3771935,4.156,3,155083
373922,40,2010-06-25,0,21.0,6357.39,69.72,2.81,0.0,0.0,0.0,0.0,0.0,132.4976,5.435,3,155083
65478,7,2011-11-04,0,82.0,7958.2,23.41,3.527,0.0,0.0,0.0,0.0,0.0,195.4847959,8.513,2,70713
335977,35,2011-03-18,0,3.0,6356.79,46.65,3.631,0.0,0.0,0.0,0.0,0.0,137.7398929,8.549,2,103681
186945,19,2012-07-13,0,20.0,6880.62,73.17,3.689,8183.44,328.2,35.88,2677.28,1877.81,138.263,8.193,3,203819
410435,44,2011-08-26,0,85.0,281.06,81.53,3.57,0.0,0.0,0.0,0.0,0.0,129.2832581,6.56,1,39910
55694,6,2011-11-25,1,22.0,38147.65,62.78,3.236,429.03,171.88,83192.81,15.0,986.23,220.0417412,6.551,3,202505
16524,2,2011-10-07,0,79.0,37025.07,69.92,3.285,0.0,0.0,0.0,0.0,0.0,216.6958311,7.441,3,202307
252581,26,2011-05-27,0,95.0,72282.02,56.74,4.034,0.0,0.0,0.0,0.0,0.0,134.7677742,7.818,3,152513
133419,14,2011-05-27,0,94.0,70791.81,69.7,3.985,0.0,0.0,0.0,0.0,0.0,185.8603077,8.521,3,200898
268477,28,2010-03-19,0,18.0,2281.34,59.57,3.054,0.0,0.0,0.0,0.0,0.0,126.6066452,13.975,3,206302
11200,2,2010-04-30,0,10.0,38587.53,66.98,2.78,0.0,0.0,0.0,0.0,0.0,210.0505833,8.2,3,202307
323719,34,2010-08-06,0,65.0,57782.95,73.8,2.64,0.0,0.0,0.0,0.0,0.0,126.0854516,9.816,3,158114
113510,12,2011-07-22,0,24.0,7912.39,91.17,3.794,0.0,0.0,0.0,0.0,0.0,129.1507742,13.503,2,112238
176786,18,2012-07-13,0,5.0,13542.02,75.09,3.561,6538.92,113.06,0.28,3817.92,959.97,138.263,8.535,2,120653
234668,24,2011-12-09,0,28.0,1010.24,42.3,3.627,8915.25,0.0,209.71,2399.76,23368.58,136.5030667,8.454,3,203819
246619,25,2012-06-29,0,3.0,6508.57,69.84,3.506,3374.98,537.8,0.0,712.78,1992.95,214.6466757,7.139,2,128107
227503,23,2012-10-05,0,18.0,13544.82,56.65,4.027,5347.45,0.0,6.73,2506.49,3127.25,138.8256,4.145,2,114533
141977,15,2010-12-31,1,50.0,2133.0,26.54,3.336,0.0,0.0,0.0,0.0,0.0,132.8150323,8.067,2,123737
360201,38,2011-12-30,1,21.0,918.47,44.64,3.428,353.07,1926.94,0.0,25.2,770.38,130.0710323,12.89,1,39690
18904,2,2012-05-25,0,44.0,5611.6,78.19,3.561,10701.32,0.0,1030.53,3595.04,14920.27,221.3828029,6.891,3,202307
329249,34,2012-01-27,0,98.0,7283.1,39.81,3.29,387.48,1594.36,18.98,13.35,769.52,130.3144516,9.653,3,158114
303746,31,2012-06-22,0,99.0,35.0,81.78,3.346,6139.82,26.0,4.33,3613.14,8954.0,221.4411622,6.891,3,203750
280161,29,2010-09-03,0,91.0,5164.21,75.85,2.735,0.0,0.0,0.0,0.0,0.0,132.7248387,10.409,2,93638
403550,43,2011-09-02,0,74.0,818.47,87.84,3.533,0.0,0.0,0.0,0.0,0.0,207.6206959,10.641,1,41062
116365,12,2012-05-11,0,28.0,699.75,77.27,4.186,13083.53,0.0,8.54,1378.68,2071.31,131.1453333,11.627,2,112238
279349,29,2010-06-04,0,91.0,5884.1,69.49,2.857,0.0,0.0,0.0,0.0,0.0,132.3648387,10.16,2,93638
40623,5,2010-04-16,0,2.0,13085.44,65.3,2.808,0.0,0.0,0.0,0.0,0.0,211.0388528,6.465,2,34875
391266,41,2012-06-22,0,56.0,10428.67,66.88,3.735,6390.33,753.88,8.58,3431.59,4741.92,197.7389345,6.547,3,196321
27390,3,2012-03-02,0,44.0,2503.5,61.65,3.63,3552.58,601.32,0.0,2666.22,1524.87,224.3470245,6.833,2,37392
127037,13,2012-06-08,0,10.0,33829.17,68.4,3.776,12461.96,406.6,254.19,1450.62,8952.93,130.8896774,5.965,3,219622
358031,38,2011-03-11,0,90.0,32977.85,57.75,3.818,0.0,0.0,0.0,0.0,0.0,128.3995,14.021,1,39690
140466,15,2010-07-30,0,95.0,29489.1,72.04,2.932,0.0,0.0,0.0,0.0,0.0,132.5983871,8.099,2,123737
196835,20,2012-06-08,0,58.0,2870.0,62.01,3.689,8353.32,516.6,46.76,2073.77,7774.31,214.5527132,7.139,3,203742
224519,23,2011-12-16,0,67.0,26019.74,32.99,3.445,6112.33,19.18,738.38,591.22,4241.95,136.5335161,4.42,2,114533
107261,11,2012-07-20,0,82.0,23645.44,82.41,3.311,2874.78,140.22,44.95,3689.47,6187.32,225.4438827,6.334,3,207499
398930,42,2012-07-27,0,90.0,48153.56,83.98,3.769,24.48,0.0,0.0,0.0,1660.33,130.7195806,7.17,1,39690
200544,21,2010-09-24,0,20.0,4861.13,80.79,2.624,0.0,0.0,0.0,0.0,0.0,211.2552578,8.099,2,140167
85,1,2010-02-12,1,14.0,18129.02,38.51,2.548,0.0,0.0,0.0,0.0,0.0,211.2421698,8.106,3,151315
130126,14,2010-07-02,0,91.0,103671.32,76.61,2.815,0.0,0.0,0.0,0.0,0.0,182.3187801,8.743,3,200898
162023,17,2011-03-11,0,72.0,49662.46,32.42,3.346,0.0,0.0,0.0,0.0,0.0,128.3995,6.866,2,93188
354883,37,2012-09-28,0,13.0,17404.55,79.49,3.666,59.61,0.0,0.0,0.0,722.92,221.6556,6.623,1,39910
397327,42,2011-12-23,0,32.0,15.0,48.36,3.541,103.5,0.0,19.63,0.0,939.49,129.9845484,7.874,1,39690
408127,44,2010-10-01,0,9.0,87.66,68.74,2.853,0.0,0.0,0.0,0.0,0.0,126.2346,7.61,1,39910
49282,6,2010-03-05,0,49.0,18913.33,49.63,2.625,0.0,0.0,0.0,0.0,0.0,212.8745193,7.259,3,202505
315390,33,2010-02-19,0,7.0,259.47,62.16,2.915,0.0,0.0,0.0,0.0,0.0,126.5262857,10.115,3,39690
278221,29,2010-02-05,0,34.0,10418.5,24.36,2.788,0.0,0.0,0.0,0.0,0.0,131.5279032,10.064,2,93638
100113,11,2010-08-06,0,45.0,5.47,86.54,2.627,0.0,0.0,0.0,0.0,0.0,214.8341952,7.346,3,207499
4248,1,2011-03-25,0,22.0,8375.58,69.97,3.473,0.0,0.0,0.0,0.0,0.0,214.5999389,7.742,3,151315
95954,10,2012-03-23,0,8.0,87459.77,56.54,4.288,4034.35,3.1,4.08,480.89,2194.51,130.8966452,7.545,2,126512
130291,14,2010-07-23,0,94.0,77308.14,81.46,2.771,0.0,0.0,0.0,0.0,0.0,182.3509895,8.743,3,200898
410949,44,2011-11-04,0,14.0,480.7,43.51,3.538,0.0,0.0,0.0,0.0,0.0,129.8051935,6.078,1,39910
377322,40,2011-06-03,0,37.0,2479.55,66.16,3.973,0.0,0.0,0.0,0.0,0.0,134.8551613,4.781,3,155083
258666,27,2010-04-30,0,93.0,53945.38,53.55,3.042,0.0,0.0,0.0,0.0,0.0,135.9170833,8.058,3,204184
37495,4,2012-03-09,0,93.0,71172.22,53.63,3.667,8779.57,602.02,8.53,1103.64,9464.98,130.7413793,4.607,3,205863
361264,38,2012-05-18,0,97.0,9296.99,84.51,4.11,219.38,0.0,0.0,0.0,1472.86,131.0983226,11.627,1,39690
240600,25,2010-10-22,0,22.0,6253.93,46.73,2.917,0.0,0.0,0.0,0.0,0.0,205.0627881,7.484,2,128107
51010,6,2010-08-20,0,36.0,2159.0,87.36,2.664,0.0,0.0,0.0,0.0,0.0,213.1291427,6.973,3,202505
219949,23,2010-09-17,0,71.0,12540.88,55.3,2.716,0.0,0.0,0.0,0.0,0.0,132.7670667,5.326,2,114533
333955,35,2010-08-20,0,14.0,31743.42,75.16,2.779,0.0,0.0,0.0,0.0,0.0,136.5249182,8.861,2,103681
203083,21,2011-06-17,0,94.0,1.33,87.54,3.637,0.0,0.0,0.0,0.0,0.0,214.6513538,7.931,2,140167
94363,10,2011-10-21,0,90.0,13664.51,77.91,3.842,0.0,0.0,0.0,0.0,0.0,129.7821613,7.874,2,126512
334402,35,2010-10-01,0,23.0,31969.09,70.19,2.707,0.0,0.0,0.0,0.0,0.0,136.6297571,8.763,2,103681
250335,26,2010-10-08,0,96.0,17222.87,46.81,2.776,0.0,0.0,0.0,0.0,0.0,132.7516667,8.149,3,152513
139212,15,2010-03-26,0,36.0,1038.0,39.53,2.963,0.0,0.0,0.0,0.0,0.0,131.863129,8.35,2,123737
154234,16,2011-10-07,0,49.0,71.28,48.91,3.498,0.0,0.0,0.0,0.0,0.0,194.9459724,6.232,2,57197
30762,4,2010-05-21,0,1.0,27138.28,67.4,2.82,0.0,0.0,0.0,0.0,0.0,126.1843871,7.896,3,205863
104043,11,2011-09-09,1,9.0,20528.3,84.91,3.546,0.0,0.0,0.0,0.0,0.0,219.2135305,7.567,3,207499
35077,4,2011-07-15,0,1.0,27552.72,83.27,3.563,0.0,0.0,0.0,0.0,0.0,129.1338387,5.644,3,205863
379829,40,2012-02-10,1,94.0,37228.27,23.92,3.655,10333.24,3700.62,66.01,11804.09,7697.87,137.1666774,4.261,3,155083
175489,18,2012-03-09,0,16.0,6898.11,38.1,3.876,7410.18,368.19,25.46,1852.39,2332.07,137.5066897,8.075,2,120653
192869,20,2011-05-20,0,49.0,26707.34,59.01,4.062,0.0,0.0,0.0,0.0,0.0,208.7583165,7.287,3,203742
370889,39,2012-05-25,0,24.0,7212.5,78.31,3.561,10926.02,0.0,967.95,1983.54,6579.15,220.4287124,6.989,3,184109
169182,18,2010-06-04,0,3.0,10374.62,70.28,2.857,0.0,0.0,0.0,0.0,0.0,132.3648387,9.269,2,120653
177806,18,2012-10-26,0,91.0,25552.73,56.09,3.917,5430.61,128.31,50.0,822.64,969.64,138.7281613,8.243,2,120653
72328,8,2010-12-31,1,6.0,2908.72,41.47,2.943,0.0,0.0,0.0,0.0,0.0,214.7447295,6.433,3,155078
249138,26,2010-06-11,0,79.0,14047.67,51.62,2.83,0.0,0.0,0.0,0.0,0.0,132.4357419,8.512,3,152513
307435,32,2010-09-24,0,38.0,63862.19,64.19,2.793,0.0,0.0,0.0,0.0,0.0,190.5713264,9.017,3,203007
28085,3,2012-05-18,0,16.0,13325.99,72.38,3.63,3208.73,0.0,0.3,143.23,805.06,225.2512024,6.664,2,37392
15618,2,2011-07-08,0,91.0,79825.16,87.7,3.48,0.0,0.0,0.0,0.0,0.0,214.9296249,7.852,3,202307
235544,24,2012-03-02,0,44.0,4379.69,35.36,3.983,5903.53,3495.48,18.15,110.37,3688.64,137.4238966,8.659,3,203819
372632,40,2010-02-19,0,10.0,13688.21,27.84,2.747,0.0,0.0,0.0,0.0,0.0,131.637,5.892,3,155083
400168,43,2010-04-16,0,90.0,65298.03,69.46,2.808,0.0,0.0,0.0,0.0,0.0,202.5351571,9.593,1,41062
312090,32,2011-12-23,0,17.0,22296.87,25.97,3.173,1211.62,10.3,1255.26,33.0,4932.34,196.1713893,8.513,3,203007
290676,30,2011-04-01,0,25.0,36.0,56.36,3.524,0.0,0.0,0.0,0.0,0.0,214.4886908,7.931,1,42988
16261,2,2011-09-09,1,72.0,54597.33,77.97,3.546,0.0,0.0,0.0,0.0,0.0,215.5148295,7.852,3,202307
301126,31,2011-10-14,0,6.0,2504.96,69.79,3.274,0.0,0.0,0.0,0.0,0.0,217.0048261,7.441,3,203750
341083,35,2012-09-07,1,18.0,103.96,76.0,3.911,11678.32,0.0,53.35,1976.76,8415.89,142.500303,8.839,2,103681
31163,4,2010-07-02,0,14.0,24552.03,73.66,2.668,0.0,0.0,0.0,0.0,0.0,126.1392,7.372,3,205863
223695,23,2011-09-23,0,49.0,23703.53,57.14,3.758,0.0,0.0,0.0,0.0,0.0,136.367,4.584,2,114533
134843,14,2011-10-21,0,54.0,302.84,59.6,3.57,0.0,0.0,0.0,0.0,0.0,187.7846197,8.523,3,200898
129192,14,2010-04-02,0,93.0,73197.76,47.74,2.85,0.0,0.0,0.0,0.0,0.0,181.8657537,8.899,3,200898
39062,4,2012-08-10,0,24.0,22306.32,83.21,3.476,16996.42,36.6,60.94,4777.2,3937.09,130.7561613,4.077,3,205863
337692,35,2011-09-16,0,20.0,9609.99,69.65,3.742,0.0,0.0,0.0,0.0,0.0,140.2735,8.684,2,103681
94388,10,2011-10-21,0,52.0,5778.08,77.91,3.842,0.0,0.0,0.0,0.0,0.0,129.7821613,7.874,2,126512
199432,21,2010-05-28,0,95.0,46233.66,80.94,2.759,0.0,0.0,0.0,0.0,0.0,210.5552301,8.2,2,140167
416907,45,2011-01-07,0,79.0,13138.59,34.32,3.193,0.0,0.0,0.0,0.0,0.0,182.5983058,8.549,2,118221
379708,40,2012-01-27,0,30.0,1412.56,22.91,3.568,388.59,1327.78,126.72,38.29,1619.57,136.9598387,4.261,3,155083
63666,7,2011-04-29,0,25.0,2952.28,26.79,3.663,0.0,0.0,0.0,0.0,0.0,192.6243322,8.595,2,70713
395928,42,2011-06-03,0,46.0,5565.83,81.87,3.893,0.0,0.0,0.0,0.0,0.0,129.0490323,8.494,1,39690
175560,18,2012-03-16,0,58.0,2495.0,45.84,3.867,9284.23,167.65,4.93,2554.94,2070.14,137.5843871,8.075,2,120653
324712,34,2010-11-12,0,11.0,15790.69,47.2,2.741,0.0,0.0,0.0,0.0,0.0,126.5461613,10.21,3,158114
5482,1,2011-07-22,0,35.0,2523.99,85.77,3.651,0.0,0.0,0.0,0.0,0.0,215.4222784,7.962,3,151315
69312,8,2010-02-26,0,27.0,1367.0,37.91,2.561,0.0,0.0,0.0,0.0,0.0,214.6940735,6.299,3,155078
370552,39,2012-04-20,0,14.0,20245.26,70.04,3.877,5206.6,207.27,0.2,318.73,5241.86,220.2483937,6.989,3,184109
41841,5,2010-09-03,0,5.0,5189.72,84.06,2.577,0.0,0.0,0.0,0.0,0.0,212.0869176,6.496,2,34875
9644,1,2012-08-31,0,28.0,283.4,80.49,3.638,21442.73,102.32,21.7,13209.64,3032.96,222.3054805,6.908,3,151315
149505,16,2010-05-07,0,52.0,1934.04,37.43,2.771,0.0,0.0,0.0,0.0,0.0,189.5312483,6.842,2,57197
29458,3,2012-10-12,0,3.0,5010.04,70.31,3.601,775.31,0.0,2.78,498.54,328.16,226.9239785,6.034,2,37392
308262,32,2010-12-10,0,41.0,2960.46,36.62,2.728,0.0,0.0,0.0,0.0,0.0,190.9741069,9.137,3,203007
334494,35,2010-10-15,0,20.0,10305.92,58.38,2.868,0.0,0.0,0.0,0.0,0.0,136.6401935,8.763,2,103681
123962,13,2011-08-19,0,32.0,9966.18,76.68,3.578,0.0,0.0,0.0,0.0,0.0,129.2405806,6.877,3,219622
340314,35,2012-06-15,0,35.0,2888.76,69.52,3.62,4983.83,6.8,1.04,2545.67,1991.41,142.1292548,8.876,2,103681
165469,17,2012-02-24,0,13.0,21928.48,30.01,3.145,8628.93,3368.34,0.0,3876.56,4378.82,130.5502069,6.403,2,93188
391895,41,2012-08-17,0,54.0,74.34,65.77,3.545,1661.07,41.94,1.95,2391.72,3474.47,198.1001057,6.432,3,196321
322332,34,2010-03-26,0,26.0,3975.69,42.91,2.752,0.0,0.0,0.0,0.0,0.0,126.6050645,9.521,3,158114
32212,4,2010-10-08,0,46.0,33193.51,67.73,2.645,0.0,0.0,0.0,0.0,0.0,126.2791667,7.127,3,205863
322419,34,2010-04-02,0,31.0,756.46,50.07,2.74,0.0,0.0,0.0,0.0,0.0,126.6034839,9.593,3,158114
138783,15,2010-02-12,1,46.0,12267.47,22.0,2.94,0.0,0.0,0.0,0.0,0.0,131.5866129,8.35,2,123737
331012,34,2012-07-20,0,35.0,1332.81,77.7,3.263,2732.08,98.0,5.98,743.47,2456.79,130.7012903,9.285,3,158114
246368,25,2012-06-01,0,72.0,27390.41,69.54,3.742,6667.97,38.4,40.85,544.94,2765.31,214.5513278,7.139,2,128107
3490,1,2011-01-07,0,38.0,85242.8,48.27,2.976,0.0,0.0,0.0,0.0,0.0,211.4047419,7.742,3,151315
122986,13,2011-05-13,0,90.0,108869.87,52.4,3.77,0.0,0.0,0.0,0.0,0.0,129.089,7.193,3,219622
212953,22,2011-07-08,0,27.0,1140.26,74.22,3.784,0.0,0.0,0.0,0.0,0.0,139.5442083,8.023,2,119557
139578,15,2010-05-07,0,94.0,485.0,63.16,3.095,0.0,0.0,0.0,0.0,0.0,132.1062,8.185,2,123737
375638,40,2010-12-17,0,85.0,4525.46,23.01,3.139,0.0,0.0,0.0,0.0,0.0,132.6804516,5.287,3,155083
109654,12,2010-06-18,0,90.0,9166.11,81.06,3.043,0.0,0.0,0.0,0.0,0.0,126.114,14.099,2,112238
249763,26,2010-08-13,0,49.0,3910.8,61.58,2.81,0.0,0.0,0.0,0.0,0.0,132.63,8.445,3,152513
203368,21,2011-07-15,0,40.0,39106.95,91.05,3.575,0.0,0.0,0.0,0.0,0.0,215.0134426,7.852,2,140167
168198,18,2010-02-26,0,33.0,9753.44,35.42,2.753,0.0,0.0,0.0,0.0,0.0,131.686,9.202,2,120653
155105,16,2011-12-30,1,4.0,16922.76,23.91,3.119,921.67,11778.68,101.87,272.51,1673.25,196.3586101,6.232,2,57197
300816,31,2011-09-09,1,3.0,9574.9,78.87,3.546,0.0,0.0,0.0,0.0,0.0,215.5148295,7.852,3,203750
45606,5,2011-10-28,0,25.0,2452.62,69.27,3.372,0.0,0.0,0.0,0.0,0.0,218.2468539,6.3,2,34875
285529,29,2012-03-16,0,24.0,3778.05,46.06,3.867,4383.29,94.3,0.99,642.33,1575.61,137.5843871,8.988,2,93638
361676,38,2012-07-13,0,42.0,153.73,95.61,3.723,609.49,0.0,2.05,0.0,752.29,130.683,10.926,1,39690
298696,31,2011-02-11,1,32.0,6191.13,34.61,3.022,0.0,0.0,0.0,0.0,0.0,212.5928624,8.028,3,203750
407617,44,2010-07-23,0,82.0,3380.39,82.27,2.797,0.0,0.0,0.0,0.0,0.0,126.1283548,7.804,1,39910
336024,35,2011-03-25,0,25.0,12576.24,40.11,3.625,0.0,0.0,0.0,0.0,0.0,137.8478929,8.549,2,103681
362388,38,2012-10-12,0,94.0,22994.58,71.74,4.468,202.43,0.0,8.66,0.22,700.92,131.1083333,10.199,1,39690
341264,35,2012-09-21,0,56.0,329.1,66.1,4.038,6982.1,87.37,6.0,2085.94,9129.21,142.6798167,8.839,2,103681
121221,13,2010-11-26,1,34.0,20914.06,28.22,2.83,0.0,0.0,0.0,0.0,0.0,126.6692667,7.795,3,219622
374462,40,2010-08-20,0,31.0,2734.5,67.05,2.796,0.0,0.0,0.0,0.0,0.0,132.6616129,5.326,3,155083
383696,41,2010-05-28,0,21.0,5031.04,56.97,2.737,0.0,0.0,0.0,0.0,0.0,189.4452425,7.363,3,196321
334808,35,2010-11-19,0,98.0,5.5,50.81,3.0,0.0,0.0,0.0,0.0,0.0,136.7715714,8.763,2,103681
314066,32,2012-07-06,0,13.0,30931.68,78.68,3.646,6157.85,472.3,28.64,3908.86,6007.28,197.8322195,7.872,3,203007
106533,11,2012-05-11,0,1.0,14541.98,75.13,3.688,15656.23,0.0,21.7,4600.43,3707.51,225.2351496,6.664,3,207499
162520,17,2011-05-06,0,7.0,21290.78,45.66,3.744,0.0,0.0,0.0,0.0,0.0,129.0444333,6.774,2,93188
358984,38,2011-07-15,0,46.0,4834.24,88.1,3.692,0.0,0.0,0.0,0.0,0.0,129.1338387,13.503,1,39690
98821,11,2010-04-02,0,79.0,36389.26,66.16,2.719,0.0,0.0,0.0,0.0,0.0,214.1180803,7.343,3,207499
255924,26,2012-04-27,0,28.0,209.9,43.6,4.023,1946.7,32.65,21.62,24.1,2152.4,137.9781333,7.489,3,152513
246393,25,2012-06-01,0,3.0,6751.82,69.54,3.742,6667.97,38.4,40.85,544.94,2765.31,214.5513278,7.139,2,128107
225414,23,2012-03-09,0,90.0,24043.53,33.11,3.876,8575.57,1125.61,5.08,4365.63,2742.87,137.5066897,4.261,2,114533
100422,11,2010-09-10,1,3.0,14134.88,81.93,2.565,0.0,0.0,0.0,0.0,0.0,214.8065431,7.346,3,207499
16351,2,2011-09-16,0,58.0,15497.5,78.85,3.526,0.0,0.0,0.0,0.0,0.0,215.6944378,7.852,3,202307
312585,32,2012-02-10,1,83.0,3612.43,23.34,3.103,19784.57,9309.88,225.85,29483.81,5473.82,196.9195056,8.256,3,203007
375460,40,2010-11-26,1,3.0,6618.6,32.94,3.07,0.0,0.0,0.0,0.0,0.0,132.8369333,5.287,3,155083
222499,23,2011-05-27,0,81.0,9219.8,63.27,4.034,0.0,0.0,0.0,0.0,0.0,134.7677742,4.781,2,114533
378499,40,2011-09-30,0,32.0,4134.61,63.45,3.684,0.0,0.0,0.0,0.0,0.0,136.4195,4.584,3,155083
359877,38,2011-11-18,0,97.0,9197.58,54.2,3.813,27.61,8.22,1.32,0.0,2034.39,129.8268333,12.89,1,39690
229461,24,2010-07-16,0,36.0,1559.5,76.56,2.933,0.0,0.0,0.0,0.0,0.0,132.5667742,8.117,3,203819
219474,23,2010-07-30,0,11.0,32229.49,69.71,2.792,0.0,0.0,0.0,0.0,0.0,132.5983871,5.326,2,114533
368851,39,2011-11-04,0,22.0,13811.7,58.04,3.332,0.0,0.0,0.0,0.0,0.0,216.5634344,7.716,3,184109
321543,33,2012-09-21,0,9.0,22.72,86.53,4.125,427.64,0.0,0.0,0.0,392.74,131.0103333,7.147,3,39690
405877,43,2012-08-10,0,81.0,20327.76,86.36,3.494,173.95,0.0,9.33,0.0,1073.06,213.3473641,9.285,1,41062
327391,34,2011-07-29,0,59.0,214.36,78.04,3.659,0.0,0.0,0.0,0.0,0.0,129.1677097,10.641,3,158114
301517,31,2011-11-18,0,4.0,37856.48,61.9,3.308,6756.03,591.76,71.38,462.18,12533.58,217.8670218,7.441,3,203750
216179,22,2012-06-01,0,26.0,9249.18,70.01,3.798,16432.28,7.6,73.36,3723.8,3331.57,142.1095438,7.671,2,119557
244345,25,2011-11-11,0,30.0,2023.24,44.81,3.53,7642.65,8851.65,196.09,3286.86,3287.36,210.9810201,7.082,2,128107
83540,9,2011-07-08,0,25.0,5467.02,89.04,3.48,0.0,0.0,0.0,0.0,0.0,218.8755955,6.404,2,125833
349360,37,2010-08-27,0,4.0,18106.91,84.62,2.619,0.0,0.0,0.0,0.0,0.0,210.3292106,8.36,1,39910
254202,26,2011-11-11,0,6.0,3448.77,40.08,3.57,7174.09,6889.46,292.44,1581.44,2399.33,136.4618065,7.598,3,152513
337592,35,2011-09-02,0,55.0,10844.49,71.44,3.703,0.0,0.0,0.0,0.0,0.0,140.196985,8.684,2,103681
334647,35,2010-10-29,0,56.0,59.5,61.02,2.921,0.0,0.0,0.0,0.0,0.0,136.7375484,8.763,2,103681
333946,35,2010-08-20,0,95.0,51544.03,75.16,2.779,0.0,0.0,0.0,0.0,0.0,136.5249182,8.861,2,103681
316696,33,2010-09-17,0,8.0,2761.47,89.43,3.028,0.0,0.0,0.0,0.0,0.0,126.1454667,9.495,3,39690
100947,11,2010-10-29,0,25.0,10898.25,74.21,2.716,0.0,0.0,0.0,0.0,0.0,215.2274686,7.564,3,207499
111410,12,2010-12-17,0,29.0,9944.48,52.77,3.236,0.0,0.0,0.0,0.0,0.0,126.8794839,14.313,2,112238
264019,27,2011-10-07,0,54.0,114.92,56.91,3.775,0.0,0.0,0.0,0.0,0.0,140.43475,7.906,3,204184
52251,6,2010-12-24,0,93.0,57706.34,55.07,2.886,0.0,0.0,0.0,0.0,0.0,212.9165082,7.007,3,202505
148768,16,2010-02-19,0,51.0,37.42,21.13,2.55,0.0,0.0,0.0,0.0,0.0,189.5340998,7.039,2,57197
386316,41,2011-02-18,0,1.0,29118.62,39.39,3.051,0.0,0.0,0.0,0.0,0.0,191.9178331,7.241,3,196321
191722,20,2011-01-28,0,17.0,13720.49,23.21,3.237,0.0,0.0,0.0,0.0,0.0,205.3894952,7.343,3,203742
158797,17,2010-04-16,0,3.0,16984.76,45.22,2.915,0.0,0.0,0.0,0.0,0.0,126.5621,6.635,2,93188
341896,36,2010-03-19,0,82.0,4322.2,59.56,2.701,0.0,0.0,0.0,0.0,0.0,209.9803208,8.554,3,39910
395127,42,2011-02-04,0,92.0,91802.77,44.88,3.348,0.0,0.0,0.0,0.0,0.0,127.7195806,8.744,1,39690
293601,30,2012-05-04,0,8.0,12161.26,77.53,3.749,1136.36,0.0,19.09,14.33,2003.64,221.3095166,6.891,1,42988
144866,15,2011-10-21,0,4.0,13606.59,51.67,3.757,0.0,0.0,0.0,0.0,0.0,136.5017742,7.866,2,123737
366448,39,2011-03-04,0,35.0,2535.0,63.56,3.288,0.0,0.0,0.0,0.0,0.0,212.576205,8.395,3,184109
244270,25,2011-11-04,0,22.0,6199.24,40.88,3.551,0.0,0.0,0.0,0.0,0.0,210.8364551,7.082,2,128107
168357,18,2010-03-12,0,1.0,20363.22,42.39,2.805,0.0,0.0,0.0,0.0,0.0,131.784,9.202,2,120653
211522,22,2011-02-04,0,67.0,11375.53,26.39,3.24,0.0,0.0,0.0,0.0,0.0,137.0542431,8.458,2,119557
107075,11,2012-06-29,0,56.0,1362.3,87.86,3.286,4430.73,219.8,0.0,1799.43,6504.38,225.3492435,6.664,3,207499
280529,29,2010-10-08,0,16.0,2155.02,56.32,2.776,0.0,0.0,0.0,0.0,0.0,132.7516667,10.524,2,93638
40842,5,2010-05-14,0,6.0,1342.6,74.79,2.854,0.0,0.0,0.0,0.0,0.0,210.8872772,6.465,2,34875
195371,20,2012-01-20,0,3.0,14814.69,27.65,3.533,2465.98,5030.4,106.54,999.54,3380.92,212.8336399,6.961,3,203742
141813,15,2010-12-17,0,87.0,10234.48,25.3,3.301,0.0,0.0,0.0,0.0,0.0,132.6804516,8.067,2,123737
414215,45,2010-04-02,0,98.0,93.79,47.74,2.85,0.0,0.0,0.0,0.0,0.0,181.8657537,8.899,2,118221
110098,12,2010-07-30,0,42.0,5263.11,96.31,3.017,0.0,0.0,0.0,0.0,0.0,126.1069032,14.18,2,112238
285454,29,2012-03-09,0,26.0,3865.7,41.72,3.876,5564.21,396.61,0.0,531.23,1542.59,137.5066897,8.988,2,93638
171805,18,2011-02-25,0,71.0,9155.78,26.15,3.281,0.0,0.0,0.0,0.0,0.0,133.4921429,9.131,2,120653
260894,27,2010-12-03,0,52.0,2083.53,41.81,3.2,0.0,0.0,0.0,0.0,0.0,136.6075714,8.021,3,204184
407013,44,2010-04-23,0,72.0,79.14,55.66,2.936,0.0,0.0,0.0,0.0,0.0,126.4713333,7.972,1,39910
255351,26,2012-03-02,0,93.0,23622.13,22.49,3.827,20215.36,1400.8,7.35,15485.84,2581.11,137.4238966,7.467,3,152513
80862,9,2010-09-10,1,14.0,5829.44,77.7,2.565,0.0,0.0,0.0,0.0,0.0,215.0359315,6.442,2,125833
217093,22,2012-09-07,1,72.0,60002.18,73.3,3.921,12941.56,4.0,37.34,2510.1,3346.55,142.500303,7.753,2,119557
377159,40,2011-05-20,0,20.0,3167.07,56.38,4.101,0.0,0.0,0.0,0.0,0.0,134.6803871,4.781,3,155083
332705,35,2010-04-09,0,17.0,21050.07,62.62,2.869,0.0,0.0,0.0,0.0,0.0,135.7856359,9.051,2,103681
264439,27,2011-11-18,0,4.0,46648.25,51.42,3.717,32812.24,5487.82,143.88,567.08,14703.26,140.4127857,7.906,3,204184
398400,42,2012-05-18,0,93.0,32804.45,85.19,4.308,354.41,0.0,0.0,0.0,1393.17,131.0983226,7.382,1,39690
10930,2,2010-04-02,0,20.0,6804.64,63.27,2.719,0.0,0.0,0.0,0.0,0.0,210.4798874,8.2,3,202307
185623,19,2012-03-02,0,99.0,30.0,34.83,3.983,28177.29,3485.95,22.78,31324.8,2851.55,137.4238966,7.943,3,203819
406038,43,2012-09-07,1,93.0,40081.07,84.99,3.73,610.93,0.0,18.29,50.5,516.76,213.7990991,9.285,1,41062
176156,18,2012-05-11,0,8.0,28498.11,57.44,3.947,11557.93,0.0,89.44,1570.63,3911.58,138.0882667,8.304,2,120653
378860,40,2011-11-04,0,5.0,19003.06,35.4,3.586,0.0,0.0,0.0,0.0,0.0,136.475129,4.42,3,155083
323785,34,2010-08-13,0,22.0,5212.77,76.72,2.698,0.0,0.0,0.0,0.0,0.0,126.064,9.816,3,158114
213648,22,2011-09-16,0,30.0,4287.66,68.08,3.809,0.0,0.0,0.0,0.0,0.0,140.2735,8.023,2,119557
177930,19,2010-02-05,0,94.0,39778.67,20.96,2.954,0.0,0.0,0.0,0.0,0.0,131.5279032,8.35,3,203819
113323,12,2011-07-08,0,25.0,22425.04,89.9,3.705,0.0,0.0,0.0,0.0,0.0,129.1125,13.503,2,112238
98434,11,2010-02-19,0,41.0,1186.52,48.3,2.514,0.0,0.0,0.0,0.0,0.0,214.6198868,7.368,3,207499
73997,8,2011-06-17,0,11.0,29595.12,84.73,3.637,0.0,0.0,0.0,0.0,0.0,218.4021448,6.297,3,155078
199056,21,2010-04-16,0,94.0,1.58,67.87,2.808,0.0,0.0,0.0,0.0,0.0,210.1495463,8.2,2,140167
113738,12,2011-08-19,0,19.0,2780.45,91.74,3.743,0.0,0.0,0.0,0.0,0.0,129.2405806,13.503,2,112238
296994,31,2010-08-27,0,32.0,4731.84,86.2,2.619,0.0,0.0,0.0,0.0,0.0,211.2241759,8.099,3,203750
132729,14,2011-03-25,0,35.0,3951.58,41.76,3.625,0.0,0.0,0.0,0.0,0.0,184.9943679,8.549,3,200898
67418,7,2012-05-18,0,16.0,28249.76,49.41,3.837,3225.22,0.0,24.83,508.1,1897.92,197.5553137,8.09,2,70713
359389,38,2011-09-09,1,40.0,15207.41,88.0,3.913,0.0,0.0,0.0,0.0,0.0,129.3686129,13.503,1,39690
206488,21,2012-06-01,0,31.0,2266.77,79.24,3.501,11678.88,0.0,60.71,3660.14,3630.08,221.3852748,6.891,2,140167
356561,38,2010-08-20,0,7.0,361.22,92.81,3.041,0.0,0.0,0.0,0.0,0.0,126.0766452,14.18,1,39690
19200,2,2012-06-22,0,59.0,213.33,81.04,3.346,12126.02,314.0,60.99,6058.6,36430.33,221.4411622,6.891,3,202307
150787,16,2010-09-24,0,44.0,3369.75,58.19,2.793,0.0,0.0,0.0,0.0,0.0,190.5713264,6.868,2,57197
62912,7,2011-02-11,1,31.0,1512.0,10.24,3.037,0.0,0.0,0.0,0.0,0.0,191.8572881,8.818,2,70713
33299,4,2011-01-21,0,21.0,8770.9,38.34,3.017,0.0,0.0,0.0,0.0,0.0,127.4404839,6.51,3,205863
409797,44,2011-05-27,0,40.0,13788.69,54.62,3.778,0.0,0.0,0.0,0.0,0.0,129.0623548,6.906,1,39910
83914,9,2011-08-19,0,26.0,2785.06,85.8,3.554,0.0,0.0,0.0,0.0,0.0,219.2556109,6.404,2,125833
55984,6,2011-12-23,0,52.0,5921.7,49.45,3.112,2143.54,55.54,1417.2,23.41,5336.5,220.9477245,6.551,3,202505
183979,19,2011-09-23,0,32.0,5792.36,61.32,3.899,0.0,0.0,0.0,0.0,0.0,136.367,7.806,3,203819
7294,1,2012-01-13,0,45.0,11.97,48.53,3.261,5183.29,8025.87,42.24,453.08,3719.38,219.8925263,7.348,3,151315
203864,21,2011-09-09,1,54.0,58.92,78.87,3.546,0.0,0.0,0.0,0.0,0.0,215.5148295,7.852,2,140167
322536,34,2010-04-09,0,10.0,17229.53,51.26,2.773,0.0,0.0,0.0,0.0,0.0,126.6019032,9.593,3,158114
202999,21,2011-06-03,0,29.0,4315.93,83.82,3.699,0.0,0.0,0.0,0.0,0.0,214.9254865,7.931,2,140167
419,1,2010-03-12,0,8.0,34342.64,57.79,2.667,0.0,0.0,0.0,0.0,0.0,211.3806429,8.106,3,151315
107745,11,2012-09-07,1,29.0,7330.31,85.17,3.73,14597.86,56.0,45.05,3235.27,2855.68,225.9660263,6.334,3,207499
77008,8,2012-04-20,0,16.0,27888.57,63.59,3.877,3600.79,2105.64,4.9,1768.65,14945.23,225.1179914,5.679,3,155078
330840,34,2012-07-06,0,38.0,48509.14,77.95,3.187,6438.2,174.8,103.13,2529.03,3839.19,130.7196333,9.285,3,158114
178356,19,2010-03-19,0,59.0,732.22,43.74,2.96,0.0,0.0,0.0,0.0,0.0,131.8242903,8.35,3,203819
267871,27,2012-10-19,0,49.0,15499.67,56.53,4.153,2639.32,0.0,4.77,575.48,3147.23,142.8633629,8.0,3,204184
313408,32,2012-05-04,0,5.0,13742.09,58.29,3.903,11832.54,0.0,117.43,1881.84,4729.13,197.6063534,8.09,3,203007
95625,10,2012-02-17,0,20.0,16622.05,54.12,3.781,20174.89,8935.08,10.8,6330.02,12821.24,130.4546207,7.545,2,126512
32594,4,2010-11-19,0,54.0,106.84,48.05,2.78,0.0,0.0,0.0,0.0,0.0,126.6072,7.127,3,205863
331206,34,2012-08-10,0,13.0,25728.95,78.26,3.476,9297.06,12.0,8.3,4250.64,2103.48,130.7561613,9.285,3,158114
115051,12,2011-12-30,1,93.0,677.48,44.64,3.428,6982.02,58804.91,60.29,1268.21,3553.79,130.0710323,12.89,2,112238
157697,16,2012-09-21,0,35.0,82.85,56.48,3.765,3913.62,1.91,0.0,143.35,5661.0,198.358523,6.061,2,57197
364988,39,2010-10-08,0,51.0,9.62,64.8,2.633,0.0,0.0,0.0,0.0,0.0,210.5144398,8.476,3,184109
370802,39,2012-05-18,0,80.0,11343.09,72.36,3.63,6962.99,0.0,7.0,2166.87,18547.03,220.4252149,6.989,3,184109
301467,31,2011-11-11,0,98.0,9435.64,59.8,3.297,25879.08,8716.86,163.33,3983.24,7898.07,217.6455387,7.441,3,203750
66906,7,2012-03-30,0,42.0,6774.45,44.99,3.75,8460.02,2.4,9.25,385.22,1666.6,197.4133259,8.256,2,70713
125093,13,2011-12-02,0,34.0,14606.82,33.94,3.389,7945.42,56.0,25126.9,5550.87,31844.2,129.8459667,6.392,3,219622
285433,29,2012-03-09,0,42.0,3497.67,41.72,3.876,5564.21,396.61,0.0,531.23,1542.59,137.5066897,8.988,2,93638
242078,25,2011-03-25,0,93.0,459.02,38.51,3.625,0.0,0.0,0.0,0.0,0.0,207.6553444,7.343,2,128107
361847,38,2012-08-03,0,17.0,430.35,88.16,3.76,525.42,0.0,16.93,49.05,1689.86,130.737871,10.926,1,39690
228642,24,2010-04-30,0,9.0,29007.76,51.48,3.042,0.0,0.0,0.0,0.0,0.0,132.0644333,8.211,3,203819
197956,20,2012-09-28,0,13.0,56715.79,58.65,3.997,6245.6,52.64,21.5,3301.81,7195.56,215.7367162,7.28,3,203742
406275,43,2012-10-12,0,2.0,19294.01,71.14,3.601,90.11,0.0,14.56,0.0,911.55,214.6772833,8.839,1,41062
24792,3,2011-05-20,0,5.0,8413.6,75.79,3.907,0.0,0.0,0.0,0.0,0.0,219.127216,7.574,2,37392
401668,43,2010-11-26,1,11.0,1499.42,54.76,2.735,0.0,0.0,0.0,0.0,0.0,203.6952786,10.21,1,41062
296237,31,2010-06-18,0,54.0,192.0,86.18,2.637,0.0,0.0,0.0,0.0,0.0,211.1096543,8.2,3,203750
33402,4,2011-02-04,0,7.0,31963.41,34.61,2.996,0.0,0.0,0.0,0.0,0.0,127.7195806,6.51,3,205863
263420,27,2011-08-12,0,95.0,129059.15,76.67,3.995,0.0,0.0,0.0,0.0,0.0,140.0859873,7.85,3,204184
125030,13,2011-11-25,1,32.0,11254.79,38.89,3.445,1282.42,548.1,109030.75,146.33,3557.67,129.8364,6.392,3,219622
259047,27,2010-06-11,0,95.0,135464.58,68.9,2.972,0.0,0.0,0.0,0.0,0.0,136.2874263,8.058,3,204184
43829,5,2011-04-08,0,16.0,15852.29,69.64,3.622,0.0,0.0,0.0,0.0,0.0,215.6407939,6.489,2,34875
84822,9,2011-12-02,0,41.0,1464.26,46.84,3.172,1237.88,0.0,1330.53,643.78,8323.51,222.3975443,6.054,2,125833
