Unnamed: 0,Store,Date,IsHoliday,Dept,Weekly_Sales,Temperature,Fuel_Price,MarkDown1,MarkDown2,MarkDown3,MarkDown4,MarkDown5,CPI,Unemployment,Type,Size
422286,45,2012-07-20,0,11.0,15193.89,78.89,3.567,6682.75,24.24,12.83,2249.85,2288.3,191.1670428,8.684,2,118221
422287,45,2012-07-20,0,46.0,14364.96,78.89,3.567,6682.75,24.24,12.83,2249.85,2288.3,191.1670428,8.684,2,118221
422288,45,2012-07-20,0,13.0,27175.82,78.89,3.567,6682.75,24.24,12.83,2249.85,2288.3,191.1670428,8.684,2,118221
422289,45,2012-07-20,0,55.0,3974.83,78.89,3.567,6682.75,24.24,12.83,2249.85,2288.3,191.1670428,8.684,2,118221
422290,45,2012-07-20,0,40.0,36853.15,78.89,3.567,6682.75,24.24,12.83,2249.85,2288.3,191.1670428,8.684,2,118221
422291,45,2012-07-20,0,8.0,32324.25,78.89,3.567,6682.75,24.24,12.83,2249.85,2288.3,191.1670428,8.684,2,118221
422292,45,2012-07-20,0,81.0,13679.85,78.89,3.567,6682.75,24.24,12.83,2249.85,2288.3,191.1670428,8.684,2,118221
422293,45,2012-07-20,0,28.0,355.93,78.89,3.567,6682.75,24.24,12.83,2249.85,2288.3,191.1670428,8.684,2,118221
422294,45,2012-07-20,0,16.0,20083.81,78.89,3.567,6682.75,24.24,12.83,2249.85,2288.3,191.1670428,8.684,2,118221
422295,45,2012-07-20,0,42.0,4715.55,78.89,3.567,6682.75,24.24,12.83,2249.85,2288.3,191.1670428,8.684,2,118221
422296,45,2012-07-20,0,10.0,13951.38,78.89,3.567,6682.75,24.24,12.83,2249.85,2288.3,191.1670428,8.684,2,118221
422297,45,2012-07-20,0,25.0,6601.56,78.89,3.567,6682.75,24.24,12.83,2249.85,2288.3,191.1670428,8.684,2,118221
422298,45,2012-07-20,0,12.0,3839.34,78.89,3.567,6682.75,24.24,12.83,2249.85,2288.3,191.1670428,8.684,2,118221
422299,45,2012-07-20,0,27.0,784.57,78.89,3.567,6682.75,24.24,12.83,2249.85,2288.3,191.1670428,8.684,2,118221
422300,45,2012-07-20,0,41.0,598.94,78.89,3.567,6682.75,24.24,12.83,2249.85,2288.3,191.1670428,8.684,2,118221
422301,45,2012-07-20,0,92.0,45827.51,78.89,3.567,6682.75,24.24,12.83,2249.85,2288.3,191.1670428,8.684,2,118221
422302,45,2012-07-20,0,80.0,835.38,78.89,3.567,6682.75,24.24,12.83,2249.85,2288.3,191.1670428,8.684,2,118221
422303,45,2012-07-20,0,29.0,4149.15,78.89,3.567,6682.75,24.24,12.83,2249.85,2288.3,191.1670428,8.684,2,118221
422304,45,2012-07-20,0,44.0,2324.07,78.89,3.567,6682.75,24.24,12.83,2249.85,2288.3,191.1670428,8.684,2,118221
422305,45,2012-07-20,0,91.0,16905.09,78.89,3.567,6682.75,24.24,12.83,2249.85,2288.3,191.1670428,8.684,2,118221
422306,45,2012-07-20,0,87.0,7876.29,78.89,3.567,6682.75,24.24,12.83,2249.85,2288.3,191.1670428,8.684,2,118221
422307,45,2012-07-20,0,60.0,171.0,78.89,3.567,6682.75,24.24,12.83,2249.85,2288.3,191.1670428,8.684,2,118221
422308,45,2012-07-20,0,23.0,21423.7,78.89,3.567,6682.75,24.24,12.83,2249.85,2288.3,191.1670428,8.684,2,118221
422309,45,2012-07-20,0,58.0,1275.0,78.89,3.567,6682.75,24.24,12.83,2249.85,2288.3,191.1670428,8.684,2,118221
422310,45,2012-07-20,0,59.0,184.98,78.89,3.567,6682.75,24.24,12.83,2249.85,2288.3,191.1670428,8.684,2,118221
422311,45,2012-07-20,0,79.0,15006.91,78.89,3.567,6682.75,24.24,12.83,2249.85,2288.3,191.1670428,8.684,2,118221
422312,45,2012-07-20,0,5.0,9767.97,78.89,3.567,6682.75,24.24,12.83,2249.85,2288.3,191.1670428,8.684,2,118221
422313,45,2012-07-20,0,1.0,11000.62,78.89,3.567,6682.75,24.24,12.83,2249.85,2288.3,191.1670428,8.684,2,118221
422314,45,2012-07-20,0,3.0,13570.39,78.89,3.567,6682.75,24.24,12.83,2249.85,2288.3,191.1670428,8.684,2,118221
422315,45,2012-07-20,0,24.0,4010.36,78.89,3.567,6682.75,24.24,12.83,2249.85,2288.3,191.1670428,8.684,2,118221
422316,45,2012-07-20,0,22.0,6975.7,78.89,3.567,6682.75,24.24,12.83,2249.85,2288.3,191.1670428,8.684,2,118221
422317,45,2012-07-20,0,30.0,3256.98,78.89,3.567,6682.75,24.24,12.83,2249.85,2288.3,191.1670428,8.684,2,118221
422318,45,2012-07-20,0,82.0,13202.74,78.89,3.567,6682.75,24.24,12.83,2249.85,2288.3,191.1670428,8.684,2,118221
422319,45,2012-07-20,0,6.0,1946.5,78.89,3.567,6682.75,24.24,12.83,2249.85,2288.3,191.1670428,8.684,2,118221
422320,45,2012-07-20,0,36.0,706.0,78.89,3.567,6682.75,24.24,12.83,2249.85,2288.3,191.1670428,8.684,2,118221
422321,45,2012-07-20,0,19.0,1443.09,78.89,3.567,6682.75,24.24,12.83,2249.85,2288.3,191.1670428,8.684,2,118221
422322,45,2012-07-20,0,72.0,27628.73,78.89,3.567,6682.75,24.24,12.83,2249.85,2288.3,191.1670428,8.684,2,118221
422323,45,2012-07-20,0,17.0,9428.27,78.89,3.567,6682.75,24.24,12.83,2249.85,2288.3,191.1670428,8.684,2,118221
422324,45,2012-07-20,0,35.0,2495.26,78.89,3.567,6682.75,24.24,12.83,2249.85,2288.3,191.1670428,8.684,2,118221
422325,45,2012-07-20,0,33.0,5460.72,78.89,3.567,6682.75,24.24,12.83,2249.85,2288.3,191.1670428,8.684,2,118221
422326,45,2012-07-20,0,90.0,23035.84,78.89,3.567,6682.75,24.24,12.83,2249.85,2288.3,191.1670428,8.684,2,118221
422327,45,2012-07-20,0,9.0,17199.49,78.89,3.567,6682.75,24.24,12.83,2249.85,2288.3,191.1670428,8.684,2,118221
422328,45,2012-07-20,0,38.0,59375.11,78.89,3.567,6682.75,24.24,12.83,2249.85,2288.3,191.1670428,8.684,2,118221
422329,45,2012-07-20,0,4.0,24852.21,78.89,3.567,6682.75,24.24,12.83,2249.85,2288.3,191.1670428,8.684,2,118221
422330,45,2012-07-20,0,67.0,5192.12,78.89,3.567,6682.75,24.24,12.83,2249.85,2288.3,191.1670428,8.684,2,118221
422331,45,2012-07-20,0,95.0,53136.34,78.89,3.567,6682.75,24.24,12.83,2249.85,2288.3,191.1670428,8.684,2,118221
422332,45,2012-07-20,0,21.0,3782.86,78.89,3.567,6682.75,24.24,12.83,2249.85,2288.3,191.1670428,8.684,2,118221
422333,45,2012-07-20,0,34.0,15274.85,78.89,3.567,6682.75,24.24,12.83,2249.85,2288.3,191.1670428,8.684,2,118221
422334,45,2012-07-20,0,98.0,845.3,78.89,3.567,6682.75,24.24,12.83,2249.85,2288.3,191.1670428,8.684,2,118221
422335,45,2012-07-20,0,85.0,1560.22,78.89,3.567,6682.75,24.24,12.83,2249.85,2288.3,191.1670428,8.684,2,118221
422336,45,2012-07-20,0,56.0,1135.96,78.89,3.567,6682.75,24.24,12.83,2249.85,2288.3,191.1670428,8.684,2,118221
422337,45,2012-07-20,0,94.0,3618.52,78.89,3.567,6682.75,24.24,12.83,2249.85,2288.3,191.1670428,8.684,2,118221
422338,45,2012-07-20,0,7.0,16857.87,78.89,3.567,6682.75,24.24,12.83,2249.85,2288.3,191.1670428,8.684,2,118221
422339,45,2012-07-20,0,97.0,6902.68,78.89,3.567,6682.75,24.24,12.83,2249.85,2288.3,191.1670428,8.684,2,118221
422340,45,2012-07-20,0,83.0,524.12,78.89,3.567,6682.75,24.24,12.83,2249.85,2288.3,191.1670428,8.684,2,118221
422341,45,2012-07-20,0,49.0,11.97,78.89,3.567,6682.75,24.24,12.83,2249.85,2288.3,191.1670428,8.684,2,118221
422342,45,2012-07-20,0,20.0,6585.2,78.89,3.567,6682.75,24.24,12.83,2249.85,2288.3,191.1670428,8.684,2,118221
422343,45,2012-07-27,0,2.0,35499.59,77.2,3.647,5753.81,167.95,1.23,9181.48,3156.06,191.1655664,8.684,2,118221
422344,45,2012-07-27,0,32.0,3679.05,77.2,3.647,5753.81,167.95,1.23,9181.48,3156.06,191.1655664,8.684,2,118221
422345,45,2012-07-27,0,82.0,12126.43,77.2,3.647,5753.81,167.95,1.23,9181.48,3156.06,191.1655664,8.684,2,118221
422346,45,2012-07-27,0,14.0,9520.13,77.2,3.647,5753.81,167.95,1.23,9181.48,3156.06,191.1655664,8.684,2,118221
422347,45,2012-07-27,0,42.0,4660.15,77.2,3.647,5753.81,167.95,1.23,9181.48,3156.06,191.1655664,8.684,2,118221
422348,45,2012-07-27,0,10.0,14371.16,77.2,3.647,5753.81,167.95,1.23,9181.48,3156.06,191.1655664,8.684,2,118221
422349,45,2012-07-27,0,52.0,1291.92,77.2,3.647,5753.81,167.95,1.23,9181.48,3156.06,191.1655664,8.684,2,118221
422350,45,2012-07-27,0,81.0,13182.09,77.2,3.647,5753.81,167.95,1.23,9181.48,3156.06,191.1655664,8.684,2,118221
422351,45,2012-07-27,0,28.0,252.72,77.2,3.647,5753.81,167.95,1.23,9181.48,3156.06,191.1655664,8.684,2,118221
422352,45,2012-07-27,0,16.0,20278.86,77.2,3.647,5753.81,167.95,1.23,9181.48,3156.06,191.1655664,8.684,2,118221
422353,45,2012-07-27,0,46.0,13833.5,77.2,3.647,5753.81,167.95,1.23,9181.48,3156.06,191.1655664,8.684,2,118221
422354,45,2012-07-27,0,11.0,13533.88,77.2,3.647,5753.81,167.95,1.23,9181.48,3156.06,191.1655664,8.684,2,118221
422355,45,2012-07-27,0,25.0,6478.19,77.2,3.647,5753.81,167.95,1.23,9181.48,3156.06,191.1655664,8.684,2,118221
422356,45,2012-07-27,0,27.0,818.03,77.2,3.647,5753.81,167.95,1.23,9181.48,3156.06,191.1655664,8.684,2,118221
422357,45,2012-07-27,0,26.0,5225.99,77.2,3.647,5753.81,167.95,1.23,9181.48,3156.06,191.1655664,8.684,2,118221
422358,45,2012-07-27,0,80.0,650.98,77.2,3.647,5753.81,167.95,1.23,9181.48,3156.06,191.1655664,8.684,2,118221
422359,45,2012-07-27,0,1.0,11628.65,77.2,3.647,5753.81,167.95,1.23,9181.48,3156.06,191.1655664,8.684,2,118221
422360,45,2012-07-27,0,13.0,26401.62,77.2,3.647,5753.81,167.95,1.23,9181.48,3156.06,191.1655664,8.684,2,118221
422361,45,2012-07-27,0,71.0,4970.23,77.2,3.647,5753.81,167.95,1.23,9181.48,3156.06,191.1655664,8.684,2,118221
422362,45,2012-07-27,0,74.0,9710.37,77.2,3.647,5753.81,167.95,1.23,9181.48,3156.06,191.1655664,8.684,2,118221
422363,45,2012-07-27,0,60.0,126.0,77.2,3.647,5753.81,167.95,1.23,9181.48,3156.06,191.1655664,8.684,2,118221
422364,45,2012-07-27,0,55.0,3748.36,77.2,3.647,5753.81,167.95,1.23,9181.48,3156.06,191.1655664,8.684,2,118221
422365,45,2012-07-27,0,12.0,3425.39,77.2,3.647,5753.81,167.95,1.23,9181.48,3156.06,191.1655664,8.684,2,118221
422366,45,2012-07-27,0,5.0,8718.96,77.2,3.647,5753.81,167.95,1.23,9181.48,3156.06,191.1655664,8.684,2,118221
422367,45,2012-07-27,0,56.0,1010.42,77.2,3.647,5753.81,167.95,1.23,9181.48,3156.06,191.1655664,8.684,2,118221
422368,45,2012-07-27,0,93.0,3326.52,77.2,3.647,5753.81,167.95,1.23,9181.48,3156.06,191.1655664,8.684,2,118221
422369,45,2012-07-27,0,29.0,4454.44,77.2,3.647,5753.81,167.95,1.23,9181.48,3156.06,191.1655664,8.684,2,118221
422370,45,2012-07-27,0,9.0,16723.24,77.2,3.647,5753.81,167.95,1.23,9181.48,3156.06,191.1655664,8.684,2,118221
422371,45,2012-07-27,0,44.0,2248.98,77.2,3.647,5753.81,167.95,1.23,9181.48,3156.06,191.1655664,8.684,2,118221
422372,45,2012-07-27,0,40.0,35644.36,77.2,3.647,5753.81,167.95,1.23,9181.48,3156.06,191.1655664,8.684,2,118221
422373,45,2012-07-27,0,8.0,33790.96,77.2,3.647,5753.81,167.95,1.23,9181.48,3156.06,191.1655664,8.684,2,118221
422374,45,2012-07-27,0,31.0,2635.99,77.2,3.647,5753.81,167.95,1.23,9181.48,3156.06,191.1655664,8.684,2,118221
422375,45,2012-07-27,0,19.0,1478.24,77.2,3.647,5753.81,167.95,1.23,9181.48,3156.06,191.1655664,8.684,2,118221
422376,45,2012-07-27,0,58.0,1500.0,77.2,3.647,5753.81,167.95,1.23,9181.48,3156.06,191.1655664,8.684,2,118221
422377,45,2012-07-27,0,59.0,111.01,77.2,3.647,5753.81,167.95,1.23,9181.48,3156.06,191.1655664,8.684,2,118221
422378,45,2012-07-27,0,79.0,16273.73,77.2,3.647,5753.81,167.95,1.23,9181.48,3156.06,191.1655664,8.684,2,118221
422379,45,2012-07-27,0,33.0,4643.27,77.2,3.647,5753.81,167.95,1.23,9181.48,3156.06,191.1655664,8.684,2,118221
422380,45,2012-07-27,0,85.0,2032.27,77.2,3.647,5753.81,167.95,1.23,9181.48,3156.06,191.1655664,8.684,2,118221
422381,45,2012-07-27,0,92.0,44551.11,77.2,3.647,5753.81,167.95,1.23,9181.48,3156.06,191.1655664,8.684,2,118221
422382,45,2012-07-27,0,41.0,1305.82,77.2,3.647,5753.81,167.95,1.23,9181.48,3156.06,191.1655664,8.684,2,118221
422383,45,2012-07-27,0,22.0,5714.82,77.2,3.647,5753.81,167.95,1.23,9181.48,3156.06,191.1655664,8.684,2,118221
422384,45,2012-07-27,0,30.0,2829.64,77.2,3.647,5753.81,167.95,1.23,9181.48,3156.06,191.1655664,8.684,2,118221
422385,45,2012-07-27,0,97.0,6157.29,77.2,3.647,5753.81,167.95,1.23,9181.48,3156.06,191.1655664,8.684,2,118221
422386,45,2012-07-27,0,21.0,4215.8,77.2,3.647,5753.81,167.95,1.23,9181.48,3156.06,191.1655664,8.684,2,118221
422387,45,2012-07-27,0,91.0,15275.51,77.2,3.647,5753.81,167.95,1.23,9181.48,3156.06,191.1655664,8.684,2,118221
422388,45,2012-07-27,0,36.0,568.0,77.2,3.647,5753.81,167.95,1.23,9181.48,3156.06,191.1655664,8.684,2,118221
422389,45,2012-07-27,0,95.0,51943.79,77.2,3.647,5753.81,167.95,1.23,9181.48,3156.06,191.1655664,8.684,2,118221
422390,45,2012-07-27,0,23.0,20121.78,77.2,3.647,5753.81,167.95,1.23,9181.48,3156.06,191.1655664,8.684,2,118221
422391,45,2012-07-27,0,94.0,4124.28,77.2,3.647,5753.81,167.95,1.23,9181.48,3156.06,191.1655664,8.684,2,118221
422392,45,2012-07-27,0,49.0,14.0,77.2,3.647,5753.81,167.95,1.23,9181.48,3156.06,191.1655664,8.684,2,118221
422393,45,2012-07-27,0,3.0,13170.82,77.2,3.647,5753.81,167.95,1.23,9181.48,3156.06,191.1655664,8.684,2,118221
422394,45,2012-07-27,0,72.0,27690.05,77.2,3.647,5753.81,167.95,1.23,9181.48,3156.06,191.1655664,8.684,2,118221
422395,45,2012-07-27,0,38.0,51487.77,77.2,3.647,5753.81,167.95,1.23,9181.48,3156.06,191.1655664,8.684,2,118221
422396,45,2012-07-27,0,6.0,3347.96,77.2,3.647,5753.81,167.95,1.23,9181.48,3156.06,191.1655664,8.684,2,118221
422397,45,2012-07-27,0,67.0,4709.19,77.2,3.647,5753.81,167.95,1.23,9181.48,3156.06,191.1655664,8.684,2,118221
422398,45,2012-07-27,0,90.0,22243.5,77.2,3.647,5753.81,167.95,1.23,9181.48,3156.06,191.1655664,8.684,2,118221
422399,45,2012-07-27,0,4.0,23807.32,77.2,3.647,5753.81,167.95,1.23,9181.48,3156.06,191.1655664,8.684,2,118221
422400,45,2012-07-27,0,17.0,9019.48,77.2,3.647,5753.81,167.95,1.23,9181.48,3156.06,191.1655664,8.684,2,118221
422401,45,2012-07-27,0,87.0,6926.4,77.2,3.647,5753.81,167.95,1.23,9181.48,3156.06,191.1655664,8.684,2,118221
422402,45,2012-07-27,0,7.0,17067.8,77.2,3.647,5753.81,167.95,1.23,9181.48,3156.06,191.1655664,8.684,2,118221
422403,45,2012-07-27,0,24.0,3972.28,77.2,3.647,5753.81,167.95,1.23,9181.48,3156.06,191.1655664,8.684,2,118221
422404,45,2012-07-27,0,20.0,5273.26,77.2,3.647,5753.81,167.95,1.23,9181.48,3156.06,191.1655664,8.684,2,118221
422405,45,2012-07-27,0,34.0,13480.3,77.2,3.647,5753.81,167.95,1.23,9181.48,3156.06,191.1655664,8.684,2,118221
422406,45,2012-07-27,0,18.0,2.75,77.2,3.647,5753.81,167.95,1.23,9181.48,3156.06,191.1655664,8.684,2,118221
422407,45,2012-07-27,0,98.0,657.63,77.2,3.647,5753.81,167.95,1.23,9181.48,3156.06,191.1655664,8.684,2,118221
422408,45,2012-07-27,0,35.0,1591.91,77.2,3.647,5753.81,167.95,1.23,9181.48,3156.06,191.1655664,8.684,2,118221
422409,45,2012-07-27,0,83.0,395.64,77.2,3.647,5753.81,167.95,1.23,9181.48,3156.06,191.1655664,8.684,2,118221
422410,45,2012-08-03,0,14.0,10900.11,76.58,3.654,24853.05,39.56,17.96,11142.69,2768.32,191.16409,8.684,2,118221
422411,45,2012-08-03,0,13.0,27638.27,76.58,3.654,24853.05,39.56,17.96,11142.69,2768.32,191.16409,8.684,2,118221
422412,45,2012-08-03,0,97.0,6779.88,76.58,3.654,24853.05,39.56,17.96,11142.69,2768.32,191.16409,8.684,2,118221
422413,45,2012-08-03,0,12.0,3664.39,76.58,3.654,24853.05,39.56,17.96,11142.69,2768.32,191.16409,8.684,2,118221
422414,45,2012-08-03,0,52.0,1140.31,76.58,3.654,24853.05,39.56,17.96,11142.69,2768.32,191.16409,8.684,2,118221
422415,45,2012-08-03,0,2.0,37472.02,76.58,3.654,24853.05,39.56,17.96,11142.69,2768.32,191.16409,8.684,2,118221
422416,45,2012-08-03,0,95.0,52958.13,76.58,3.654,24853.05,39.56,17.96,11142.69,2768.32,191.16409,8.684,2,118221
422417,45,2012-08-03,0,42.0,4942.73,76.58,3.654,24853.05,39.56,17.96,11142.69,2768.32,191.16409,8.684,2,118221
422418,45,2012-08-03,0,27.0,693.26,76.58,3.654,24853.05,39.56,17.96,11142.69,2768.32,191.16409,8.684,2,118221
422419,45,2012-08-03,0,28.0,285.85,76.58,3.654,24853.05,39.56,17.96,11142.69,2768.32,191.16409,8.684,2,118221
422420,45,2012-08-03,0,58.0,2575.0,76.58,3.654,24853.05,39.56,17.96,11142.69,2768.32,191.16409,8.684,2,118221
422421,45,2012-08-03,0,11.0,10593.41,76.58,3.654,24853.05,39.56,17.96,11142.69,2768.32,191.16409,8.684,2,118221
422422,45,2012-08-03,0,25.0,7471.54,76.58,3.654,24853.05,39.56,17.96,11142.69,2768.32,191.16409,8.684,2,118221
422423,45,2012-08-03,0,79.0,15922.63,76.58,3.654,24853.05,39.56,17.96,11142.69,2768.32,191.16409,8.684,2,118221
422424,45,2012-08-03,0,92.0,47726.32,76.58,3.654,24853.05,39.56,17.96,11142.69,2768.32,191.16409,8.684,2,118221
422425,45,2012-08-03,0,44.0,2353.81,76.58,3.654,24853.05,39.56,17.96,11142.69,2768.32,191.16409,8.684,2,118221
422426,45,2012-08-03,0,9.0,15680.81,76.58,3.654,24853.05,39.56,17.96,11142.69,2768.32,191.16409,8.684,2,118221
422427,45,2012-08-03,0,54.0,23.92,76.58,3.654,24853.05,39.56,17.96,11142.69,2768.32,191.16409,8.684,2,118221
422428,45,2012-08-03,0,31.0,3238.74,76.58,3.654,24853.05,39.56,17.96,11142.69,2768.32,191.16409,8.684,2,118221
422429,45,2012-08-03,0,71.0,4207.06,76.58,3.654,24853.05,39.56,17.96,11142.69,2768.32,191.16409,8.684,2,118221
422430,45,2012-08-03,0,74.0,11207.17,76.58,3.654,24853.05,39.56,17.96,11142.69,2768.32,191.16409,8.684,2,118221
422431,45,2012-08-03,0,93.0,3485.68,76.58,3.654,24853.05,39.56,17.96,11142.69,2768.32,191.16409,8.684,2,118221
422432,45,2012-08-03,0,81.0,14382.04,76.58,3.654,24853.05,39.56,17.96,11142.69,2768.32,191.16409,8.684,2,118221
422433,45,2012-08-03,0,94.0,4478.22,76.58,3.654,24853.05,39.56,17.96,11142.69,2768.32,191.16409,8.684,2,118221
422434,45,2012-08-03,0,46.0,13992.72,76.58,3.654,24853.05,39.56,17.96,11142.69,2768.32,191.16409,8.684,2,118221
422435,45,2012-08-03,0,26.0,5078.43,76.58,3.654,24853.05,39.56,17.96,11142.69,2768.32,191.16409,8.684,2,118221
422436,45,2012-08-03,0,72.0,25010.53,76.58,3.654,24853.05,39.56,17.96,11142.69,2768.32,191.16409,8.684,2,118221
422437,45,2012-08-03,0,29.0,4801.32,76.58,3.654,24853.05,39.56,17.96,11142.69,2768.32,191.16409,8.684,2,118221
422438,45,2012-08-03,0,59.0,112.24,76.58,3.654,24853.05,39.56,17.96,11142.69,2768.32,191.16409,8.684,2,118221
422439,45,2012-08-03,0,67.0,4646.9,76.58,3.654,24853.05,39.56,17.96,11142.69,2768.32,191.16409,8.684,2,118221
422440,45,2012-08-03,0,16.0,17030.6,76.58,3.654,24853.05,39.56,17.96,11142.69,2768.32,191.16409,8.684,2,118221
422441,45,2012-08-03,0,40.0,38566.87,76.58,3.654,24853.05,39.56,17.96,11142.69,2768.32,191.16409,8.684,2,118221
422442,45,2012-08-03,0,82.0,13395.68,76.58,3.654,24853.05,39.56,17.96,11142.69,2768.32,191.16409,8.684,2,118221
422443,45,2012-08-03,0,6.0,1622.96,76.58,3.654,24853.05,39.56,17.96,11142.69,2768.32,191.16409,8.684,2,118221
422444,45,2012-08-03,0,10.0,14140.55,76.58,3.654,24853.05,39.56,17.96,11142.69,2768.32,191.16409,8.684,2,118221
422445,45,2012-08-03,0,60.0,261.0,76.58,3.654,24853.05,39.56,17.96,11142.69,2768.32,191.16409,8.684,2,118221
422446,45,2012-08-03,0,3.0,15167.98,76.58,3.654,24853.05,39.56,17.96,11142.69,2768.32,191.16409,8.684,2,118221
422447,45,2012-08-03,0,5.0,8224.15,76.58,3.654,24853.05,39.56,17.96,11142.69,2768.32,191.16409,8.684,2,118221
422448,45,2012-08-03,0,56.0,763.66,76.58,3.654,24853.05,39.56,17.96,11142.69,2768.32,191.16409,8.684,2,118221
422449,45,2012-08-03,0,38.0,55100.78,76.58,3.654,24853.05,39.56,17.96,11142.69,2768.32,191.16409,8.684,2,118221
422450,45,2012-08-03,0,41.0,809.41,76.58,3.654,24853.05,39.56,17.96,11142.69,2768.32,191.16409,8.684,2,118221
422451,45,2012-08-03,0,7.0,12785.66,76.58,3.654,24853.05,39.56,17.96,11142.69,2768.32,191.16409,8.684,2,118221
422452,45,2012-08-03,0,49.0,-1.91,76.58,3.654,24853.05,39.56,17.96,11142.69,2768.32,191.16409,8.684,2,118221
422453,45,2012-08-03,0,1.0,11285.1,76.58,3.654,24853.05,39.56,17.96,11142.69,2768.32,191.16409,8.684,2,118221
422454,45,2012-08-03,0,8.0,33538.54,76.58,3.654,24853.05,39.56,17.96,11142.69,2768.32,191.16409,8.684,2,118221
422455,45,2012-08-03,0,91.0,16891.36,76.58,3.654,24853.05,39.56,17.96,11142.69,2768.32,191.16409,8.684,2,118221
422456,45,2012-08-03,0,55.0,3409.0,76.58,3.654,24853.05,39.56,17.96,11142.69,2768.32,191.16409,8.684,2,118221
422457,45,2012-08-03,0,19.0,972.55,76.58,3.654,24853.05,39.56,17.96,11142.69,2768.32,191.16409,8.684,2,118221
422458,45,2012-08-03,0,23.0,20803.53,76.58,3.654,24853.05,39.56,17.96,11142.69,2768.32,191.16409,8.684,2,118221
422459,45,2012-08-03,0,22.0,6750.75,76.58,3.654,24853.05,39.56,17.96,11142.69,2768.32,191.16409,8.684,2,118221
422460,45,2012-08-03,0,17.0,9444.46,76.58,3.654,24853.05,39.56,17.96,11142.69,2768.32,191.16409,8.684,2,118221
422461,45,2012-08-03,0,47.0,224.0,76.58,3.654,24853.05,39.56,17.96,11142.69,2768.32,191.16409,8.684,2,118221
422462,45,2012-08-03,0,24.0,3733.44,76.58,3.654,24853.05,39.56,17.96,11142.69,2768.32,191.16409,8.684,2,118221
422463,45,2012-08-03,0,98.0,516.46,76.58,3.654,24853.05,39.56,17.96,11142.69,2768.32,191.16409,8.684,2,118221
422464,45,2012-08-03,0,35.0,1208.99,76.58,3.654,24853.05,39.56,17.96,11142.69,2768.32,191.16409,8.684,2,118221
422465,45,2012-08-03,0,20.0,5674.94,76.58,3.654,24853.05,39.56,17.96,11142.69,2768.32,191.16409,8.684,2,118221
422466,45,2012-08-03,0,90.0,22648.51,76.58,3.654,24853.05,39.56,17.96,11142.69,2768.32,191.16409,8.684,2,118221
422467,45,2012-08-03,0,33.0,5109.29,76.58,3.654,24853.05,39.56,17.96,11142.69,2768.32,191.16409,8.684,2,118221
422468,45,2012-08-03,0,21.0,4273.43,76.58,3.654,24853.05,39.56,17.96,11142.69,2768.32,191.16409,8.684,2,118221
422469,45,2012-08-03,0,80.0,878.44,76.58,3.654,24853.05,39.56,17.96,11142.69,2768.32,191.16409,8.684,2,118221
422470,45,2012-08-03,0,87.0,9575.38,76.58,3.654,24853.05,39.56,17.96,11142.69,2768.32,191.16409,8.684,2,118221
422471,45,2012-08-03,0,85.0,1656.99,76.58,3.654,24853.05,39.56,17.96,11142.69,2768.32,191.16409,8.684,2,118221
422472,45,2012-08-03,0,32.0,3435.97,76.58,3.654,24853.05,39.56,17.96,11142.69,2768.32,191.16409,8.684,2,118221
422473,45,2012-08-03,0,4.0,24109.08,76.58,3.654,24853.05,39.56,17.96,11142.69,2768.32,191.16409,8.684,2,118221
422474,45,2012-08-03,0,18.0,18.52,76.58,3.654,24853.05,39.56,17.96,11142.69,2768.32,191.16409,8.684,2,118221
422475,45,2012-08-03,0,83.0,639.72,76.58,3.654,24853.05,39.56,17.96,11142.69,2768.32,191.16409,8.684,2,118221
422476,45,2012-08-03,0,30.0,3407.56,76.58,3.654,24853.05,39.56,17.96,11142.69,2768.32,191.16409,8.684,2,118221
422477,45,2012-08-03,0,34.0,13540.67,76.58,3.654,24853.05,39.56,17.96,11142.69,2768.32,191.16409,8.684,2,118221
422478,45,2012-08-03,0,36.0,652.0,76.58,3.654,24853.05,39.56,17.96,11142.69,2768.32,191.16409,8.684,2,118221
422479,45,2012-08-10,0,27.0,813.79,78.65,3.722,17868.84,50.6,57.66,2593.93,1890.59,191.1626135,8.684,2,118221
422480,45,2012-08-10,0,12.0,3549.77,78.65,3.722,17868.84,50.6,57.66,2593.93,1890.59,191.1626135,8.684,2,118221
422481,45,2012-08-10,0,26.0,5129.85,78.65,3.722,17868.84,50.6,57.66,2593.93,1890.59,191.1626135,8.684,2,118221
422482,45,2012-08-10,0,14.0,10286.96,78.65,3.722,17868.84,50.6,57.66,2593.93,1890.59,191.1626135,8.684,2,118221
422483,45,2012-08-10,0,38.0,53978.88,78.65,3.722,17868.84,50.6,57.66,2593.93,1890.59,191.1626135,8.684,2,118221
422484,45,2012-08-10,0,79.0,14982.68,78.65,3.722,17868.84,50.6,57.66,2593.93,1890.59,191.1626135,8.684,2,118221
422485,45,2012-08-10,0,42.0,4563.71,78.65,3.722,17868.84,50.6,57.66,2593.93,1890.59,191.1626135,8.684,2,118221
422486,45,2012-08-10,0,93.0,3171.56,78.65,3.722,17868.84,50.6,57.66,2593.93,1890.59,191.1626135,8.684,2,118221
422487,45,2012-08-10,0,1.0,10985.3,78.65,3.722,17868.84,50.6,57.66,2593.93,1890.59,191.1626135,8.684,2,118221
422488,45,2012-08-10,0,81.0,14999.77,78.65,3.722,17868.84,50.6,57.66,2593.93,1890.59,191.1626135,8.684,2,118221
422489,45,2012-08-10,0,13.0,27944.11,78.65,3.722,17868.84,50.6,57.66,2593.93,1890.59,191.1626135,8.684,2,118221
422490,45,2012-08-10,0,72.0,32159.69,78.65,3.722,17868.84,50.6,57.66,2593.93,1890.59,191.1626135,8.684,2,118221
422491,45,2012-08-10,0,2.0,39759.95,78.65,3.722,17868.84,50.6,57.66,2593.93,1890.59,191.1626135,8.684,2,118221
422492,45,2012-08-10,0,9.0,16348.81,78.65,3.722,17868.84,50.6,57.66,2593.93,1890.59,191.1626135,8.684,2,118221
422493,45,2012-08-10,0,41.0,1388.46,78.65,3.722,17868.84,50.6,57.66,2593.93,1890.59,191.1626135,8.684,2,118221
422494,45,2012-08-10,0,28.0,478.38,78.65,3.722,17868.84,50.6,57.66,2593.93,1890.59,191.1626135,8.684,2,118221
422495,45,2012-08-10,0,54.0,34.92,78.65,3.722,17868.84,50.6,57.66,2593.93,1890.59,191.1626135,8.684,2,118221
422496,45,2012-08-10,0,8.0,34873.84,78.65,3.722,17868.84,50.6,57.66,2593.93,1890.59,191.1626135,8.684,2,118221
422497,45,2012-08-10,0,25.0,7456.63,78.65,3.722,17868.84,50.6,57.66,2593.93,1890.59,191.1626135,8.684,2,118221
422498,45,2012-08-10,0,16.0,16833.73,78.65,3.722,17868.84,50.6,57.66,2593.93,1890.59,191.1626135,8.684,2,118221
422499,45,2012-08-10,0,74.0,10545.42,78.65,3.722,17868.84,50.6,57.66,2593.93,1890.59,191.1626135,8.684,2,118221
422500,45,2012-08-10,0,60.0,180.0,78.65,3.722,17868.84,50.6,57.66,2593.93,1890.59,191.1626135,8.684,2,118221
422501,45,2012-08-10,0,58.0,1745.0,78.65,3.722,17868.84,50.6,57.66,2593.93,1890.59,191.1626135,8.684,2,118221
422502,45,2012-08-10,0,11.0,10401.15,78.65,3.722,17868.84,50.6,57.66,2593.93,1890.59,191.1626135,8.684,2,118221
422503,45,2012-08-10,0,29.0,4228.63,78.65,3.722,17868.84,50.6,57.66,2593.93,1890.59,191.1626135,8.684,2,118221
422504,45,2012-08-10,0,56.0,925.88,78.65,3.722,17868.84,50.6,57.66,2593.93,1890.59,191.1626135,8.684,2,118221
422505,45,2012-08-10,0,24.0,4435.75,78.65,3.722,17868.84,50.6,57.66,2593.93,1890.59,191.1626135,8.684,2,118221
422506,45,2012-08-10,0,44.0,2821.89,78.65,3.722,17868.84,50.6,57.66,2593.93,1890.59,191.1626135,8.684,2,118221
422507,45,2012-08-10,0,97.0,6361.79,78.65,3.722,17868.84,50.6,57.66,2593.93,1890.59,191.1626135,8.684,2,118221
422508,45,2012-08-10,0,92.0,48459.05,78.65,3.722,17868.84,50.6,57.66,2593.93,1890.59,191.1626135,8.684,2,118221
422509,45,2012-08-10,0,21.0,4088.16,78.65,3.722,17868.84,50.6,57.66,2593.93,1890.59,191.1626135,8.684,2,118221
422510,45,2012-08-10,0,55.0,2669.32,78.65,3.722,17868.84,50.6,57.66,2593.93,1890.59,191.1626135,8.684,2,118221
422511,45,2012-08-10,0,95.0,54892.83,78.65,3.722,17868.84,50.6,57.66,2593.93,1890.59,191.1626135,8.684,2,118221
422512,45,2012-08-10,0,6.0,1308.95,78.65,3.722,17868.84,50.6,57.66,2593.93,1890.59,191.1626135,8.684,2,118221
422513,45,2012-08-10,0,10.0,14461.56,78.65,3.722,17868.84,50.6,57.66,2593.93,1890.59,191.1626135,8.684,2,118221
422514,45,2012-08-10,0,23.0,20027.22,78.65,3.722,17868.84,50.6,57.66,2593.93,1890.59,191.1626135,8.684,2,118221
422515,45,2012-08-10,0,52.0,1176.54,78.65,3.722,17868.84,50.6,57.66,2593.93,1890.59,191.1626135,8.684,2,118221
422516,45,2012-08-10,0,22.0,7229.13,78.65,3.722,17868.84,50.6,57.66,2593.93,1890.59,191.1626135,8.684,2,118221
422517,45,2012-08-10,0,67.0,4602.78,78.65,3.722,17868.84,50.6,57.66,2593.93,1890.59,191.1626135,8.684,2,118221
422518,45,2012-08-10,0,59.0,194.09,78.65,3.722,17868.84,50.6,57.66,2593.93,1890.59,191.1626135,8.684,2,118221
422519,45,2012-08-10,0,20.0,6196.28,78.65,3.722,17868.84,50.6,57.66,2593.93,1890.59,191.1626135,8.684,2,118221
422520,45,2012-08-10,0,32.0,3655.93,78.65,3.722,17868.84,50.6,57.66,2593.93,1890.59,191.1626135,8.684,2,118221
422521,45,2012-08-10,0,30.0,3429.26,78.65,3.722,17868.84,50.6,57.66,2593.93,1890.59,191.1626135,8.684,2,118221
422522,45,2012-08-10,0,4.0,23112.4,78.65,3.722,17868.84,50.6,57.66,2593.93,1890.59,191.1626135,8.684,2,118221
422523,45,2012-08-10,0,98.0,727.49,78.65,3.722,17868.84,50.6,57.66,2593.93,1890.59,191.1626135,8.684,2,118221
422524,45,2012-08-10,0,71.0,3672.65,78.65,3.722,17868.84,50.6,57.66,2593.93,1890.59,191.1626135,8.684,2,118221
422525,45,2012-08-10,0,80.0,813.24,78.65,3.722,17868.84,50.6,57.66,2593.93,1890.59,191.1626135,8.684,2,118221
422526,45,2012-08-10,0,3.0,16923.18,78.65,3.722,17868.84,50.6,57.66,2593.93,1890.59,191.1626135,8.684,2,118221
422527,45,2012-08-10,0,17.0,10115.42,78.65,3.722,17868.84,50.6,57.66,2593.93,1890.59,191.1626135,8.684,2,118221
422528,45,2012-08-10,0,36.0,426.0,78.65,3.722,17868.84,50.6,57.66,2593.93,1890.59,191.1626135,8.684,2,118221
422529,45,2012-08-10,0,46.0,13364.58,78.65,3.722,17868.84,50.6,57.66,2593.93,1890.59,191.1626135,8.684,2,118221
422530,45,2012-08-10,0,94.0,4210.56,78.65,3.722,17868.84,50.6,57.66,2593.93,1890.59,191.1626135,8.684,2,118221
422531,45,2012-08-10,0,35.0,2038.17,78.65,3.722,17868.84,50.6,57.66,2593.93,1890.59,191.1626135,8.684,2,118221
422532,45,2012-08-10,0,18.0,70.29,78.65,3.722,17868.84,50.6,57.66,2593.93,1890.59,191.1626135,8.684,2,118221
422533,45,2012-08-10,0,90.0,22399.66,78.65,3.722,17868.84,50.6,57.66,2593.93,1890.59,191.1626135,8.684,2,118221
422534,45,2012-08-10,0,49.0,2.97,78.65,3.722,17868.84,50.6,57.66,2593.93,1890.59,191.1626135,8.684,2,118221
422535,45,2012-08-10,0,34.0,12563.46,78.65,3.722,17868.84,50.6,57.66,2593.93,1890.59,191.1626135,8.684,2,118221
422536,45,2012-08-10,0,83.0,412.44,78.65,3.722,17868.84,50.6,57.66,2593.93,1890.59,191.1626135,8.684,2,118221
422537,45,2012-08-10,0,31.0,2941.53,78.65,3.722,17868.84,50.6,57.66,2593.93,1890.59,191.1626135,8.684,2,118221
422538,45,2012-08-10,0,91.0,17699.53,78.65,3.722,17868.84,50.6,57.66,2593.93,1890.59,191.1626135,8.684,2,118221
422539,45,2012-08-10,0,82.0,13027.71,78.65,3.722,17868.84,50.6,57.66,2593.93,1890.59,191.1626135,8.684,2,118221
422540,45,2012-08-10,0,85.0,1595.11,78.65,3.722,17868.84,50.6,57.66,2593.93,1890.59,191.1626135,8.684,2,118221
422541,45,2012-08-10,0,5.0,8260.48,78.65,3.722,17868.84,50.6,57.66,2593.93,1890.59,191.1626135,8.684,2,118221
422542,45,2012-08-10,0,33.0,4933.53,78.65,3.722,17868.84,50.6,57.66,2593.93,1890.59,191.1626135,8.684,2,118221
422543,45,2012-08-10,0,7.0,13768.78,78.65,3.722,17868.84,50.6,57.66,2593.93,1890.59,191.1626135,8.684,2,118221
422544,45,2012-08-10,0,40.0,36293.31,78.65,3.722,17868.84,50.6,57.66,2593.93,1890.59,191.1626135,8.684,2,118221
422545,45,2012-08-10,0,87.0,8664.26,78.65,3.722,17868.84,50.6,57.66,2593.93,1890.59,191.1626135,8.684,2,118221
422546,45,2012-08-10,0,19.0,1223.17,78.65,3.722,17868.84,50.6,57.66,2593.93,1890.59,191.1626135,8.684,2,118221
422547,45,2012-08-17,0,42.0,4425.53,75.71,3.807,3657.79,6.0,0.3,1630.5,3794.22,191.2284919,8.684,2,118221
422548,45,2012-08-17,0,41.0,1495.39,75.71,3.807,3657.79,6.0,0.3,1630.5,3794.22,191.2284919,8.684,2,118221
422549,45,2012-08-17,0,20.0,5092.53,75.71,3.807,3657.79,6.0,0.3,1630.5,3794.22,191.2284919,8.684,2,118221
422550,45,2012-08-17,0,29.0,4634.23,75.71,3.807,3657.79,6.0,0.3,1630.5,3794.22,191.2284919,8.684,2,118221
422551,45,2012-08-17,0,92.0,46063.34,75.71,3.807,3657.79,6.0,0.3,1630.5,3794.22,191.2284919,8.684,2,118221
422552,45,2012-08-17,0,8.0,33806.24,75.71,3.807,3657.79,6.0,0.3,1630.5,3794.22,191.2284919,8.684,2,118221
422553,45,2012-08-17,0,93.0,3788.08,75.71,3.807,3657.79,6.0,0.3,1630.5,3794.22,191.2284919,8.684,2,118221
422554,45,2012-08-17,0,72.0,30812.71,75.71,3.807,3657.79,6.0,0.3,1630.5,3794.22,191.2284919,8.684,2,118221
422555,45,2012-08-17,0,25.0,6730.08,75.71,3.807,3657.79,6.0,0.3,1630.5,3794.22,191.2284919,8.684,2,118221
422556,45,2012-08-17,0,26.0,5476.29,75.71,3.807,3657.79,6.0,0.3,1630.5,3794.22,191.2284919,8.684,2,118221
422557,45,2012-08-17,0,7.0,13445.48,75.71,3.807,3657.79,6.0,0.3,1630.5,3794.22,191.2284919,8.684,2,118221
422558,45,2012-08-17,0,67.0,4709.26,75.71,3.807,3657.79,6.0,0.3,1630.5,3794.22,191.2284919,8.684,2,118221
422559,45,2012-08-17,0,22.0,6106.72,75.71,3.807,3657.79,6.0,0.3,1630.5,3794.22,191.2284919,8.684,2,118221
422560,45,2012-08-17,0,28.0,304.58,75.71,3.807,3657.79,6.0,0.3,1630.5,3794.22,191.2284919,8.684,2,118221
422561,45,2012-08-17,0,32.0,1647.24,75.71,3.807,3657.79,6.0,0.3,1630.5,3794.22,191.2284919,8.684,2,118221
422562,45,2012-08-17,0,30.0,2739.38,75.71,3.807,3657.79,6.0,0.3,1630.5,3794.22,191.2284919,8.684,2,118221
422563,45,2012-08-17,0,12.0,3614.15,75.71,3.807,3657.79,6.0,0.3,1630.5,3794.22,191.2284919,8.684,2,118221
422564,45,2012-08-17,0,74.0,10724.05,75.71,3.807,3657.79,6.0,0.3,1630.5,3794.22,191.2284919,8.684,2,118221
422565,45,2012-08-17,0,71.0,4542.79,75.71,3.807,3657.79,6.0,0.3,1630.5,3794.22,191.2284919,8.684,2,118221
422566,45,2012-08-17,0,31.0,3424.28,75.71,3.807,3657.79,6.0,0.3,1630.5,3794.22,191.2284919,8.684,2,118221
422567,45,2012-08-17,0,79.0,15134.68,75.71,3.807,3657.79,6.0,0.3,1630.5,3794.22,191.2284919,8.684,2,118221
422568,45,2012-08-17,0,27.0,970.85,75.71,3.807,3657.79,6.0,0.3,1630.5,3794.22,191.2284919,8.684,2,118221
422569,45,2012-08-17,0,10.0,11770.35,75.71,3.807,3657.79,6.0,0.3,1630.5,3794.22,191.2284919,8.684,2,118221
422570,45,2012-08-17,0,56.0,730.06,75.71,3.807,3657.79,6.0,0.3,1630.5,3794.22,191.2284919,8.684,2,118221
422571,45,2012-08-17,0,24.0,4852.55,75.71,3.807,3657.79,6.0,0.3,1630.5,3794.22,191.2284919,8.684,2,118221
422572,45,2012-08-17,0,44.0,2237.72,75.71,3.807,3657.79,6.0,0.3,1630.5,3794.22,191.2284919,8.684,2,118221
422573,45,2012-08-17,0,9.0,14480.49,75.71,3.807,3657.79,6.0,0.3,1630.5,3794.22,191.2284919,8.684,2,118221
422574,45,2012-08-17,0,17.0,9457.22,75.71,3.807,3657.79,6.0,0.3,1630.5,3794.22,191.2284919,8.684,2,118221
422575,45,2012-08-17,0,3.0,17348.89,75.71,3.807,3657.79,6.0,0.3,1630.5,3794.22,191.2284919,8.684,2,118221
422576,45,2012-08-17,0,21.0,3529.85,75.71,3.807,3657.79,6.0,0.3,1630.5,3794.22,191.2284919,8.684,2,118221
422577,45,2012-08-17,0,40.0,35741.92,75.71,3.807,3657.79,6.0,0.3,1630.5,3794.22,191.2284919,8.684,2,118221
422578,45,2012-08-17,0,55.0,2998.23,75.71,3.807,3657.79,6.0,0.3,1630.5,3794.22,191.2284919,8.684,2,118221
422579,45,2012-08-17,0,34.0,13341.07,75.71,3.807,3657.79,6.0,0.3,1630.5,3794.22,191.2284919,8.684,2,118221
422580,45,2012-08-17,0,60.0,171.0,75.71,3.807,3657.79,6.0,0.3,1630.5,3794.22,191.2284919,8.684,2,118221
422581,45,2012-08-17,0,6.0,1541.04,75.71,3.807,3657.79,6.0,0.3,1630.5,3794.22,191.2284919,8.684,2,118221
422582,45,2012-08-17,0,19.0,1330.18,75.71,3.807,3657.79,6.0,0.3,1630.5,3794.22,191.2284919,8.684,2,118221
422583,45,2012-08-17,0,81.0,14342.09,75.71,3.807,3657.79,6.0,0.3,1630.5,3794.22,191.2284919,8.684,2,118221
422584,45,2012-08-17,0,52.0,1036.48,75.71,3.807,3657.79,6.0,0.3,1630.5,3794.22,191.2284919,8.684,2,118221
422585,45,2012-08-17,0,59.0,101.22,75.71,3.807,3657.79,6.0,0.3,1630.5,3794.22,191.2284919,8.684,2,118221
422586,45,2012-08-17,0,38.0,61005.0,75.71,3.807,3657.79,6.0,0.3,1630.5,3794.22,191.2284919,8.684,2,118221
422587,45,2012-08-17,0,13.0,28507.09,75.71,3.807,3657.79,6.0,0.3,1630.5,3794.22,191.2284919,8.684,2,118221
422588,45,2012-08-17,0,46.0,13318.49,75.71,3.807,3657.79,6.0,0.3,1630.5,3794.22,191.2284919,8.684,2,118221
422589,45,2012-08-17,0,2.0,37965.0,75.71,3.807,3657.79,6.0,0.3,1630.5,3794.22,191.2284919,8.684,2,118221
422590,45,2012-08-17,0,83.0,425.6,75.71,3.807,3657.79,6.0,0.3,1630.5,3794.22,191.2284919,8.684,2,118221
422591,45,2012-08-17,0,91.0,17157.63,75.71,3.807,3657.79,6.0,0.3,1630.5,3794.22,191.2284919,8.684,2,118221
422592,45,2012-08-17,0,98.0,500.16,75.71,3.807,3657.79,6.0,0.3,1630.5,3794.22,191.2284919,8.684,2,118221
422593,45,2012-08-17,0,80.0,776.28,75.71,3.807,3657.79,6.0,0.3,1630.5,3794.22,191.2284919,8.684,2,118221
422594,45,2012-08-17,0,58.0,1720.0,75.71,3.807,3657.79,6.0,0.3,1630.5,3794.22,191.2284919,8.684,2,118221
422595,45,2012-08-17,0,95.0,53108.04,75.71,3.807,3657.79,6.0,0.3,1630.5,3794.22,191.2284919,8.684,2,118221
422596,45,2012-08-17,0,36.0,200.92,75.71,3.807,3657.79,6.0,0.3,1630.5,3794.22,191.2284919,8.684,2,118221
422597,45,2012-08-17,0,85.0,1892.03,75.71,3.807,3657.79,6.0,0.3,1630.5,3794.22,191.2284919,8.684,2,118221
422598,45,2012-08-17,0,35.0,2104.11,75.71,3.807,3657.79,6.0,0.3,1630.5,3794.22,191.2284919,8.684,2,118221
422599,45,2012-08-17,0,97.0,6512.5,75.71,3.807,3657.79,6.0,0.3,1630.5,3794.22,191.2284919,8.684,2,118221
422600,45,2012-08-17,0,94.0,3837.01,75.71,3.807,3657.79,6.0,0.3,1630.5,3794.22,191.2284919,8.684,2,118221
422601,45,2012-08-17,0,18.0,30.41,75.71,3.807,3657.79,6.0,0.3,1630.5,3794.22,191.2284919,8.684,2,118221
422602,45,2012-08-17,0,11.0,10936.61,75.71,3.807,3657.79,6.0,0.3,1630.5,3794.22,191.2284919,8.684,2,118221
422603,45,2012-08-17,0,23.0,19558.99,75.71,3.807,3657.79,6.0,0.3,1630.5,3794.22,191.2284919,8.684,2,118221
422604,45,2012-08-17,0,5.0,7827.29,75.71,3.807,3657.79,6.0,0.3,1630.5,3794.22,191.2284919,8.684,2,118221
422605,45,2012-08-17,0,4.0,22954.05,75.71,3.807,3657.79,6.0,0.3,1630.5,3794.22,191.2284919,8.684,2,118221
422606,45,2012-08-17,0,16.0,15814.51,75.71,3.807,3657.79,6.0,0.3,1630.5,3794.22,191.2284919,8.684,2,118221
422607,45,2012-08-17,0,33.0,5775.16,75.71,3.807,3657.79,6.0,0.3,1630.5,3794.22,191.2284919,8.684,2,118221
422608,45,2012-08-17,0,14.0,10491.74,75.71,3.807,3657.79,6.0,0.3,1630.5,3794.22,191.2284919,8.684,2,118221
422609,45,2012-08-17,0,90.0,23004.64,75.71,3.807,3657.79,6.0,0.3,1630.5,3794.22,191.2284919,8.684,2,118221
422610,45,2012-08-17,0,82.0,13622.04,75.71,3.807,3657.79,6.0,0.3,1630.5,3794.22,191.2284919,8.684,2,118221
422611,45,2012-08-17,0,87.0,7661.51,75.71,3.807,3657.79,6.0,0.3,1630.5,3794.22,191.2284919,8.684,2,118221
422612,45,2012-08-17,0,1.0,11091.88,75.71,3.807,3657.79,6.0,0.3,1630.5,3794.22,191.2284919,8.684,2,118221
422613,45,2012-08-24,0,25.0,7289.98,72.62,3.834,7936.2,58.38,22.0,5518.07,2291.97,191.3448865,8.684,2,118221
422614,45,2012-08-24,0,74.0,11715.99,72.62,3.834,7936.2,58.38,22.0,5518.07,2291.97,191.3448865,8.684,2,118221
422615,45,2012-08-24,0,41.0,1976.12,72.62,3.834,7936.2,58.38,22.0,5518.07,2291.97,191.3448865,8.684,2,118221
422616,45,2012-08-24,0,27.0,882.52,72.62,3.834,7936.2,58.38,22.0,5518.07,2291.97,191.3448865,8.684,2,118221
422617,45,2012-08-24,0,9.0,13887.15,72.62,3.834,7936.2,58.38,22.0,5518.07,2291.97,191.3448865,8.684,2,118221
422618,45,2012-08-24,0,72.0,23777.66,72.62,3.834,7936.2,58.38,22.0,5518.07,2291.97,191.3448865,8.684,2,118221
422619,45,2012-08-24,0,38.0,48014.71,72.62,3.834,7936.2,58.38,22.0,5518.07,2291.97,191.3448865,8.684,2,118221
422620,45,2012-08-24,0,13.0,30065.65,72.62,3.834,7936.2,58.38,22.0,5518.07,2291.97,191.3448865,8.684,2,118221
422621,45,2012-08-24,0,97.0,6153.48,72.62,3.834,7936.2,58.38,22.0,5518.07,2291.97,191.3448865,8.684,2,118221
422622,45,2012-08-24,0,8.0,33963.3,72.62,3.834,7936.2,58.38,22.0,5518.07,2291.97,191.3448865,8.684,2,118221
422623,45,2012-08-24,0,42.0,4409.3,72.62,3.834,7936.2,58.38,22.0,5518.07,2291.97,191.3448865,8.684,2,118221
422624,45,2012-08-24,0,79.0,14506.91,72.62,3.834,7936.2,58.38,22.0,5518.07,2291.97,191.3448865,8.684,2,118221
422625,45,2012-08-24,0,71.0,2828.18,72.62,3.834,7936.2,58.38,22.0,5518.07,2291.97,191.3448865,8.684,2,118221
422626,45,2012-08-24,0,10.0,10319.45,72.62,3.834,7936.2,58.38,22.0,5518.07,2291.97,191.3448865,8.684,2,118221
422627,45,2012-08-24,0,92.0,46675.39,72.62,3.834,7936.2,58.38,22.0,5518.07,2291.97,191.3448865,8.684,2,118221
422628,45,2012-08-24,0,20.0,5487.45,72.62,3.834,7936.2,58.38,22.0,5518.07,2291.97,191.3448865,8.684,2,118221
422629,45,2012-08-24,0,3.0,25021.84,72.62,3.834,7936.2,58.38,22.0,5518.07,2291.97,191.3448865,8.684,2,118221
422630,45,2012-08-24,0,26.0,6143.82,72.62,3.834,7936.2,58.38,22.0,5518.07,2291.97,191.3448865,8.684,2,118221
422631,45,2012-08-24,0,28.0,378.3,72.62,3.834,7936.2,58.38,22.0,5518.07,2291.97,191.3448865,8.684,2,118221
422632,45,2012-08-24,0,93.0,2978.92,72.62,3.834,7936.2,58.38,22.0,5518.07,2291.97,191.3448865,8.684,2,118221
422633,45,2012-08-24,0,83.0,396.08,72.62,3.834,7936.2,58.38,22.0,5518.07,2291.97,191.3448865,8.684,2,118221
422634,45,2012-08-24,0,29.0,3585.88,72.62,3.834,7936.2,58.38,22.0,5518.07,2291.97,191.3448865,8.684,2,118221
422635,45,2012-08-24,0,6.0,2693.32,72.62,3.834,7936.2,58.38,22.0,5518.07,2291.97,191.3448865,8.684,2,118221
422636,45,2012-08-24,0,60.0,135.0,72.62,3.834,7936.2,58.38,22.0,5518.07,2291.97,191.3448865,8.684,2,118221
422637,45,2012-08-24,0,56.0,867.76,72.62,3.834,7936.2,58.38,22.0,5518.07,2291.97,191.3448865,8.684,2,118221
422638,45,2012-08-24,0,58.0,1330.0,72.62,3.834,7936.2,58.38,22.0,5518.07,2291.97,191.3448865,8.684,2,118221
422639,45,2012-08-24,0,7.0,15590.84,72.62,3.834,7936.2,58.38,22.0,5518.07,2291.97,191.3448865,8.684,2,118221
422640,45,2012-08-24,0,24.0,5781.7,72.62,3.834,7936.2,58.38,22.0,5518.07,2291.97,191.3448865,8.684,2,118221
422641,45,2012-08-24,0,59.0,125.59,72.62,3.834,7936.2,58.38,22.0,5518.07,2291.97,191.3448865,8.684,2,118221
422642,45,2012-08-24,0,81.0,13804.61,72.62,3.834,7936.2,58.38,22.0,5518.07,2291.97,191.3448865,8.684,2,118221
422643,45,2012-08-24,0,30.0,2882.29,72.62,3.834,7936.2,58.38,22.0,5518.07,2291.97,191.3448865,8.684,2,118221
422644,45,2012-08-24,0,91.0,15007.68,72.62,3.834,7936.2,58.38,22.0,5518.07,2291.97,191.3448865,8.684,2,118221
422645,45,2012-08-24,0,80.0,766.45,72.62,3.834,7936.2,58.38,22.0,5518.07,2291.97,191.3448865,8.684,2,118221
422646,45,2012-08-24,0,16.0,20249.2,72.62,3.834,7936.2,58.38,22.0,5518.07,2291.97,191.3448865,8.684,2,118221
422647,45,2012-08-24,0,21.0,4158.47,72.62,3.834,7936.2,58.38,22.0,5518.07,2291.97,191.3448865,8.684,2,118221
422648,45,2012-08-24,0,95.0,51221.99,72.62,3.834,7936.2,58.38,22.0,5518.07,2291.97,191.3448865,8.684,2,118221
422649,45,2012-08-24,0,36.0,310.52,72.62,3.834,7936.2,58.38,22.0,5518.07,2291.97,191.3448865,8.684,2,118221
422650,45,2012-08-24,0,19.0,1413.53,72.62,3.834,7936.2,58.38,22.0,5518.07,2291.97,191.3448865,8.684,2,118221
422651,45,2012-08-24,0,67.0,5044.03,72.62,3.834,7936.2,58.38,22.0,5518.07,2291.97,191.3448865,8.684,2,118221
422652,45,2012-08-24,0,22.0,8263.38,72.62,3.834,7936.2,58.38,22.0,5518.07,2291.97,191.3448865,8.684,2,118221
422653,45,2012-08-24,0,5.0,12469.12,72.62,3.834,7936.2,58.38,22.0,5518.07,2291.97,191.3448865,8.684,2,118221
422654,45,2012-08-24,0,32.0,2768.87,72.62,3.834,7936.2,58.38,22.0,5518.07,2291.97,191.3448865,8.684,2,118221
422655,45,2012-08-24,0,17.0,9382.2,72.62,3.834,7936.2,58.38,22.0,5518.07,2291.97,191.3448865,8.684,2,118221
422656,45,2012-08-24,0,18.0,30.63,72.62,3.834,7936.2,58.38,22.0,5518.07,2291.97,191.3448865,8.684,2,118221
422657,45,2012-08-24,0,46.0,12424.81,72.62,3.834,7936.2,58.38,22.0,5518.07,2291.97,191.3448865,8.684,2,118221
422658,45,2012-08-24,0,34.0,12107.76,72.62,3.834,7936.2,58.38,22.0,5518.07,2291.97,191.3448865,8.684,2,118221
422659,45,2012-08-24,0,2.0,37105.64,72.62,3.834,7936.2,58.38,22.0,5518.07,2291.97,191.3448865,8.684,2,118221
422660,45,2012-08-24,0,14.0,10688.22,72.62,3.834,7936.2,58.38,22.0,5518.07,2291.97,191.3448865,8.684,2,118221
422661,45,2012-08-24,0,12.0,3428.63,72.62,3.834,7936.2,58.38,22.0,5518.07,2291.97,191.3448865,8.684,2,118221
422662,45,2012-08-24,0,23.0,20306.24,72.62,3.834,7936.2,58.38,22.0,5518.07,2291.97,191.3448865,8.684,2,118221
422663,45,2012-08-24,0,87.0,7328.34,72.62,3.834,7936.2,58.38,22.0,5518.07,2291.97,191.3448865,8.684,2,118221
422664,45,2012-08-24,0,52.0,915.82,72.62,3.834,7936.2,58.38,22.0,5518.07,2291.97,191.3448865,8.684,2,118221
422665,45,2012-08-24,0,44.0,2221.21,72.62,3.834,7936.2,58.38,22.0,5518.07,2291.97,191.3448865,8.684,2,118221
422666,45,2012-08-24,0,85.0,1796.88,72.62,3.834,7936.2,58.38,22.0,5518.07,2291.97,191.3448865,8.684,2,118221
422667,45,2012-08-24,0,94.0,4297.09,72.62,3.834,7936.2,58.38,22.0,5518.07,2291.97,191.3448865,8.684,2,118221
422668,45,2012-08-24,0,55.0,2415.75,72.62,3.834,7936.2,58.38,22.0,5518.07,2291.97,191.3448865,8.684,2,118221
422669,45,2012-08-24,0,11.0,9906.45,72.62,3.834,7936.2,58.38,22.0,5518.07,2291.97,191.3448865,8.684,2,118221
422670,45,2012-08-24,0,33.0,5614.89,72.62,3.834,7936.2,58.38,22.0,5518.07,2291.97,191.3448865,8.684,2,118221
422671,45,2012-08-24,0,98.0,415.4,72.62,3.834,7936.2,58.38,22.0,5518.07,2291.97,191.3448865,8.684,2,118221
422672,45,2012-08-24,0,90.0,22705.35,72.62,3.834,7936.2,58.38,22.0,5518.07,2291.97,191.3448865,8.684,2,118221
422673,45,2012-08-24,0,4.0,22740.77,72.62,3.834,7936.2,58.38,22.0,5518.07,2291.97,191.3448865,8.684,2,118221
422674,45,2012-08-24,0,1.0,11468.84,72.62,3.834,7936.2,58.38,22.0,5518.07,2291.97,191.3448865,8.684,2,118221
422675,45,2012-08-24,0,40.0,37754.38,72.62,3.834,7936.2,58.38,22.0,5518.07,2291.97,191.3448865,8.684,2,118221
422676,45,2012-08-24,0,49.0,5.0,72.62,3.834,7936.2,58.38,22.0,5518.07,2291.97,191.3448865,8.684,2,118221
422677,45,2012-08-24,0,35.0,1654.68,72.62,3.834,7936.2,58.38,22.0,5518.07,2291.97,191.3448865,8.684,2,118221
422678,45,2012-08-24,0,31.0,3548.16,72.62,3.834,7936.2,58.38,22.0,5518.07,2291.97,191.3448865,8.684,2,118221
422679,45,2012-08-24,0,82.0,12626.69,72.62,3.834,7936.2,58.38,22.0,5518.07,2291.97,191.3448865,8.684,2,118221
422680,45,2012-08-31,0,27.0,937.46,75.09,3.867,23641.3,6.0,92.93,6988.31,3992.13,191.461281,8.684,2,118221
422681,45,2012-08-31,0,8.0,35056.93,75.09,3.867,23641.3,6.0,92.93,6988.31,3992.13,191.461281,8.684,2,118221
422682,45,2012-08-31,0,38.0,48218.63,75.09,3.867,23641.3,6.0,92.93,6988.31,3992.13,191.461281,8.684,2,118221
422683,45,2012-08-31,0,26.0,5296.4,75.09,3.867,23641.3,6.0,92.93,6988.31,3992.13,191.461281,8.684,2,118221
422684,45,2012-08-31,0,25.0,8056.38,75.09,3.867,23641.3,6.0,92.93,6988.31,3992.13,191.461281,8.684,2,118221
422685,45,2012-08-31,0,98.0,346.04,75.09,3.867,23641.3,6.0,92.93,6988.31,3992.13,191.461281,8.684,2,118221
422686,45,2012-08-31,0,93.0,3502.12,75.09,3.867,23641.3,6.0,92.93,6988.31,3992.13,191.461281,8.684,2,118221
422687,45,2012-08-31,0,7.0,13734.01,75.09,3.867,23641.3,6.0,92.93,6988.31,3992.13,191.461281,8.684,2,118221
422688,45,2012-08-31,0,74.0,10811.6,75.09,3.867,23641.3,6.0,92.93,6988.31,3992.13,191.461281,8.684,2,118221
422689,45,2012-08-31,0,28.0,393.6,75.09,3.867,23641.3,6.0,92.93,6988.31,3992.13,191.461281,8.684,2,118221
422690,45,2012-08-31,0,2.0,36885.65,75.09,3.867,23641.3,6.0,92.93,6988.31,3992.13,191.461281,8.684,2,118221
422691,45,2012-08-31,0,79.0,15166.83,75.09,3.867,23641.3,6.0,92.93,6988.31,3992.13,191.461281,8.684,2,118221
422692,45,2012-08-31,0,24.0,10275.29,75.09,3.867,23641.3,6.0,92.93,6988.31,3992.13,191.461281,8.684,2,118221
422693,45,2012-08-31,0,10.0,13393.43,75.09,3.867,23641.3,6.0,92.93,6988.31,3992.13,191.461281,8.684,2,118221
422694,45,2012-08-31,0,9.0,14958.15,75.09,3.867,23641.3,6.0,92.93,6988.31,3992.13,191.461281,8.684,2,118221
422695,45,2012-08-31,0,19.0,1095.22,75.09,3.867,23641.3,6.0,92.93,6988.31,3992.13,191.461281,8.684,2,118221
422696,45,2012-08-31,0,30.0,2671.84,75.09,3.867,23641.3,6.0,92.93,6988.31,3992.13,191.461281,8.684,2,118221
422697,45,2012-08-31,0,41.0,2266.76,75.09,3.867,23641.3,6.0,92.93,6988.31,3992.13,191.461281,8.684,2,118221
422698,45,2012-08-31,0,29.0,4140.97,75.09,3.867,23641.3,6.0,92.93,6988.31,3992.13,191.461281,8.684,2,118221
422699,45,2012-08-31,0,56.0,773.77,75.09,3.867,23641.3,6.0,92.93,6988.31,3992.13,191.461281,8.684,2,118221
422700,45,2012-08-31,0,83.0,674.26,75.09,3.867,23641.3,6.0,92.93,6988.31,3992.13,191.461281,8.684,2,118221
422701,45,2012-08-31,0,71.0,3264.28,75.09,3.867,23641.3,6.0,92.93,6988.31,3992.13,191.461281,8.684,2,118221
422702,45,2012-08-31,0,42.0,4677.5,75.09,3.867,23641.3,6.0,92.93,6988.31,3992.13,191.461281,8.684,2,118221
422703,45,2012-08-31,0,13.0,28060.27,75.09,3.867,23641.3,6.0,92.93,6988.31,3992.13,191.461281,8.684,2,118221
422704,45,2012-08-31,0,58.0,1160.0,75.09,3.867,23641.3,6.0,92.93,6988.31,3992.13,191.461281,8.684,2,118221
422705,45,2012-08-31,0,36.0,449.17,75.09,3.867,23641.3,6.0,92.93,6988.31,3992.13,191.461281,8.684,2,118221
422706,45,2012-08-31,0,72.0,24366.71,75.09,3.867,23641.3,6.0,92.93,6988.31,3992.13,191.461281,8.684,2,118221
422707,45,2012-08-31,0,44.0,2023.72,75.09,3.867,23641.3,6.0,92.93,6988.31,3992.13,191.461281,8.684,2,118221
422708,45,2012-08-31,0,90.0,21915.39,75.09,3.867,23641.3,6.0,92.93,6988.31,3992.13,191.461281,8.684,2,118221
422709,45,2012-08-31,0,3.0,35080.41,75.09,3.867,23641.3,6.0,92.93,6988.31,3992.13,191.461281,8.684,2,118221
422710,45,2012-08-31,0,92.0,44872.41,75.09,3.867,23641.3,6.0,92.93,6988.31,3992.13,191.461281,8.684,2,118221
422711,45,2012-08-31,0,97.0,6686.6,75.09,3.867,23641.3,6.0,92.93,6988.31,3992.13,191.461281,8.684,2,118221
422712,45,2012-08-31,0,11.0,10457.39,75.09,3.867,23641.3,6.0,92.93,6988.31,3992.13,191.461281,8.684,2,118221
422713,45,2012-08-31,0,46.0,11488.89,75.09,3.867,23641.3,6.0,92.93,6988.31,3992.13,191.461281,8.684,2,118221
422714,45,2012-08-31,0,16.0,14034.36,75.09,3.867,23641.3,6.0,92.93,6988.31,3992.13,191.461281,8.684,2,118221
422715,45,2012-08-31,0,6.0,2699.52,75.09,3.867,23641.3,6.0,92.93,6988.31,3992.13,191.461281,8.684,2,118221
422716,45,2012-08-31,0,60.0,171.0,75.09,3.867,23641.3,6.0,92.93,6988.31,3992.13,191.461281,8.684,2,118221
422717,45,2012-08-31,0,40.0,36440.72,75.09,3.867,23641.3,6.0,92.93,6988.31,3992.13,191.461281,8.684,2,118221
422718,45,2012-08-31,0,95.0,52240.83,75.09,3.867,23641.3,6.0,92.93,6988.31,3992.13,191.461281,8.684,2,118221
422719,45,2012-08-31,0,67.0,3887.67,75.09,3.867,23641.3,6.0,92.93,6988.31,3992.13,191.461281,8.684,2,118221
422720,45,2012-08-31,0,22.0,7424.82,75.09,3.867,23641.3,6.0,92.93,6988.31,3992.13,191.461281,8.684,2,118221
422721,45,2012-08-31,0,17.0,8730.56,75.09,3.867,23641.3,6.0,92.93,6988.31,3992.13,191.461281,8.684,2,118221
422722,45,2012-08-31,0,94.0,4123.03,75.09,3.867,23641.3,6.0,92.93,6988.31,3992.13,191.461281,8.684,2,118221
422723,45,2012-08-31,0,81.0,14205.93,75.09,3.867,23641.3,6.0,92.93,6988.31,3992.13,191.461281,8.684,2,118221
422724,45,2012-08-31,0,49.0,0.06,75.09,3.867,23641.3,6.0,92.93,6988.31,3992.13,191.461281,8.684,2,118221
422725,45,2012-08-31,0,55.0,6339.75,75.09,3.867,23641.3,6.0,92.93,6988.31,3992.13,191.461281,8.684,2,118221
422726,45,2012-08-31,0,31.0,5866.45,75.09,3.867,23641.3,6.0,92.93,6988.31,3992.13,191.461281,8.684,2,118221
422727,45,2012-08-31,0,14.0,10501.81,75.09,3.867,23641.3,6.0,92.93,6988.31,3992.13,191.461281,8.684,2,118221
422728,45,2012-08-31,0,91.0,13984.12,75.09,3.867,23641.3,6.0,92.93,6988.31,3992.13,191.461281,8.684,2,118221
422729,45,2012-08-31,0,20.0,5709.06,75.09,3.867,23641.3,6.0,92.93,6988.31,3992.13,191.461281,8.684,2,118221
422730,45,2012-08-31,0,32.0,3095.58,75.09,3.867,23641.3,6.0,92.93,6988.31,3992.13,191.461281,8.684,2,118221
422731,45,2012-08-31,0,52.0,1039.33,75.09,3.867,23641.3,6.0,92.93,6988.31,3992.13,191.461281,8.684,2,118221
422732,45,2012-08-31,0,54.0,0.0,75.09,3.867,23641.3,6.0,92.93,6988.31,3992.13,191.461281,8.684,2,118221
422733,45,2012-08-31,0,35.0,1285.73,75.09,3.867,23641.3,6.0,92.93,6988.31,3992.13,191.461281,8.684,2,118221
422734,45,2012-08-31,0,23.0,19834.21,75.09,3.867,23641.3,6.0,92.93,6988.31,3992.13,191.461281,8.684,2,118221
422735,45,2012-08-31,0,21.0,3709.28,75.09,3.867,23641.3,6.0,92.93,6988.31,3992.13,191.461281,8.684,2,118221
422736,45,2012-08-31,0,18.0,45.54,75.09,3.867,23641.3,6.0,92.93,6988.31,3992.13,191.461281,8.684,2,118221
422737,45,2012-08-31,0,80.0,778.6,75.09,3.867,23641.3,6.0,92.93,6988.31,3992.13,191.461281,8.684,2,118221
422738,45,2012-08-31,0,5.0,10572.56,75.09,3.867,23641.3,6.0,92.93,6988.31,3992.13,191.461281,8.684,2,118221
422739,45,2012-08-31,0,59.0,178.82,75.09,3.867,23641.3,6.0,92.93,6988.31,3992.13,191.461281,8.684,2,118221
422740,45,2012-08-31,0,87.0,8580.52,75.09,3.867,23641.3,6.0,92.93,6988.31,3992.13,191.461281,8.684,2,118221
422741,45,2012-08-31,0,82.0,13872.96,75.09,3.867,23641.3,6.0,92.93,6988.31,3992.13,191.461281,8.684,2,118221
422742,45,2012-08-31,0,4.0,23508.73,75.09,3.867,23641.3,6.0,92.93,6988.31,3992.13,191.461281,8.684,2,118221
422743,45,2012-08-31,0,1.0,10898.15,75.09,3.867,23641.3,6.0,92.93,6988.31,3992.13,191.461281,8.684,2,118221
422744,45,2012-08-31,0,12.0,3784.55,75.09,3.867,23641.3,6.0,92.93,6988.31,3992.13,191.461281,8.684,2,118221
422745,45,2012-08-31,0,34.0,14456.85,75.09,3.867,23641.3,6.0,92.93,6988.31,3992.13,191.461281,8.684,2,118221
422746,45,2012-08-31,0,85.0,1413.32,75.09,3.867,23641.3,6.0,92.93,6988.31,3992.13,191.461281,8.684,2,118221
422747,45,2012-08-31,0,33.0,7725.37,75.09,3.867,23641.3,6.0,92.93,6988.31,3992.13,191.461281,8.684,2,118221
422748,45,2012-09-07,1,79.0,14539.56,75.7,3.911,11024.45,12.8,52.63,1854.77,2055.7,191.5776756,8.684,2,118221
422749,45,2012-09-07,1,2.0,38414.15,75.7,3.911,11024.45,12.8,52.63,1854.77,2055.7,191.5776756,8.684,2,118221
422750,45,2012-09-07,1,56.0,1068.47,75.7,3.911,11024.45,12.8,52.63,1854.77,2055.7,191.5776756,8.684,2,118221
422751,45,2012-09-07,1,92.0,51652.12,75.7,3.911,11024.45,12.8,52.63,1854.77,2055.7,191.5776756,8.684,2,118221
422752,45,2012-09-07,1,90.0,23505.91,75.7,3.911,11024.45,12.8,52.63,1854.77,2055.7,191.5776756,8.684,2,118221
422753,45,2012-09-07,1,28.0,420.35,75.7,3.911,11024.45,12.8,52.63,1854.77,2055.7,191.5776756,8.684,2,118221
422754,45,2012-09-07,1,44.0,2443.88,75.7,3.911,11024.45,12.8,52.63,1854.77,2055.7,191.5776756,8.684,2,118221
422755,45,2012-09-07,1,74.0,10646.0,75.7,3.911,11024.45,12.8,52.63,1854.77,2055.7,191.5776756,8.684,2,118221
422756,45,2012-09-07,1,32.0,3230.7,75.7,3.911,11024.45,12.8,52.63,1854.77,2055.7,191.5776756,8.684,2,118221
422757,45,2012-09-07,1,71.0,4323.08,75.7,3.911,11024.45,12.8,52.63,1854.77,2055.7,191.5776756,8.684,2,118221
422758,45,2012-09-07,1,9.0,15387.26,75.7,3.911,11024.45,12.8,52.63,1854.77,2055.7,191.5776756,8.684,2,118221
422759,45,2012-09-07,1,27.0,949.81,75.7,3.911,11024.45,12.8,52.63,1854.77,2055.7,191.5776756,8.684,2,118221
422760,45,2012-09-07,1,93.0,3607.37,75.7,3.911,11024.45,12.8,52.63,1854.77,2055.7,191.5776756,8.684,2,118221
422761,45,2012-09-07,1,29.0,4106.64,75.7,3.911,11024.45,12.8,52.63,1854.77,2055.7,191.5776756,8.684,2,118221
422762,45,2012-09-07,1,98.0,352.44,75.7,3.911,11024.45,12.8,52.63,1854.77,2055.7,191.5776756,8.684,2,118221
422763,45,2012-09-07,1,97.0,7426.19,75.7,3.911,11024.45,12.8,52.63,1854.77,2055.7,191.5776756,8.684,2,118221
422764,45,2012-09-07,1,20.0,6846.63,75.7,3.911,11024.45,12.8,52.63,1854.77,2055.7,191.5776756,8.684,2,118221
422765,45,2012-09-07,1,82.0,13974.11,75.7,3.911,11024.45,12.8,52.63,1854.77,2055.7,191.5776756,8.684,2,118221
422766,45,2012-09-07,1,26.0,6211.51,75.7,3.911,11024.45,12.8,52.63,1854.77,2055.7,191.5776756,8.684,2,118221
422767,45,2012-09-07,1,13.0,29179.12,75.7,3.911,11024.45,12.8,52.63,1854.77,2055.7,191.5776756,8.684,2,118221
422768,45,2012-09-07,1,25.0,7950.87,75.7,3.911,11024.45,12.8,52.63,1854.77,2055.7,191.5776756,8.684,2,118221
422769,45,2012-09-07,1,42.0,4488.64,75.7,3.911,11024.45,12.8,52.63,1854.77,2055.7,191.5776756,8.684,2,118221
422770,45,2012-09-07,1,81.0,15073.25,75.7,3.911,11024.45,12.8,52.63,1854.77,2055.7,191.5776756,8.684,2,118221
422771,45,2012-09-07,1,87.0,7381.49,75.7,3.911,11024.45,12.8,52.63,1854.77,2055.7,191.5776756,8.684,2,118221
422772,45,2012-09-07,1,36.0,515.13,75.7,3.911,11024.45,12.8,52.63,1854.77,2055.7,191.5776756,8.684,2,118221
422773,45,2012-09-07,1,72.0,29602.05,75.7,3.911,11024.45,12.8,52.63,1854.77,2055.7,191.5776756,8.684,2,118221
422774,45,2012-09-07,1,22.0,7853.36,75.7,3.911,11024.45,12.8,52.63,1854.77,2055.7,191.5776756,8.684,2,118221
422775,45,2012-09-07,1,41.0,2223.47,75.7,3.911,11024.45,12.8,52.63,1854.77,2055.7,191.5776756,8.684,2,118221
422776,45,2012-09-07,1,24.0,9211.94,75.7,3.911,11024.45,12.8,52.63,1854.77,2055.7,191.5776756,8.684,2,118221
422777,45,2012-09-07,1,47.0,39.96,75.7,3.911,11024.45,12.8,52.63,1854.77,2055.7,191.5776756,8.684,2,118221
422778,45,2012-09-07,1,8.0,34478.26,75.7,3.911,11024.45,12.8,52.63,1854.77,2055.7,191.5776756,8.684,2,118221
422779,45,2012-09-07,1,30.0,3119.44,75.7,3.911,11024.45,12.8,52.63,1854.77,2055.7,191.5776756,8.684,2,118221
422780,45,2012-09-07,1,46.0,11690.8,75.7,3.911,11024.45,12.8,52.63,1854.77,2055.7,191.5776756,8.684,2,118221
422781,45,2012-09-07,1,6.0,3161.33,75.7,3.911,11024.45,12.8,52.63,1854.77,2055.7,191.5776756,8.684,2,118221
422782,45,2012-09-07,1,40.0,37835.61,75.7,3.911,11024.45,12.8,52.63,1854.77,2055.7,191.5776756,8.684,2,118221
422783,45,2012-09-07,1,91.0,15375.97,75.7,3.911,11024.45,12.8,52.63,1854.77,2055.7,191.5776756,8.684,2,118221
422784,45,2012-09-07,1,19.0,1069.71,75.7,3.911,11024.45,12.8,52.63,1854.77,2055.7,191.5776756,8.684,2,118221
422785,45,2012-09-07,1,58.0,1855.0,75.7,3.911,11024.45,12.8,52.63,1854.77,2055.7,191.5776756,8.684,2,118221
422786,45,2012-09-07,1,38.0,56748.58,75.7,3.911,11024.45,12.8,52.63,1854.77,2055.7,191.5776756,8.684,2,118221
422787,45,2012-09-07,1,10.0,12488.74,75.7,3.911,11024.45,12.8,52.63,1854.77,2055.7,191.5776756,8.684,2,118221
422788,45,2012-09-07,1,85.0,1462.1,75.7,3.911,11024.45,12.8,52.63,1854.77,2055.7,191.5776756,8.684,2,118221
422789,45,2012-09-07,1,17.0,10266.65,75.7,3.911,11024.45,12.8,52.63,1854.77,2055.7,191.5776756,8.684,2,118221
422790,45,2012-09-07,1,52.0,1016.16,75.7,3.911,11024.45,12.8,52.63,1854.77,2055.7,191.5776756,8.684,2,118221
422791,45,2012-09-07,1,60.0,252.0,75.7,3.911,11024.45,12.8,52.63,1854.77,2055.7,191.5776756,8.684,2,118221
422792,45,2012-09-07,1,49.0,5.0,75.7,3.911,11024.45,12.8,52.63,1854.77,2055.7,191.5776756,8.684,2,118221
422793,45,2012-09-07,1,11.0,9993.9,75.7,3.911,11024.45,12.8,52.63,1854.77,2055.7,191.5776756,8.684,2,118221
422794,45,2012-09-07,1,31.0,5921.49,75.7,3.911,11024.45,12.8,52.63,1854.77,2055.7,191.5776756,8.684,2,118221
422795,45,2012-09-07,1,12.0,3375.92,75.7,3.911,11024.45,12.8,52.63,1854.77,2055.7,191.5776756,8.684,2,118221
422796,45,2012-09-07,1,55.0,4067.42,75.7,3.911,11024.45,12.8,52.63,1854.77,2055.7,191.5776756,8.684,2,118221
422797,45,2012-09-07,1,21.0,3801.15,75.7,3.911,11024.45,12.8,52.63,1854.77,2055.7,191.5776756,8.684,2,118221
422798,45,2012-09-07,1,3.0,35888.56,75.7,3.911,11024.45,12.8,52.63,1854.77,2055.7,191.5776756,8.684,2,118221
422799,45,2012-09-07,1,7.0,11783.08,75.7,3.911,11024.45,12.8,52.63,1854.77,2055.7,191.5776756,8.684,2,118221
422800,45,2012-09-07,1,67.0,4330.95,75.7,3.911,11024.45,12.8,52.63,1854.77,2055.7,191.5776756,8.684,2,118221
422801,45,2012-09-07,1,59.0,166.66,75.7,3.911,11024.45,12.8,52.63,1854.77,2055.7,191.5776756,8.684,2,118221
422802,45,2012-09-07,1,23.0,20089.68,75.7,3.911,11024.45,12.8,52.63,1854.77,2055.7,191.5776756,8.684,2,118221
422803,45,2012-09-07,1,4.0,25340.84,75.7,3.911,11024.45,12.8,52.63,1854.77,2055.7,191.5776756,8.684,2,118221
422804,45,2012-09-07,1,16.0,15730.59,75.7,3.911,11024.45,12.8,52.63,1854.77,2055.7,191.5776756,8.684,2,118221
422805,45,2012-09-07,1,35.0,1558.09,75.7,3.911,11024.45,12.8,52.63,1854.77,2055.7,191.5776756,8.684,2,118221
422806,45,2012-09-07,1,1.0,11797.22,75.7,3.911,11024.45,12.8,52.63,1854.77,2055.7,191.5776756,8.684,2,118221
422807,45,2012-09-07,1,33.0,7774.13,75.7,3.911,11024.45,12.8,52.63,1854.77,2055.7,191.5776756,8.684,2,118221
422808,45,2012-09-07,1,83.0,637.32,75.7,3.911,11024.45,12.8,52.63,1854.77,2055.7,191.5776756,8.684,2,118221
422809,45,2012-09-07,1,5.0,8591.06,75.7,3.911,11024.45,12.8,52.63,1854.77,2055.7,191.5776756,8.684,2,118221
422810,45,2012-09-07,1,95.0,52417.47,75.7,3.911,11024.45,12.8,52.63,1854.77,2055.7,191.5776756,8.684,2,118221
422811,45,2012-09-07,1,14.0,12038.39,75.7,3.911,11024.45,12.8,52.63,1854.77,2055.7,191.5776756,8.684,2,118221
422812,45,2012-09-07,1,18.0,128.2,75.7,3.911,11024.45,12.8,52.63,1854.77,2055.7,191.5776756,8.684,2,118221
422813,45,2012-09-07,1,94.0,3938.63,75.7,3.911,11024.45,12.8,52.63,1854.77,2055.7,191.5776756,8.684,2,118221
422814,45,2012-09-07,1,80.0,751.8,75.7,3.911,11024.45,12.8,52.63,1854.77,2055.7,191.5776756,8.684,2,118221
422815,45,2012-09-07,1,34.0,12927.36,75.7,3.911,11024.45,12.8,52.63,1854.77,2055.7,191.5776756,8.684,2,118221
422816,45,2012-09-07,1,45.0,11.94,75.7,3.911,11024.45,12.8,52.63,1854.77,2055.7,191.5776756,8.684,2,118221
422817,45,2012-09-14,0,9.0,14087.3,67.87,3.948,11407.95,0.0,4.3,3421.72,5268.92,191.69985,8.684,2,118221
422818,45,2012-09-14,0,25.0,7463.3,67.87,3.948,11407.95,0.0,4.3,3421.72,5268.92,191.69985,8.684,2,118221
422819,45,2012-09-14,0,72.0,25455.57,67.87,3.948,11407.95,0.0,4.3,3421.72,5268.92,191.69985,8.684,2,118221
422820,45,2012-09-14,0,41.0,2906.26,67.87,3.948,11407.95,0.0,4.3,3421.72,5268.92,191.69985,8.684,2,118221
422821,45,2012-09-14,0,96.0,2.94,67.87,3.948,11407.95,0.0,4.3,3421.72,5268.92,191.69985,8.684,2,118221
422822,45,2012-09-14,0,56.0,1183.36,67.87,3.948,11407.95,0.0,4.3,3421.72,5268.92,191.69985,8.684,2,118221
422823,45,2012-09-14,0,22.0,6589.66,67.87,3.948,11407.95,0.0,4.3,3421.72,5268.92,191.69985,8.684,2,118221
422824,45,2012-09-14,0,67.0,4811.82,67.87,3.948,11407.95,0.0,4.3,3421.72,5268.92,191.69985,8.684,2,118221
422825,45,2012-09-14,0,90.0,22301.15,67.87,3.948,11407.95,0.0,4.3,3421.72,5268.92,191.69985,8.684,2,118221
422826,45,2012-09-14,0,44.0,2467.44,67.87,3.948,11407.95,0.0,4.3,3421.72,5268.92,191.69985,8.684,2,118221
422827,45,2012-09-14,0,8.0,34705.52,67.87,3.948,11407.95,0.0,4.3,3421.72,5268.92,191.69985,8.684,2,118221
422828,45,2012-09-14,0,54.0,4.88,67.87,3.948,11407.95,0.0,4.3,3421.72,5268.92,191.69985,8.684,2,118221
422829,45,2012-09-14,0,74.0,9013.37,67.87,3.948,11407.95,0.0,4.3,3421.72,5268.92,191.69985,8.684,2,118221
422830,45,2012-09-14,0,71.0,2619.14,67.87,3.948,11407.95,0.0,4.3,3421.72,5268.92,191.69985,8.684,2,118221
422831,45,2012-09-14,0,92.0,49910.99,67.87,3.948,11407.95,0.0,4.3,3421.72,5268.92,191.69985,8.684,2,118221
422832,45,2012-09-14,0,97.0,7004.7,67.87,3.948,11407.95,0.0,4.3,3421.72,5268.92,191.69985,8.684,2,118221
422833,45,2012-09-14,0,2.0,35244.42,67.87,3.948,11407.95,0.0,4.3,3421.72,5268.92,191.69985,8.684,2,118221
422834,45,2012-09-14,0,7.0,13316.46,67.87,3.948,11407.95,0.0,4.3,3421.72,5268.92,191.69985,8.684,2,118221
422835,45,2012-09-14,0,26.0,8396.13,67.87,3.948,11407.95,0.0,4.3,3421.72,5268.92,191.69985,8.684,2,118221
422836,45,2012-09-14,0,91.0,16241.73,67.87,3.948,11407.95,0.0,4.3,3421.72,5268.92,191.69985,8.684,2,118221
422837,45,2012-09-14,0,42.0,5156.66,67.87,3.948,11407.95,0.0,4.3,3421.72,5268.92,191.69985,8.684,2,118221
422838,45,2012-09-14,0,81.0,14348.0,67.87,3.948,11407.95,0.0,4.3,3421.72,5268.92,191.69985,8.684,2,118221
422839,45,2012-09-14,0,79.0,14044.41,67.87,3.948,11407.95,0.0,4.3,3421.72,5268.92,191.69985,8.684,2,118221
422840,45,2012-09-14,0,58.0,930.0,67.87,3.948,11407.95,0.0,4.3,3421.72,5268.92,191.69985,8.684,2,118221
422841,45,2012-09-14,0,10.0,13220.27,67.87,3.948,11407.95,0.0,4.3,3421.72,5268.92,191.69985,8.684,2,118221
422842,45,2012-09-14,0,60.0,225.0,67.87,3.948,11407.95,0.0,4.3,3421.72,5268.92,191.69985,8.684,2,118221
422843,45,2012-09-14,0,85.0,1611.93,67.87,3.948,11407.95,0.0,4.3,3421.72,5268.92,191.69985,8.684,2,118221
422844,45,2012-09-14,0,24.0,5690.2,67.87,3.948,11407.95,0.0,4.3,3421.72,5268.92,191.69985,8.684,2,118221
422845,45,2012-09-14,0,27.0,927.68,67.87,3.948,11407.95,0.0,4.3,3421.72,5268.92,191.69985,8.684,2,118221
422846,45,2012-09-14,0,30.0,2815.04,67.87,3.948,11407.95,0.0,4.3,3421.72,5268.92,191.69985,8.684,2,118221
422847,45,2012-09-14,0,49.0,-6.83,67.87,3.948,11407.95,0.0,4.3,3421.72,5268.92,191.69985,8.684,2,118221
422848,45,2012-09-14,0,20.0,3984.5,67.87,3.948,11407.95,0.0,4.3,3421.72,5268.92,191.69985,8.684,2,118221
422849,45,2012-09-14,0,98.0,605.96,67.87,3.948,11407.95,0.0,4.3,3421.72,5268.92,191.69985,8.684,2,118221
422850,45,2012-09-14,0,87.0,9284.48,67.87,3.948,11407.95,0.0,4.3,3421.72,5268.92,191.69985,8.684,2,118221
422851,45,2012-09-14,0,21.0,3746.54,67.87,3.948,11407.95,0.0,4.3,3421.72,5268.92,191.69985,8.684,2,118221
422852,45,2012-09-14,0,55.0,3096.39,67.87,3.948,11407.95,0.0,4.3,3421.72,5268.92,191.69985,8.684,2,118221
422853,45,2012-09-14,0,95.0,53711.96,67.87,3.948,11407.95,0.0,4.3,3421.72,5268.92,191.69985,8.684,2,118221
422854,45,2012-09-14,0,28.0,399.23,67.87,3.948,11407.95,0.0,4.3,3421.72,5268.92,191.69985,8.684,2,118221
422855,45,2012-09-14,0,93.0,2541.07,67.87,3.948,11407.95,0.0,4.3,3421.72,5268.92,191.69985,8.684,2,118221
422856,45,2012-09-14,0,59.0,217.02,67.87,3.948,11407.95,0.0,4.3,3421.72,5268.92,191.69985,8.684,2,118221
422857,45,2012-09-14,0,17.0,9238.64,67.87,3.948,11407.95,0.0,4.3,3421.72,5268.92,191.69985,8.684,2,118221
422858,45,2012-09-14,0,38.0,51602.46,67.87,3.948,11407.95,0.0,4.3,3421.72,5268.92,191.69985,8.684,2,118221
422859,45,2012-09-14,0,82.0,12737.58,67.87,3.948,11407.95,0.0,4.3,3421.72,5268.92,191.69985,8.684,2,118221
422860,45,2012-09-14,0,11.0,8921.99,67.87,3.948,11407.95,0.0,4.3,3421.72,5268.92,191.69985,8.684,2,118221
422861,45,2012-09-14,0,13.0,26684.63,67.87,3.948,11407.95,0.0,4.3,3421.72,5268.92,191.69985,8.684,2,118221
422862,45,2012-09-14,0,46.0,12065.98,67.87,3.948,11407.95,0.0,4.3,3421.72,5268.92,191.69985,8.684,2,118221
422863,45,2012-09-14,0,6.0,2481.72,67.87,3.948,11407.95,0.0,4.3,3421.72,5268.92,191.69985,8.684,2,118221
422864,45,2012-09-14,0,16.0,9722.6,67.87,3.948,11407.95,0.0,4.3,3421.72,5268.92,191.69985,8.684,2,118221
422865,45,2012-09-14,0,23.0,16061.68,67.87,3.948,11407.95,0.0,4.3,3421.72,5268.92,191.69985,8.684,2,118221
422866,45,2012-09-14,0,4.0,22846.37,67.87,3.948,11407.95,0.0,4.3,3421.72,5268.92,191.69985,8.684,2,118221
422867,45,2012-09-14,0,40.0,38911.17,67.87,3.948,11407.95,0.0,4.3,3421.72,5268.92,191.69985,8.684,2,118221
422868,45,2012-09-14,0,5.0,9857.66,67.87,3.948,11407.95,0.0,4.3,3421.72,5268.92,191.69985,8.684,2,118221
422869,45,2012-09-14,0,33.0,5206.77,67.87,3.948,11407.95,0.0,4.3,3421.72,5268.92,191.69985,8.684,2,118221
422870,45,2012-09-14,0,3.0,15488.13,67.87,3.948,11407.95,0.0,4.3,3421.72,5268.92,191.69985,8.684,2,118221
422871,45,2012-09-14,0,18.0,535.04,67.87,3.948,11407.95,0.0,4.3,3421.72,5268.92,191.69985,8.684,2,118221
422872,45,2012-09-14,0,29.0,3689.9,67.87,3.948,11407.95,0.0,4.3,3421.72,5268.92,191.69985,8.684,2,118221
422873,45,2012-09-14,0,35.0,1586.6,67.87,3.948,11407.95,0.0,4.3,3421.72,5268.92,191.69985,8.684,2,118221
422874,45,2012-09-14,0,32.0,3018.73,67.87,3.948,11407.95,0.0,4.3,3421.72,5268.92,191.69985,8.684,2,118221
422875,45,2012-09-14,0,80.0,708.54,67.87,3.948,11407.95,0.0,4.3,3421.72,5268.92,191.69985,8.684,2,118221
422876,45,2012-09-14,0,12.0,3635.5,67.87,3.948,11407.95,0.0,4.3,3421.72,5268.92,191.69985,8.684,2,118221
422877,45,2012-09-14,0,19.0,1206.29,67.87,3.948,11407.95,0.0,4.3,3421.72,5268.92,191.69985,8.684,2,118221
422878,45,2012-09-14,0,1.0,12747.42,67.87,3.948,11407.95,0.0,4.3,3421.72,5268.92,191.69985,8.684,2,118221
422879,45,2012-09-14,0,52.0,1112.03,67.87,3.948,11407.95,0.0,4.3,3421.72,5268.92,191.69985,8.684,2,118221
422880,45,2012-09-14,0,94.0,4477.17,67.87,3.948,11407.95,0.0,4.3,3421.72,5268.92,191.69985,8.684,2,118221
422881,45,2012-09-14,0,83.0,566.94,67.87,3.948,11407.95,0.0,4.3,3421.72,5268.92,191.69985,8.684,2,118221
422882,45,2012-09-14,0,31.0,2152.79,67.87,3.948,11407.95,0.0,4.3,3421.72,5268.92,191.69985,8.684,2,118221
422883,45,2012-09-14,0,36.0,751.1,67.87,3.948,11407.95,0.0,4.3,3421.72,5268.92,191.69985,8.684,2,118221
422884,45,2012-09-14,0,14.0,11926.29,67.87,3.948,11407.95,0.0,4.3,3421.72,5268.92,191.69985,8.684,2,118221
422885,45,2012-09-14,0,34.0,12020.9,67.87,3.948,11407.95,0.0,4.3,3421.72,5268.92,191.69985,8.684,2,118221
422886,45,2012-09-21,0,71.0,3071.95,65.32,4.038,8452.2,92.28,63.24,2376.38,8670.4,191.8567038,8.684,2,118221
422887,45,2012-09-21,0,23.0,18860.29,65.32,4.038,8452.2,92.28,63.24,2376.38,8670.4,191.8567038,8.684,2,118221
422888,45,2012-09-21,0,9.0,12316.43,65.32,4.038,8452.2,92.28,63.24,2376.38,8670.4,191.8567038,8.684,2,118221
422889,45,2012-09-21,0,92.0,50977.95,65.32,4.038,8452.2,92.28,63.24,2376.38,8670.4,191.8567038,8.684,2,118221
422890,45,2012-09-21,0,44.0,2390.2,65.32,4.038,8452.2,92.28,63.24,2376.38,8670.4,191.8567038,8.684,2,118221
422891,45,2012-09-21,0,56.0,1518.04,65.32,4.038,8452.2,92.28,63.24,2376.38,8670.4,191.8567038,8.684,2,118221
422892,45,2012-09-21,0,27.0,1064.32,65.32,4.038,8452.2,92.28,63.24,2376.38,8670.4,191.8567038,8.684,2,118221
422893,45,2012-09-21,0,41.0,3315.52,65.32,4.038,8452.2,92.28,63.24,2376.38,8670.4,191.8567038,8.684,2,118221
422894,45,2012-09-21,0,6.0,1910.86,65.32,4.038,8452.2,92.28,63.24,2376.38,8670.4,191.8567038,8.684,2,118221
422895,45,2012-09-21,0,79.0,13932.95,65.32,4.038,8452.2,92.28,63.24,2376.38,8670.4,191.8567038,8.684,2,118221
422896,45,2012-09-21,0,8.0,35212.42,65.32,4.038,8452.2,92.28,63.24,2376.38,8670.4,191.8567038,8.684,2,118221
422897,45,2012-09-21,0,72.0,27810.18,65.32,4.038,8452.2,92.28,63.24,2376.38,8670.4,191.8567038,8.684,2,118221
422898,45,2012-09-21,0,7.0,24406.19,65.32,4.038,8452.2,92.28,63.24,2376.38,8670.4,191.8567038,8.684,2,118221
422899,45,2012-09-21,0,60.0,153.0,65.32,4.038,8452.2,92.28,63.24,2376.38,8670.4,191.8567038,8.684,2,118221
422900,45,2012-09-21,0,24.0,4400.13,65.32,4.038,8452.2,92.28,63.24,2376.38,8670.4,191.8567038,8.684,2,118221
422901,45,2012-09-21,0,67.0,4890.84,65.32,4.038,8452.2,92.28,63.24,2376.38,8670.4,191.8567038,8.684,2,118221
422902,45,2012-09-21,0,38.0,58339.44,65.32,4.038,8452.2,92.28,63.24,2376.38,8670.4,191.8567038,8.684,2,118221
422903,45,2012-09-21,0,22.0,7407.32,65.32,4.038,8452.2,92.28,63.24,2376.38,8670.4,191.8567038,8.684,2,118221
422904,45,2012-09-21,0,29.0,4094.7,65.32,4.038,8452.2,92.28,63.24,2376.38,8670.4,191.8567038,8.684,2,118221
422905,45,2012-09-21,0,87.0,6476.32,65.32,4.038,8452.2,92.28,63.24,2376.38,8670.4,191.8567038,8.684,2,118221
422906,45,2012-09-21,0,42.0,4240.4,65.32,4.038,8452.2,92.28,63.24,2376.38,8670.4,191.8567038,8.684,2,118221
422907,45,2012-09-21,0,90.0,23161.37,65.32,4.038,8452.2,92.28,63.24,2376.38,8670.4,191.8567038,8.684,2,118221
422908,45,2012-09-21,0,25.0,7010.09,65.32,4.038,8452.2,92.28,63.24,2376.38,8670.4,191.8567038,8.684,2,118221
422909,45,2012-09-21,0,74.0,9683.12,65.32,4.038,8452.2,92.28,63.24,2376.38,8670.4,191.8567038,8.684,2,118221
422910,45,2012-09-21,0,85.0,1512.68,65.32,4.038,8452.2,92.28,63.24,2376.38,8670.4,191.8567038,8.684,2,118221
422911,45,2012-09-21,0,10.0,12444.25,65.32,4.038,8452.2,92.28,63.24,2376.38,8670.4,191.8567038,8.684,2,118221
422912,45,2012-09-21,0,97.0,6878.96,65.32,4.038,8452.2,92.28,63.24,2376.38,8670.4,191.8567038,8.684,2,118221
422913,45,2012-09-21,0,20.0,4122.78,65.32,4.038,8452.2,92.28,63.24,2376.38,8670.4,191.8567038,8.684,2,118221
422914,45,2012-09-21,0,2.0,34820.53,65.32,4.038,8452.2,92.28,63.24,2376.38,8670.4,191.8567038,8.684,2,118221
422915,45,2012-09-21,0,13.0,27540.74,65.32,4.038,8452.2,92.28,63.24,2376.38,8670.4,191.8567038,8.684,2,118221
422916,45,2012-09-21,0,30.0,2645.9,65.32,4.038,8452.2,92.28,63.24,2376.38,8670.4,191.8567038,8.684,2,118221
422917,45,2012-09-21,0,98.0,467.3,65.32,4.038,8452.2,92.28,63.24,2376.38,8670.4,191.8567038,8.684,2,118221
422918,45,2012-09-21,0,21.0,3215.09,65.32,4.038,8452.2,92.28,63.24,2376.38,8670.4,191.8567038,8.684,2,118221
422919,45,2012-09-21,0,91.0,16033.4,65.32,4.038,8452.2,92.28,63.24,2376.38,8670.4,191.8567038,8.684,2,118221
422920,45,2012-09-21,0,19.0,1072.73,65.32,4.038,8452.2,92.28,63.24,2376.38,8670.4,191.8567038,8.684,2,118221
422921,45,2012-09-21,0,28.0,551.48,65.32,4.038,8452.2,92.28,63.24,2376.38,8670.4,191.8567038,8.684,2,118221
422922,45,2012-09-21,0,5.0,10227.54,65.32,4.038,8452.2,92.28,63.24,2376.38,8670.4,191.8567038,8.684,2,118221
422923,45,2012-09-21,0,59.0,131.78,65.32,4.038,8452.2,92.28,63.24,2376.38,8670.4,191.8567038,8.684,2,118221
422924,45,2012-09-21,0,3.0,10805.87,65.32,4.038,8452.2,92.28,63.24,2376.38,8670.4,191.8567038,8.684,2,118221
422925,45,2012-09-21,0,93.0,2372.82,65.32,4.038,8452.2,92.28,63.24,2376.38,8670.4,191.8567038,8.684,2,118221
422926,45,2012-09-21,0,17.0,10346.2,65.32,4.038,8452.2,92.28,63.24,2376.38,8670.4,191.8567038,8.684,2,118221
422927,45,2012-09-21,0,26.0,8940.27,65.32,4.038,8452.2,92.28,63.24,2376.38,8670.4,191.8567038,8.684,2,118221
422928,45,2012-09-21,0,81.0,14473.39,65.32,4.038,8452.2,92.28,63.24,2376.38,8670.4,191.8567038,8.684,2,118221
422929,45,2012-09-21,0,32.0,4045.71,65.32,4.038,8452.2,92.28,63.24,2376.38,8670.4,191.8567038,8.684,2,118221
422930,45,2012-09-21,0,46.0,12034.36,65.32,4.038,8452.2,92.28,63.24,2376.38,8670.4,191.8567038,8.684,2,118221
422931,45,2012-09-21,0,36.0,761.56,65.32,4.038,8452.2,92.28,63.24,2376.38,8670.4,191.8567038,8.684,2,118221
422932,45,2012-09-21,0,55.0,4323.43,65.32,4.038,8452.2,92.28,63.24,2376.38,8670.4,191.8567038,8.684,2,118221
422933,45,2012-09-21,0,40.0,40200.82,65.32,4.038,8452.2,92.28,63.24,2376.38,8670.4,191.8567038,8.684,2,118221
422934,45,2012-09-21,0,95.0,54160.5,65.32,4.038,8452.2,92.28,63.24,2376.38,8670.4,191.8567038,8.684,2,118221
422935,45,2012-09-21,0,35.0,2134.62,65.32,4.038,8452.2,92.28,63.24,2376.38,8670.4,191.8567038,8.684,2,118221
422936,45,2012-09-21,0,80.0,516.04,65.32,4.038,8452.2,92.28,63.24,2376.38,8670.4,191.8567038,8.684,2,118221
422937,45,2012-09-21,0,94.0,5008.65,65.32,4.038,8452.2,92.28,63.24,2376.38,8670.4,191.8567038,8.684,2,118221
422938,45,2012-09-21,0,18.0,3551.95,65.32,4.038,8452.2,92.28,63.24,2376.38,8670.4,191.8567038,8.684,2,118221
422939,45,2012-09-21,0,52.0,1297.11,65.32,4.038,8452.2,92.28,63.24,2376.38,8670.4,191.8567038,8.684,2,118221
422940,45,2012-09-21,0,16.0,8772.78,65.32,4.038,8452.2,92.28,63.24,2376.38,8670.4,191.8567038,8.684,2,118221
422941,45,2012-09-21,0,49.0,10.0,65.32,4.038,8452.2,92.28,63.24,2376.38,8670.4,191.8567038,8.684,2,118221
422942,45,2012-09-21,0,11.0,9811.95,65.32,4.038,8452.2,92.28,63.24,2376.38,8670.4,191.8567038,8.684,2,118221
422943,45,2012-09-21,0,34.0,12804.79,65.32,4.038,8452.2,92.28,63.24,2376.38,8670.4,191.8567038,8.684,2,118221
422944,45,2012-09-21,0,33.0,4626.81,65.32,4.038,8452.2,92.28,63.24,2376.38,8670.4,191.8567038,8.684,2,118221
422945,45,2012-09-21,0,58.0,1245.0,65.32,4.038,8452.2,92.28,63.24,2376.38,8670.4,191.8567038,8.684,2,118221
422946,45,2012-09-21,0,83.0,714.42,65.32,4.038,8452.2,92.28,63.24,2376.38,8670.4,191.8567038,8.684,2,118221
422947,45,2012-09-21,0,82.0,11093.46,65.32,4.038,8452.2,92.28,63.24,2376.38,8670.4,191.8567038,8.684,2,118221
422948,45,2012-09-21,0,31.0,2150.7,65.32,4.038,8452.2,92.28,63.24,2376.38,8670.4,191.8567038,8.684,2,118221
422949,45,2012-09-21,0,12.0,3166.2,65.32,4.038,8452.2,92.28,63.24,2376.38,8670.4,191.8567038,8.684,2,118221
422950,45,2012-09-21,0,1.0,13114.39,65.32,4.038,8452.2,92.28,63.24,2376.38,8670.4,191.8567038,8.684,2,118221
422951,45,2012-09-21,0,14.0,9861.32,65.32,4.038,8452.2,92.28,63.24,2376.38,8670.4,191.8567038,8.684,2,118221
422952,45,2012-09-21,0,4.0,22431.89,65.32,4.038,8452.2,92.28,63.24,2376.38,8670.4,191.8567038,8.684,2,118221
422953,45,2012-09-28,0,67.0,5198.43,64.88,3.997,4556.61,20.64,1.5,1601.01,3288.25,192.0135577,8.684,2,118221
422954,45,2012-09-28,0,85.0,1803.31,64.88,3.997,4556.61,20.64,1.5,1601.01,3288.25,192.0135577,8.684,2,118221
422955,45,2012-09-28,0,9.0,12961.24,64.88,3.997,4556.61,20.64,1.5,1601.01,3288.25,192.0135577,8.684,2,118221
422956,45,2012-09-28,0,8.0,33202.26,64.88,3.997,4556.61,20.64,1.5,1601.01,3288.25,192.0135577,8.684,2,118221
422957,45,2012-09-28,0,41.0,2815.63,64.88,3.997,4556.61,20.64,1.5,1601.01,3288.25,192.0135577,8.684,2,118221
422958,45,2012-09-28,0,92.0,47372.08,64.88,3.997,4556.61,20.64,1.5,1601.01,3288.25,192.0135577,8.684,2,118221
422959,45,2012-09-28,0,72.0,40221.63,64.88,3.997,4556.61,20.64,1.5,1601.01,3288.25,192.0135577,8.684,2,118221
422960,45,2012-09-28,0,56.0,1911.57,64.88,3.997,4556.61,20.64,1.5,1601.01,3288.25,192.0135577,8.684,2,118221
422961,45,2012-09-28,0,6.0,2415.69,64.88,3.997,4556.61,20.64,1.5,1601.01,3288.25,192.0135577,8.684,2,118221
422962,45,2012-09-28,0,79.0,14552.76,64.88,3.997,4556.61,20.64,1.5,1601.01,3288.25,192.0135577,8.684,2,118221
422963,45,2012-09-28,0,71.0,3081.16,64.88,3.997,4556.61,20.64,1.5,1601.01,3288.25,192.0135577,8.684,2,118221
422964,45,2012-09-28,0,91.0,15020.88,64.88,3.997,4556.61,20.64,1.5,1601.01,3288.25,192.0135577,8.684,2,118221
422965,45,2012-09-28,0,93.0,2763.02,64.88,3.997,4556.61,20.64,1.5,1601.01,3288.25,192.0135577,8.684,2,118221
422966,45,2012-09-28,0,18.0,5547.95,64.88,3.997,4556.61,20.64,1.5,1601.01,3288.25,192.0135577,8.684,2,118221
422967,45,2012-09-28,0,7.0,19937.51,64.88,3.997,4556.61,20.64,1.5,1601.01,3288.25,192.0135577,8.684,2,118221
422968,45,2012-09-28,0,24.0,5215.71,64.88,3.997,4556.61,20.64,1.5,1601.01,3288.25,192.0135577,8.684,2,118221
422969,45,2012-09-28,0,90.0,22566.07,64.88,3.997,4556.61,20.64,1.5,1601.01,3288.25,192.0135577,8.684,2,118221
422970,45,2012-09-28,0,20.0,3722.72,64.88,3.997,4556.61,20.64,1.5,1601.01,3288.25,192.0135577,8.684,2,118221
422971,45,2012-09-28,0,52.0,1209.59,64.88,3.997,4556.61,20.64,1.5,1601.01,3288.25,192.0135577,8.684,2,118221
422972,45,2012-09-28,0,23.0,16962.88,64.88,3.997,4556.61,20.64,1.5,1601.01,3288.25,192.0135577,8.684,2,118221
422973,45,2012-09-28,0,87.0,8787.85,64.88,3.997,4556.61,20.64,1.5,1601.01,3288.25,192.0135577,8.684,2,118221
422974,45,2012-09-28,0,55.0,3638.2,64.88,3.997,4556.61,20.64,1.5,1601.01,3288.25,192.0135577,8.684,2,118221
422975,45,2012-09-28,0,58.0,1540.0,64.88,3.997,4556.61,20.64,1.5,1601.01,3288.25,192.0135577,8.684,2,118221
422976,45,2012-09-28,0,44.0,2093.57,64.88,3.997,4556.61,20.64,1.5,1601.01,3288.25,192.0135577,8.684,2,118221
422977,45,2012-09-28,0,10.0,11595.7,64.88,3.997,4556.61,20.64,1.5,1601.01,3288.25,192.0135577,8.684,2,118221
422978,45,2012-09-28,0,5.0,14734.61,64.88,3.997,4556.61,20.64,1.5,1601.01,3288.25,192.0135577,8.684,2,118221
422979,45,2012-09-28,0,94.0,4734.83,64.88,3.997,4556.61,20.64,1.5,1601.01,3288.25,192.0135577,8.684,2,118221
422980,45,2012-09-28,0,74.0,8443.41,64.88,3.997,4556.61,20.64,1.5,1601.01,3288.25,192.0135577,8.684,2,118221
422981,45,2012-09-28,0,22.0,6965.79,64.88,3.997,4556.61,20.64,1.5,1601.01,3288.25,192.0135577,8.684,2,118221
422982,45,2012-09-28,0,97.0,6269.73,64.88,3.997,4556.61,20.64,1.5,1601.01,3288.25,192.0135577,8.684,2,118221
422983,45,2012-09-28,0,30.0,2924.16,64.88,3.997,4556.61,20.64,1.5,1601.01,3288.25,192.0135577,8.684,2,118221
422984,45,2012-09-28,0,46.0,11697.12,64.88,3.997,4556.61,20.64,1.5,1601.01,3288.25,192.0135577,8.684,2,118221
422985,45,2012-09-28,0,26.0,9198.52,64.88,3.997,4556.61,20.64,1.5,1601.01,3288.25,192.0135577,8.684,2,118221
422986,45,2012-09-28,0,60.0,225.0,64.88,3.997,4556.61,20.64,1.5,1601.01,3288.25,192.0135577,8.684,2,118221
422987,45,2012-09-28,0,21.0,3093.11,64.88,3.997,4556.61,20.64,1.5,1601.01,3288.25,192.0135577,8.684,2,118221
422988,45,2012-09-28,0,95.0,49380.11,64.88,3.997,4556.61,20.64,1.5,1601.01,3288.25,192.0135577,8.684,2,118221
422989,45,2012-09-28,0,40.0,38190.83,64.88,3.997,4556.61,20.64,1.5,1601.01,3288.25,192.0135577,8.684,2,118221
422990,45,2012-09-28,0,59.0,128.2,64.88,3.997,4556.61,20.64,1.5,1601.01,3288.25,192.0135577,8.684,2,118221
422991,45,2012-09-28,0,25.0,7108.48,64.88,3.997,4556.61,20.64,1.5,1601.01,3288.25,192.0135577,8.684,2,118221
422992,45,2012-09-28,0,1.0,13153.22,64.88,3.997,4556.61,20.64,1.5,1601.01,3288.25,192.0135577,8.684,2,118221
422993,45,2012-09-28,0,17.0,9007.19,64.88,3.997,4556.61,20.64,1.5,1601.01,3288.25,192.0135577,8.684,2,118221
422994,45,2012-09-28,0,27.0,964.91,64.88,3.997,4556.61,20.64,1.5,1601.01,3288.25,192.0135577,8.684,2,118221
422995,45,2012-09-28,0,13.0,26974.6,64.88,3.997,4556.61,20.64,1.5,1601.01,3288.25,192.0135577,8.684,2,118221
422996,45,2012-09-28,0,81.0,14527.13,64.88,3.997,4556.61,20.64,1.5,1601.01,3288.25,192.0135577,8.684,2,118221
422997,45,2012-09-28,0,32.0,3645.26,64.88,3.997,4556.61,20.64,1.5,1601.01,3288.25,192.0135577,8.684,2,118221
422998,45,2012-09-28,0,82.0,12044.6,64.88,3.997,4556.61,20.64,1.5,1601.01,3288.25,192.0135577,8.684,2,118221
422999,45,2012-09-28,0,29.0,4392.28,64.88,3.997,4556.61,20.64,1.5,1601.01,3288.25,192.0135577,8.684,2,118221
423000,45,2012-09-28,0,83.0,555.32,64.88,3.997,4556.61,20.64,1.5,1601.01,3288.25,192.0135577,8.684,2,118221
423001,45,2012-09-28,0,4.0,22425.48,64.88,3.997,4556.61,20.64,1.5,1601.01,3288.25,192.0135577,8.684,2,118221
423002,45,2012-09-28,0,34.0,13179.89,64.88,3.997,4556.61,20.64,1.5,1601.01,3288.25,192.0135577,8.684,2,118221
423003,45,2012-09-28,0,19.0,1349.61,64.88,3.997,4556.61,20.64,1.5,1601.01,3288.25,192.0135577,8.684,2,118221
423004,45,2012-09-28,0,3.0,7657.71,64.88,3.997,4556.61,20.64,1.5,1601.01,3288.25,192.0135577,8.684,2,118221
423005,45,2012-09-28,0,80.0,563.07,64.88,3.997,4556.61,20.64,1.5,1601.01,3288.25,192.0135577,8.684,2,118221
423006,45,2012-09-28,0,12.0,3294.99,64.88,3.997,4556.61,20.64,1.5,1601.01,3288.25,192.0135577,8.684,2,118221
423007,45,2012-09-28,0,38.0,53381.46,64.88,3.997,4556.61,20.64,1.5,1601.01,3288.25,192.0135577,8.684,2,118221
423008,45,2012-09-28,0,2.0,33643.81,64.88,3.997,4556.61,20.64,1.5,1601.01,3288.25,192.0135577,8.684,2,118221
423009,45,2012-09-28,0,11.0,10248.51,64.88,3.997,4556.61,20.64,1.5,1601.01,3288.25,192.0135577,8.684,2,118221
423010,45,2012-09-28,0,36.0,576.78,64.88,3.997,4556.61,20.64,1.5,1601.01,3288.25,192.0135577,8.684,2,118221
423011,45,2012-09-28,0,33.0,4741.77,64.88,3.997,4556.61,20.64,1.5,1601.01,3288.25,192.0135577,8.684,2,118221
423012,45,2012-09-28,0,14.0,9288.22,64.88,3.997,4556.61,20.64,1.5,1601.01,3288.25,192.0135577,8.684,2,118221
423013,45,2012-09-28,0,98.0,508.37,64.88,3.997,4556.61,20.64,1.5,1601.01,3288.25,192.0135577,8.684,2,118221
423014,45,2012-09-28,0,16.0,8410.82,64.88,3.997,4556.61,20.64,1.5,1601.01,3288.25,192.0135577,8.684,2,118221
423015,45,2012-09-28,0,42.0,4162.85,64.88,3.997,4556.61,20.64,1.5,1601.01,3288.25,192.0135577,8.684,2,118221
423016,45,2012-09-28,0,28.0,518.3,64.88,3.997,4556.61,20.64,1.5,1601.01,3288.25,192.0135577,8.684,2,118221
423017,45,2012-09-28,0,31.0,1870.75,64.88,3.997,4556.61,20.64,1.5,1601.01,3288.25,192.0135577,8.684,2,118221
423018,45,2012-09-28,0,35.0,2855.74,64.88,3.997,4556.61,20.64,1.5,1601.01,3288.25,192.0135577,8.684,2,118221
423019,45,2012-10-05,0,22.0,8266.75,64.89,3.985,5046.74,0.0,18.82,2253.43,2340.01,192.1704115,8.667,2,118221
423020,45,2012-10-05,0,8.0,37554.22,64.89,3.985,5046.74,0.0,18.82,2253.43,2340.01,192.1704115,8.667,2,118221
423021,45,2012-10-05,0,92.0,50301.74,64.89,3.985,5046.74,0.0,18.82,2253.43,2340.01,192.1704115,8.667,2,118221
423022,45,2012-10-05,0,9.0,10848.6,64.89,3.985,5046.74,0.0,18.82,2253.43,2340.01,192.1704115,8.667,2,118221
423023,45,2012-10-05,0,54.0,10.0,64.89,3.985,5046.74,0.0,18.82,2253.43,2340.01,192.1704115,8.667,2,118221
423024,45,2012-10-05,0,90.0,23363.79,64.89,3.985,5046.74,0.0,18.82,2253.43,2340.01,192.1704115,8.667,2,118221
423025,45,2012-10-05,0,10.0,12686.24,64.89,3.985,5046.74,0.0,18.82,2253.43,2340.01,192.1704115,8.667,2,118221
423026,45,2012-10-05,0,56.0,1665.6,64.89,3.985,5046.74,0.0,18.82,2253.43,2340.01,192.1704115,8.667,2,118221
423027,45,2012-10-05,0,21.0,3816.89,64.89,3.985,5046.74,0.0,18.82,2253.43,2340.01,192.1704115,8.667,2,118221
423028,45,2012-10-05,0,58.0,1285.0,64.89,3.985,5046.74,0.0,18.82,2253.43,2340.01,192.1704115,8.667,2,118221
423029,45,2012-10-05,0,24.0,6014.15,64.89,3.985,5046.74,0.0,18.82,2253.43,2340.01,192.1704115,8.667,2,118221
423030,45,2012-10-05,0,26.0,8645.32,64.89,3.985,5046.74,0.0,18.82,2253.43,2340.01,192.1704115,8.667,2,118221
423031,45,2012-10-05,0,41.0,2427.75,64.89,3.985,5046.74,0.0,18.82,2253.43,2340.01,192.1704115,8.667,2,118221
423032,45,2012-10-05,0,79.0,16162.62,64.89,3.985,5046.74,0.0,18.82,2253.43,2340.01,192.1704115,8.667,2,118221
423033,45,2012-10-05,0,91.0,16221.11,64.89,3.985,5046.74,0.0,18.82,2253.43,2340.01,192.1704115,8.667,2,118221
423034,45,2012-10-05,0,93.0,2807.14,64.89,3.985,5046.74,0.0,18.82,2253.43,2340.01,192.1704115,8.667,2,118221
423035,45,2012-10-05,0,25.0,7842.33,64.89,3.985,5046.74,0.0,18.82,2253.43,2340.01,192.1704115,8.667,2,118221
423036,45,2012-10-05,0,59.0,115.58,64.89,3.985,5046.74,0.0,18.82,2253.43,2340.01,192.1704115,8.667,2,118221
423037,45,2012-10-05,0,38.0,53700.57,64.89,3.985,5046.74,0.0,18.82,2253.43,2340.01,192.1704115,8.667,2,118221
423038,45,2012-10-05,0,97.0,6573.18,64.89,3.985,5046.74,0.0,18.82,2253.43,2340.01,192.1704115,8.667,2,118221
423039,45,2012-10-05,0,27.0,1042.97,64.89,3.985,5046.74,0.0,18.82,2253.43,2340.01,192.1704115,8.667,2,118221
423040,45,2012-10-05,0,6.0,1203.42,64.89,3.985,5046.74,0.0,18.82,2253.43,2340.01,192.1704115,8.667,2,118221
423041,45,2012-10-05,0,4.0,23410.81,64.89,3.985,5046.74,0.0,18.82,2253.43,2340.01,192.1704115,8.667,2,118221
423042,45,2012-10-05,0,23.0,19432.86,64.89,3.985,5046.74,0.0,18.82,2253.43,2340.01,192.1704115,8.667,2,118221
423043,45,2012-10-05,0,20.0,3512.27,64.89,3.985,5046.74,0.0,18.82,2253.43,2340.01,192.1704115,8.667,2,118221
423044,45,2012-10-05,0,60.0,243.0,64.89,3.985,5046.74,0.0,18.82,2253.43,2340.01,192.1704115,8.667,2,118221
423045,45,2012-10-05,0,1.0,15309.43,64.89,3.985,5046.74,0.0,18.82,2253.43,2340.01,192.1704115,8.667,2,118221
423046,45,2012-10-05,0,3.0,7731.7,64.89,3.985,5046.74,0.0,18.82,2253.43,2340.01,192.1704115,8.667,2,118221
423047,45,2012-10-05,0,85.0,1165.73,64.89,3.985,5046.74,0.0,18.82,2253.43,2340.01,192.1704115,8.667,2,118221
423048,45,2012-10-05,0,71.0,1870.21,64.89,3.985,5046.74,0.0,18.82,2253.43,2340.01,192.1704115,8.667,2,118221
423049,45,2012-10-05,0,74.0,9265.27,64.89,3.985,5046.74,0.0,18.82,2253.43,2340.01,192.1704115,8.667,2,118221
423050,45,2012-10-05,0,13.0,28596.0,64.89,3.985,5046.74,0.0,18.82,2253.43,2340.01,192.1704115,8.667,2,118221
423051,45,2012-10-05,0,30.0,2529.08,64.89,3.985,5046.74,0.0,18.82,2253.43,2340.01,192.1704115,8.667,2,118221
423052,45,2012-10-05,0,52.0,1022.39,64.89,3.985,5046.74,0.0,18.82,2253.43,2340.01,192.1704115,8.667,2,118221
423053,45,2012-10-05,0,55.0,5180.54,64.89,3.985,5046.74,0.0,18.82,2253.43,2340.01,192.1704115,8.667,2,118221
423054,45,2012-10-05,0,98.0,628.1,64.89,3.985,5046.74,0.0,18.82,2253.43,2340.01,192.1704115,8.667,2,118221
423055,45,2012-10-05,0,40.0,38466.87,64.89,3.985,5046.74,0.0,18.82,2253.43,2340.01,192.1704115,8.667,2,118221
423056,45,2012-10-05,0,87.0,8289.04,64.89,3.985,5046.74,0.0,18.82,2253.43,2340.01,192.1704115,8.667,2,118221
423057,45,2012-10-05,0,28.0,610.27,64.89,3.985,5046.74,0.0,18.82,2253.43,2340.01,192.1704115,8.667,2,118221
423058,45,2012-10-05,0,72.0,33656.09,64.89,3.985,5046.74,0.0,18.82,2253.43,2340.01,192.1704115,8.667,2,118221
423059,45,2012-10-05,0,33.0,5208.33,64.89,3.985,5046.74,0.0,18.82,2253.43,2340.01,192.1704115,8.667,2,118221
423060,45,2012-10-05,0,18.0,8579.8,64.89,3.985,5046.74,0.0,18.82,2253.43,2340.01,192.1704115,8.667,2,118221
423061,45,2012-10-05,0,5.0,13175.2,64.89,3.985,5046.74,0.0,18.82,2253.43,2340.01,192.1704115,8.667,2,118221
423062,45,2012-10-05,0,7.0,23892.52,64.89,3.985,5046.74,0.0,18.82,2253.43,2340.01,192.1704115,8.667,2,118221
423063,45,2012-10-05,0,81.0,14409.33,64.89,3.985,5046.74,0.0,18.82,2253.43,2340.01,192.1704115,8.667,2,118221
423064,45,2012-10-05,0,32.0,4278.91,64.89,3.985,5046.74,0.0,18.82,2253.43,2340.01,192.1704115,8.667,2,118221
423065,45,2012-10-05,0,46.0,11769.67,64.89,3.985,5046.74,0.0,18.82,2253.43,2340.01,192.1704115,8.667,2,118221
423066,45,2012-10-05,0,67.0,4936.55,64.89,3.985,5046.74,0.0,18.82,2253.43,2340.01,192.1704115,8.667,2,118221
423067,45,2012-10-05,0,29.0,3675.58,64.89,3.985,5046.74,0.0,18.82,2253.43,2340.01,192.1704115,8.667,2,118221
423068,45,2012-10-05,0,83.0,485.38,64.89,3.985,5046.74,0.0,18.82,2253.43,2340.01,192.1704115,8.667,2,118221
423069,45,2012-10-05,0,19.0,1175.88,64.89,3.985,5046.74,0.0,18.82,2253.43,2340.01,192.1704115,8.667,2,118221
423070,45,2012-10-05,0,44.0,2810.52,64.89,3.985,5046.74,0.0,18.82,2253.43,2340.01,192.1704115,8.667,2,118221
423071,45,2012-10-05,0,31.0,1892.3,64.89,3.985,5046.74,0.0,18.82,2253.43,2340.01,192.1704115,8.667,2,118221
423072,45,2012-10-05,0,14.0,9775.71,64.89,3.985,5046.74,0.0,18.82,2253.43,2340.01,192.1704115,8.667,2,118221
423073,45,2012-10-05,0,94.0,3917.96,64.89,3.985,5046.74,0.0,18.82,2253.43,2340.01,192.1704115,8.667,2,118221
423074,45,2012-10-05,0,17.0,11465.7,64.89,3.985,5046.74,0.0,18.82,2253.43,2340.01,192.1704115,8.667,2,118221
423075,45,2012-10-05,0,42.0,4596.01,64.89,3.985,5046.74,0.0,18.82,2253.43,2340.01,192.1704115,8.667,2,118221
423076,45,2012-10-05,0,2.0,35076.8,64.89,3.985,5046.74,0.0,18.82,2253.43,2340.01,192.1704115,8.667,2,118221
423077,45,2012-10-05,0,34.0,14055.22,64.89,3.985,5046.74,0.0,18.82,2253.43,2340.01,192.1704115,8.667,2,118221
423078,45,2012-10-05,0,11.0,8752.88,64.89,3.985,5046.74,0.0,18.82,2253.43,2340.01,192.1704115,8.667,2,118221
423079,45,2012-10-05,0,36.0,835.38,64.89,3.985,5046.74,0.0,18.82,2253.43,2340.01,192.1704115,8.667,2,118221
423080,45,2012-10-05,0,45.0,10.47,64.89,3.985,5046.74,0.0,18.82,2253.43,2340.01,192.1704115,8.667,2,118221
423081,45,2012-10-05,0,12.0,3471.83,64.89,3.985,5046.74,0.0,18.82,2253.43,2340.01,192.1704115,8.667,2,118221
423082,45,2012-10-05,0,80.0,697.34,64.89,3.985,5046.74,0.0,18.82,2253.43,2340.01,192.1704115,8.667,2,118221
423083,45,2012-10-05,0,82.0,13412.34,64.89,3.985,5046.74,0.0,18.82,2253.43,2340.01,192.1704115,8.667,2,118221
423084,45,2012-10-05,0,35.0,1906.65,64.89,3.985,5046.74,0.0,18.82,2253.43,2340.01,192.1704115,8.667,2,118221
423085,45,2012-10-05,0,16.0,5475.17,64.89,3.985,5046.74,0.0,18.82,2253.43,2340.01,192.1704115,8.667,2,118221
423086,45,2012-10-05,0,95.0,50241.01,64.89,3.985,5046.74,0.0,18.82,2253.43,2340.01,192.1704115,8.667,2,118221
423087,45,2012-10-12,0,92.0,52360.65,54.47,4.0,1956.28,0.0,7.89,599.32,3990.54,192.3272654,8.667,2,118221
423088,45,2012-10-12,0,56.0,1673.01,54.47,4.0,1956.28,0.0,7.89,599.32,3990.54,192.3272654,8.667,2,118221
423089,45,2012-10-12,0,71.0,2576.48,54.47,4.0,1956.28,0.0,7.89,599.32,3990.54,192.3272654,8.667,2,118221
423090,45,2012-10-12,0,23.0,22700.1,54.47,4.0,1956.28,0.0,7.89,599.32,3990.54,192.3272654,8.667,2,118221
423091,45,2012-10-12,0,24.0,8004.28,54.47,4.0,1956.28,0.0,7.89,599.32,3990.54,192.3272654,8.667,2,118221
423092,45,2012-10-12,0,74.0,9338.55,54.47,4.0,1956.28,0.0,7.89,599.32,3990.54,192.3272654,8.667,2,118221
423093,45,2012-10-12,0,22.0,8217.01,54.47,4.0,1956.28,0.0,7.89,599.32,3990.54,192.3272654,8.667,2,118221
423094,45,2012-10-12,0,59.0,211.32,54.47,4.0,1956.28,0.0,7.89,599.32,3990.54,192.3272654,8.667,2,118221
423095,45,2012-10-12,0,7.0,17865.37,54.47,4.0,1956.28,0.0,7.89,599.32,3990.54,192.3272654,8.667,2,118221
423096,45,2012-10-12,0,41.0,1977.74,54.47,4.0,1956.28,0.0,7.89,599.32,3990.54,192.3272654,8.667,2,118221
423097,45,2012-10-12,0,91.0,17566.28,54.47,4.0,1956.28,0.0,7.89,599.32,3990.54,192.3272654,8.667,2,118221
423098,45,2012-10-12,0,21.0,3643.87,54.47,4.0,1956.28,0.0,7.89,599.32,3990.54,192.3272654,8.667,2,118221
423099,45,2012-10-12,0,58.0,565.0,54.47,4.0,1956.28,0.0,7.89,599.32,3990.54,192.3272654,8.667,2,118221
423100,45,2012-10-12,0,79.0,14059.61,54.47,4.0,1956.28,0.0,7.89,599.32,3990.54,192.3272654,8.667,2,118221
423101,45,2012-10-12,0,18.0,7538.52,54.47,4.0,1956.28,0.0,7.89,599.32,3990.54,192.3272654,8.667,2,118221
423102,45,2012-10-12,0,25.0,7627.72,54.47,4.0,1956.28,0.0,7.89,599.32,3990.54,192.3272654,8.667,2,118221
423103,45,2012-10-12,0,8.0,36258.57,54.47,4.0,1956.28,0.0,7.89,599.32,3990.54,192.3272654,8.667,2,118221
423104,45,2012-10-12,0,90.0,23653.95,54.47,4.0,1956.28,0.0,7.89,599.32,3990.54,192.3272654,8.667,2,118221
423105,45,2012-10-12,0,3.0,6880.1,54.47,4.0,1956.28,0.0,7.89,599.32,3990.54,192.3272654,8.667,2,118221
423106,45,2012-10-12,0,5.0,14345.18,54.47,4.0,1956.28,0.0,7.89,599.32,3990.54,192.3272654,8.667,2,118221
423107,45,2012-10-12,0,67.0,5573.26,54.47,4.0,1956.28,0.0,7.89,599.32,3990.54,192.3272654,8.667,2,118221
423108,45,2012-10-12,0,98.0,1061.02,54.47,4.0,1956.28,0.0,7.89,599.32,3990.54,192.3272654,8.667,2,118221
423109,45,2012-10-12,0,87.0,7918.21,54.47,4.0,1956.28,0.0,7.89,599.32,3990.54,192.3272654,8.667,2,118221
423110,45,2012-10-12,0,55.0,3888.44,54.47,4.0,1956.28,0.0,7.89,599.32,3990.54,192.3272654,8.667,2,118221
423111,45,2012-10-12,0,4.0,23615.04,54.47,4.0,1956.28,0.0,7.89,599.32,3990.54,192.3272654,8.667,2,118221
423112,45,2012-10-12,0,72.0,29042.15,54.47,4.0,1956.28,0.0,7.89,599.32,3990.54,192.3272654,8.667,2,118221
423113,45,2012-10-12,0,80.0,762.58,54.47,4.0,1956.28,0.0,7.89,599.32,3990.54,192.3272654,8.667,2,118221
423114,45,2012-10-12,0,60.0,171.0,54.47,4.0,1956.28,0.0,7.89,599.32,3990.54,192.3272654,8.667,2,118221
423115,45,2012-10-12,0,17.0,10815.48,54.47,4.0,1956.28,0.0,7.89,599.32,3990.54,192.3272654,8.667,2,118221
423116,45,2012-10-12,0,93.0,2644.24,54.47,4.0,1956.28,0.0,7.89,599.32,3990.54,192.3272654,8.667,2,118221
423117,45,2012-10-12,0,42.0,4656.99,54.47,4.0,1956.28,0.0,7.89,599.32,3990.54,192.3272654,8.667,2,118221
423118,45,2012-10-12,0,13.0,26477.91,54.47,4.0,1956.28,0.0,7.89,599.32,3990.54,192.3272654,8.667,2,118221
423119,45,2012-10-12,0,97.0,6463.32,54.47,4.0,1956.28,0.0,7.89,599.32,3990.54,192.3272654,8.667,2,118221
423120,45,2012-10-12,0,20.0,3298.95,54.47,4.0,1956.28,0.0,7.89,599.32,3990.54,192.3272654,8.667,2,118221
423121,45,2012-10-12,0,27.0,1292.88,54.47,4.0,1956.28,0.0,7.89,599.32,3990.54,192.3272654,8.667,2,118221
423122,45,2012-10-12,0,40.0,39569.52,54.47,4.0,1956.28,0.0,7.89,599.32,3990.54,192.3272654,8.667,2,118221
423123,45,2012-10-12,0,19.0,1193.5,54.47,4.0,1956.28,0.0,7.89,599.32,3990.54,192.3272654,8.667,2,118221
423124,45,2012-10-12,0,44.0,2868.7,54.47,4.0,1956.28,0.0,7.89,599.32,3990.54,192.3272654,8.667,2,118221
423125,45,2012-10-12,0,31.0,2220.76,54.47,4.0,1956.28,0.0,7.89,599.32,3990.54,192.3272654,8.667,2,118221
423126,45,2012-10-12,0,26.0,10457.53,54.47,4.0,1956.28,0.0,7.89,599.32,3990.54,192.3272654,8.667,2,118221
423127,45,2012-10-12,0,94.0,4041.28,54.47,4.0,1956.28,0.0,7.89,599.32,3990.54,192.3272654,8.667,2,118221
423128,45,2012-10-12,0,82.0,12558.39,54.47,4.0,1956.28,0.0,7.89,599.32,3990.54,192.3272654,8.667,2,118221
423129,45,2012-10-12,0,85.0,1357.16,54.47,4.0,1956.28,0.0,7.89,599.32,3990.54,192.3272654,8.667,2,118221
423130,45,2012-10-12,0,38.0,54797.38,54.47,4.0,1956.28,0.0,7.89,599.32,3990.54,192.3272654,8.667,2,118221
423131,45,2012-10-12,0,32.0,3425.72,54.47,4.0,1956.28,0.0,7.89,599.32,3990.54,192.3272654,8.667,2,118221
423132,45,2012-10-12,0,52.0,829.62,54.47,4.0,1956.28,0.0,7.89,599.32,3990.54,192.3272654,8.667,2,118221
423133,45,2012-10-12,0,10.0,11628.93,54.47,4.0,1956.28,0.0,7.89,599.32,3990.54,192.3272654,8.667,2,118221
423134,45,2012-10-12,0,81.0,14805.25,54.47,4.0,1956.28,0.0,7.89,599.32,3990.54,192.3272654,8.667,2,118221
423135,45,2012-10-12,0,16.0,3187.64,54.47,4.0,1956.28,0.0,7.89,599.32,3990.54,192.3272654,8.667,2,118221
423136,45,2012-10-12,0,95.0,49334.77,54.47,4.0,1956.28,0.0,7.89,599.32,3990.54,192.3272654,8.667,2,118221
423137,45,2012-10-12,0,36.0,1795.53,54.47,4.0,1956.28,0.0,7.89,599.32,3990.54,192.3272654,8.667,2,118221
423138,45,2012-10-12,0,34.0,16621.06,54.47,4.0,1956.28,0.0,7.89,599.32,3990.54,192.3272654,8.667,2,118221
423139,45,2012-10-12,0,14.0,10463.86,54.47,4.0,1956.28,0.0,7.89,599.32,3990.54,192.3272654,8.667,2,118221
423140,45,2012-10-12,0,9.0,11508.33,54.47,4.0,1956.28,0.0,7.89,599.32,3990.54,192.3272654,8.667,2,118221
423141,45,2012-10-12,0,28.0,963.0,54.47,4.0,1956.28,0.0,7.89,599.32,3990.54,192.3272654,8.667,2,118221
423142,45,2012-10-12,0,6.0,2076.82,54.47,4.0,1956.28,0.0,7.89,599.32,3990.54,192.3272654,8.667,2,118221
423143,45,2012-10-12,0,1.0,16109.15,54.47,4.0,1956.28,0.0,7.89,599.32,3990.54,192.3272654,8.667,2,118221
423144,45,2012-10-12,0,29.0,4213.52,54.47,4.0,1956.28,0.0,7.89,599.32,3990.54,192.3272654,8.667,2,118221
423145,45,2012-10-12,0,46.0,11171.55,54.47,4.0,1956.28,0.0,7.89,599.32,3990.54,192.3272654,8.667,2,118221
423146,45,2012-10-12,0,2.0,33634.12,54.47,4.0,1956.28,0.0,7.89,599.32,3990.54,192.3272654,8.667,2,118221
423147,45,2012-10-12,0,30.0,2248.1,54.47,4.0,1956.28,0.0,7.89,599.32,3990.54,192.3272654,8.667,2,118221
423148,45,2012-10-12,0,33.0,5743.41,54.47,4.0,1956.28,0.0,7.89,599.32,3990.54,192.3272654,8.667,2,118221
423149,45,2012-10-12,0,83.0,748.58,54.47,4.0,1956.28,0.0,7.89,599.32,3990.54,192.3272654,8.667,2,118221
423150,45,2012-10-12,0,11.0,13637.91,54.47,4.0,1956.28,0.0,7.89,599.32,3990.54,192.3272654,8.667,2,118221
423151,45,2012-10-12,0,35.0,2380.96,54.47,4.0,1956.28,0.0,7.89,599.32,3990.54,192.3272654,8.667,2,118221
423152,45,2012-10-12,0,12.0,4127.53,54.47,4.0,1956.28,0.0,7.89,599.32,3990.54,192.3272654,8.667,2,118221
423153,45,2012-10-19,0,8.0,37114.38,56.47,3.969,2004.02,0.0,3.18,437.73,1537.49,192.3308542,8.667,2,118221
423154,45,2012-10-19,0,92.0,48108.38,56.47,3.969,2004.02,0.0,3.18,437.73,1537.49,192.3308542,8.667,2,118221
423155,45,2012-10-19,0,21.0,3111.61,56.47,3.969,2004.02,0.0,3.18,437.73,1537.49,192.3308542,8.667,2,118221
423156,45,2012-10-19,0,22.0,8485.15,56.47,3.969,2004.02,0.0,3.18,437.73,1537.49,192.3308542,8.667,2,118221
423157,45,2012-10-19,0,71.0,3722.48,56.47,3.969,2004.02,0.0,3.18,437.73,1537.49,192.3308542,8.667,2,118221
423158,45,2012-10-19,0,58.0,4055.0,56.47,3.969,2004.02,0.0,3.18,437.73,1537.49,192.3308542,8.667,2,118221
423159,45,2012-10-19,0,90.0,23236.49,56.47,3.969,2004.02,0.0,3.18,437.73,1537.49,192.3308542,8.667,2,118221
423160,45,2012-10-19,0,5.0,16993.53,56.47,3.969,2004.02,0.0,3.18,437.73,1537.49,192.3308542,8.667,2,118221
423161,45,2012-10-19,0,41.0,2125.11,56.47,3.969,2004.02,0.0,3.18,437.73,1537.49,192.3308542,8.667,2,118221
423162,45,2012-10-19,0,7.0,13403.19,56.47,3.969,2004.02,0.0,3.18,437.73,1537.49,192.3308542,8.667,2,118221
423163,45,2012-10-19,0,91.0,15985.6,56.47,3.969,2004.02,0.0,3.18,437.73,1537.49,192.3308542,8.667,2,118221
423164,45,2012-10-19,0,95.0,48434.97,56.47,3.969,2004.02,0.0,3.18,437.73,1537.49,192.3308542,8.667,2,118221
423165,45,2012-10-19,0,87.0,7440.25,56.47,3.969,2004.02,0.0,3.18,437.73,1537.49,192.3308542,8.667,2,118221
423166,45,2012-10-19,0,55.0,3297.22,56.47,3.969,2004.02,0.0,3.18,437.73,1537.49,192.3308542,8.667,2,118221
423167,45,2012-10-19,0,80.0,740.05,56.47,3.969,2004.02,0.0,3.18,437.73,1537.49,192.3308542,8.667,2,118221
423168,45,2012-10-19,0,35.0,2274.09,56.47,3.969,2004.02,0.0,3.18,437.73,1537.49,192.3308542,8.667,2,118221
423169,45,2012-10-19,0,25.0,8410.82,56.47,3.969,2004.02,0.0,3.18,437.73,1537.49,192.3308542,8.667,2,118221
423170,45,2012-10-19,0,94.0,4655.65,56.47,3.969,2004.02,0.0,3.18,437.73,1537.49,192.3308542,8.667,2,118221
423171,45,2012-10-19,0,42.0,4764.14,56.47,3.969,2004.02,0.0,3.18,437.73,1537.49,192.3308542,8.667,2,118221
423172,45,2012-10-19,0,85.0,1405.09,56.47,3.969,2004.02,0.0,3.18,437.73,1537.49,192.3308542,8.667,2,118221
423173,45,2012-10-19,0,97.0,5575.9,56.47,3.969,2004.02,0.0,3.18,437.73,1537.49,192.3308542,8.667,2,118221
423174,45,2012-10-19,0,81.0,14132.65,56.47,3.969,2004.02,0.0,3.18,437.73,1537.49,192.3308542,8.667,2,118221
423175,45,2012-10-19,0,56.0,1261.35,56.47,3.969,2004.02,0.0,3.18,437.73,1537.49,192.3308542,8.667,2,118221
423176,45,2012-10-19,0,32.0,2216.94,56.47,3.969,2004.02,0.0,3.18,437.73,1537.49,192.3308542,8.667,2,118221
423177,45,2012-10-19,0,67.0,5876.71,56.47,3.969,2004.02,0.0,3.18,437.73,1537.49,192.3308542,8.667,2,118221
423178,45,2012-10-19,0,4.0,22874.3,56.47,3.969,2004.02,0.0,3.18,437.73,1537.49,192.3308542,8.667,2,118221
423179,45,2012-10-19,0,72.0,27602.28,56.47,3.969,2004.02,0.0,3.18,437.73,1537.49,192.3308542,8.667,2,118221
423180,45,2012-10-19,0,9.0,10519.1,56.47,3.969,2004.02,0.0,3.18,437.73,1537.49,192.3308542,8.667,2,118221
423181,45,2012-10-19,0,26.0,9154.91,56.47,3.969,2004.02,0.0,3.18,437.73,1537.49,192.3308542,8.667,2,118221
423182,45,2012-10-19,0,6.0,1265.76,56.47,3.969,2004.02,0.0,3.18,437.73,1537.49,192.3308542,8.667,2,118221
423183,45,2012-10-19,0,60.0,180.0,56.47,3.969,2004.02,0.0,3.18,437.73,1537.49,192.3308542,8.667,2,118221
423184,45,2012-10-19,0,38.0,54427.64,56.47,3.969,2004.02,0.0,3.18,437.73,1537.49,192.3308542,8.667,2,118221
423185,45,2012-10-19,0,13.0,25701.41,56.47,3.969,2004.02,0.0,3.18,437.73,1537.49,192.3308542,8.667,2,118221
423186,45,2012-10-19,0,3.0,6352.19,56.47,3.969,2004.02,0.0,3.18,437.73,1537.49,192.3308542,8.667,2,118221
423187,45,2012-10-19,0,10.0,12848.33,56.47,3.969,2004.02,0.0,3.18,437.73,1537.49,192.3308542,8.667,2,118221
423188,45,2012-10-19,0,59.0,113.31,56.47,3.969,2004.02,0.0,3.18,437.73,1537.49,192.3308542,8.667,2,118221
423189,45,2012-10-19,0,27.0,1600.51,56.47,3.969,2004.02,0.0,3.18,437.73,1537.49,192.3308542,8.667,2,118221
423190,45,2012-10-19,0,2.0,34867.75,56.47,3.969,2004.02,0.0,3.18,437.73,1537.49,192.3308542,8.667,2,118221
423191,45,2012-10-19,0,36.0,1119.59,56.47,3.969,2004.02,0.0,3.18,437.73,1537.49,192.3308542,8.667,2,118221
423192,45,2012-10-19,0,40.0,38408.23,56.47,3.969,2004.02,0.0,3.18,437.73,1537.49,192.3308542,8.667,2,118221
423193,45,2012-10-19,0,19.0,1057.06,56.47,3.969,2004.02,0.0,3.18,437.73,1537.49,192.3308542,8.667,2,118221
423194,45,2012-10-19,0,31.0,2558.3,56.47,3.969,2004.02,0.0,3.18,437.73,1537.49,192.3308542,8.667,2,118221
423195,45,2012-10-19,0,23.0,21940.63,56.47,3.969,2004.02,0.0,3.18,437.73,1537.49,192.3308542,8.667,2,118221
423196,45,2012-10-19,0,18.0,9014.44,56.47,3.969,2004.02,0.0,3.18,437.73,1537.49,192.3308542,8.667,2,118221
423197,45,2012-10-19,0,93.0,2270.5,56.47,3.969,2004.02,0.0,3.18,437.73,1537.49,192.3308542,8.667,2,118221
423198,45,2012-10-19,0,79.0,13547.76,56.47,3.969,2004.02,0.0,3.18,437.73,1537.49,192.3308542,8.667,2,118221
423199,45,2012-10-19,0,46.0,11860.95,56.47,3.969,2004.02,0.0,3.18,437.73,1537.49,192.3308542,8.667,2,118221
423200,45,2012-10-19,0,52.0,980.35,56.47,3.969,2004.02,0.0,3.18,437.73,1537.49,192.3308542,8.667,2,118221
423201,45,2012-10-19,0,16.0,2959.92,56.47,3.969,2004.02,0.0,3.18,437.73,1537.49,192.3308542,8.667,2,118221
423202,45,2012-10-19,0,20.0,4060.3,56.47,3.969,2004.02,0.0,3.18,437.73,1537.49,192.3308542,8.667,2,118221
423203,45,2012-10-19,0,44.0,3184.57,56.47,3.969,2004.02,0.0,3.18,437.73,1537.49,192.3308542,8.667,2,118221
423204,45,2012-10-19,0,24.0,6218.39,56.47,3.969,2004.02,0.0,3.18,437.73,1537.49,192.3308542,8.667,2,118221
423205,45,2012-10-19,0,14.0,10116.17,56.47,3.969,2004.02,0.0,3.18,437.73,1537.49,192.3308542,8.667,2,118221
423206,45,2012-10-19,0,12.0,3428.67,56.47,3.969,2004.02,0.0,3.18,437.73,1537.49,192.3308542,8.667,2,118221
423207,45,2012-10-19,0,11.0,11459.41,56.47,3.969,2004.02,0.0,3.18,437.73,1537.49,192.3308542,8.667,2,118221
423208,45,2012-10-19,0,82.0,13658.52,56.47,3.969,2004.02,0.0,3.18,437.73,1537.49,192.3308542,8.667,2,118221
423209,45,2012-10-19,0,33.0,5452.57,56.47,3.969,2004.02,0.0,3.18,437.73,1537.49,192.3308542,8.667,2,118221
423210,45,2012-10-19,0,1.0,19128.81,56.47,3.969,2004.02,0.0,3.18,437.73,1537.49,192.3308542,8.667,2,118221
423211,45,2012-10-19,0,17.0,9466.34,56.47,3.969,2004.02,0.0,3.18,437.73,1537.49,192.3308542,8.667,2,118221
423212,45,2012-10-19,0,28.0,838.59,56.47,3.969,2004.02,0.0,3.18,437.73,1537.49,192.3308542,8.667,2,118221
423213,45,2012-10-19,0,34.0,14689.04,56.47,3.969,2004.02,0.0,3.18,437.73,1537.49,192.3308542,8.667,2,118221
423214,45,2012-10-19,0,74.0,8794.8,56.47,3.969,2004.02,0.0,3.18,437.73,1537.49,192.3308542,8.667,2,118221
423215,45,2012-10-19,0,30.0,1953.45,56.47,3.969,2004.02,0.0,3.18,437.73,1537.49,192.3308542,8.667,2,118221
423216,45,2012-10-19,0,29.0,4117.7,56.47,3.969,2004.02,0.0,3.18,437.73,1537.49,192.3308542,8.667,2,118221
423217,45,2012-10-19,0,98.0,760.01,56.47,3.969,2004.02,0.0,3.18,437.73,1537.49,192.3308542,8.667,2,118221
423218,45,2012-10-19,0,83.0,746.22,56.47,3.969,2004.02,0.0,3.18,437.73,1537.49,192.3308542,8.667,2,118221
423219,45,2012-10-26,0,8.0,37857.64,58.85,3.882,4018.91,58.08,100.0,211.94,858.33,192.3088989,8.667,2,118221
423220,45,2012-10-26,0,90.0,25352.32,58.85,3.882,4018.91,58.08,100.0,211.94,858.33,192.3088989,8.667,2,118221
423221,45,2012-10-26,0,27.0,1459.97,58.85,3.882,4018.91,58.08,100.0,211.94,858.33,192.3088989,8.667,2,118221
423222,45,2012-10-26,0,58.0,275.0,58.85,3.882,4018.91,58.08,100.0,211.94,858.33,192.3088989,8.667,2,118221
423223,45,2012-10-26,0,56.0,937.72,58.85,3.882,4018.91,58.08,100.0,211.94,858.33,192.3088989,8.667,2,118221
423224,45,2012-10-26,0,55.0,3458.17,58.85,3.882,4018.91,58.08,100.0,211.94,858.33,192.3088989,8.667,2,118221
423225,45,2012-10-26,0,93.0,2487.8,58.85,3.882,4018.91,58.08,100.0,211.94,858.33,192.3088989,8.667,2,118221
423226,45,2012-10-26,0,21.0,3260.65,58.85,3.882,4018.91,58.08,100.0,211.94,858.33,192.3088989,8.667,2,118221
423227,45,2012-10-26,0,41.0,1954.67,58.85,3.882,4018.91,58.08,100.0,211.94,858.33,192.3088989,8.667,2,118221
423228,45,2012-10-26,0,92.0,54608.75,58.85,3.882,4018.91,58.08,100.0,211.94,858.33,192.3088989,8.667,2,118221
423229,45,2012-10-26,0,59.0,191.98,58.85,3.882,4018.91,58.08,100.0,211.94,858.33,192.3088989,8.667,2,118221
423230,45,2012-10-26,0,42.0,4894.78,58.85,3.882,4018.91,58.08,100.0,211.94,858.33,192.3088989,8.667,2,118221
423231,45,2012-10-26,0,40.0,38673.87,58.85,3.882,4018.91,58.08,100.0,211.94,858.33,192.3088989,8.667,2,118221
423232,45,2012-10-26,0,29.0,3923.41,58.85,3.882,4018.91,58.08,100.0,211.94,858.33,192.3088989,8.667,2,118221
423233,45,2012-10-26,0,4.0,24627.94,58.85,3.882,4018.91,58.08,100.0,211.94,858.33,192.3088989,8.667,2,118221
423234,45,2012-10-26,0,9.0,16049.13,58.85,3.882,4018.91,58.08,100.0,211.94,858.33,192.3088989,8.667,2,118221
423235,45,2012-10-26,0,72.0,33366.6,58.85,3.882,4018.91,58.08,100.0,211.94,858.33,192.3088989,8.667,2,118221
423236,45,2012-10-26,0,91.0,16330.84,58.85,3.882,4018.91,58.08,100.0,211.94,858.33,192.3088989,8.667,2,118221
423237,45,2012-10-26,0,71.0,2789.38,58.85,3.882,4018.91,58.08,100.0,211.94,858.33,192.3088989,8.667,2,118221
423238,45,2012-10-26,0,18.0,10971.58,58.85,3.882,4018.91,58.08,100.0,211.94,858.33,192.3088989,8.667,2,118221
423239,45,2012-10-26,0,85.0,1689.1,58.85,3.882,4018.91,58.08,100.0,211.94,858.33,192.3088989,8.667,2,118221
423240,45,2012-10-26,0,3.0,6726.03,58.85,3.882,4018.91,58.08,100.0,211.94,858.33,192.3088989,8.667,2,118221
423241,45,2012-10-26,0,30.0,1992.0,58.85,3.882,4018.91,58.08,100.0,211.94,858.33,192.3088989,8.667,2,118221
423242,45,2012-10-26,0,81.0,14693.09,58.85,3.882,4018.91,58.08,100.0,211.94,858.33,192.3088989,8.667,2,118221
423243,45,2012-10-26,0,5.0,13256.59,58.85,3.882,4018.91,58.08,100.0,211.94,858.33,192.3088989,8.667,2,118221
423244,45,2012-10-26,0,2.0,36074.86,58.85,3.882,4018.91,58.08,100.0,211.94,858.33,192.3088989,8.667,2,118221
423245,45,2012-10-26,0,24.0,5865.79,58.85,3.882,4018.91,58.08,100.0,211.94,858.33,192.3088989,8.667,2,118221
423246,45,2012-10-26,0,95.0,56017.47,58.85,3.882,4018.91,58.08,100.0,211.94,858.33,192.3088989,8.667,2,118221
423247,45,2012-10-26,0,19.0,1350.87,58.85,3.882,4018.91,58.08,100.0,211.94,858.33,192.3088989,8.667,2,118221
423248,45,2012-10-26,0,36.0,1506.97,58.85,3.882,4018.91,58.08,100.0,211.94,858.33,192.3088989,8.667,2,118221
423249,45,2012-10-26,0,87.0,8187.66,58.85,3.882,4018.91,58.08,100.0,211.94,858.33,192.3088989,8.667,2,118221
423250,45,2012-10-26,0,82.0,17360.33,58.85,3.882,4018.91,58.08,100.0,211.94,858.33,192.3088989,8.667,2,118221
423251,45,2012-10-26,0,60.0,117.0,58.85,3.882,4018.91,58.08,100.0,211.94,858.33,192.3088989,8.667,2,118221
423252,45,2012-10-26,0,6.0,1086.31,58.85,3.882,4018.91,58.08,100.0,211.94,858.33,192.3088989,8.667,2,118221
423253,45,2012-10-26,0,79.0,14618.6,58.85,3.882,4018.91,58.08,100.0,211.94,858.33,192.3088989,8.667,2,118221
423254,45,2012-10-26,0,25.0,8308.81,58.85,3.882,4018.91,58.08,100.0,211.94,858.33,192.3088989,8.667,2,118221
423255,45,2012-10-26,0,74.0,9814.88,58.85,3.882,4018.91,58.08,100.0,211.94,858.33,192.3088989,8.667,2,118221
423256,45,2012-10-26,0,10.0,13565.63,58.85,3.882,4018.91,58.08,100.0,211.94,858.33,192.3088989,8.667,2,118221
423257,45,2012-10-26,0,22.0,7971.36,58.85,3.882,4018.91,58.08,100.0,211.94,858.33,192.3088989,8.667,2,118221
423258,45,2012-10-26,0,34.0,13951.44,58.85,3.882,4018.91,58.08,100.0,211.94,858.33,192.3088989,8.667,2,118221
423259,45,2012-10-26,0,12.0,3791.88,58.85,3.882,4018.91,58.08,100.0,211.94,858.33,192.3088989,8.667,2,118221
423260,45,2012-10-26,0,14.0,9865.26,58.85,3.882,4018.91,58.08,100.0,211.94,858.33,192.3088989,8.667,2,118221
423261,45,2012-10-26,0,31.0,1903.56,58.85,3.882,4018.91,58.08,100.0,211.94,858.33,192.3088989,8.667,2,118221
423262,45,2012-10-26,0,80.0,670.88,58.85,3.882,4018.91,58.08,100.0,211.94,858.33,192.3088989,8.667,2,118221
423263,45,2012-10-26,0,23.0,19992.29,58.85,3.882,4018.91,58.08,100.0,211.94,858.33,192.3088989,8.667,2,118221
423264,45,2012-10-26,0,17.0,10308.6,58.85,3.882,4018.91,58.08,100.0,211.94,858.33,192.3088989,8.667,2,118221
423265,45,2012-10-26,0,1.0,27117.16,58.85,3.882,4018.91,58.08,100.0,211.94,858.33,192.3088989,8.667,2,118221
423266,45,2012-10-26,0,94.0,5203.31,58.85,3.882,4018.91,58.08,100.0,211.94,858.33,192.3088989,8.667,2,118221
423267,45,2012-10-26,0,35.0,1712.08,58.85,3.882,4018.91,58.08,100.0,211.94,858.33,192.3088989,8.667,2,118221
423268,45,2012-10-26,0,38.0,47799.07,58.85,3.882,4018.91,58.08,100.0,211.94,858.33,192.3088989,8.667,2,118221
423269,45,2012-10-26,0,20.0,3723.93,58.85,3.882,4018.91,58.08,100.0,211.94,858.33,192.3088989,8.667,2,118221
423270,45,2012-10-26,0,54.0,23.92,58.85,3.882,4018.91,58.08,100.0,211.94,858.33,192.3088989,8.667,2,118221
423271,45,2012-10-26,0,97.0,6817.48,58.85,3.882,4018.91,58.08,100.0,211.94,858.33,192.3088989,8.667,2,118221
423272,45,2012-10-26,0,7.0,20356.73,58.85,3.882,4018.91,58.08,100.0,211.94,858.33,192.3088989,8.667,2,118221
423273,45,2012-10-26,0,67.0,5772.09,58.85,3.882,4018.91,58.08,100.0,211.94,858.33,192.3088989,8.667,2,118221
423274,45,2012-10-26,0,44.0,3144.09,58.85,3.882,4018.91,58.08,100.0,211.94,858.33,192.3088989,8.667,2,118221
423275,45,2012-10-26,0,26.0,8332.12,58.85,3.882,4018.91,58.08,100.0,211.94,858.33,192.3088989,8.667,2,118221
423276,45,2012-10-26,0,33.0,5291.62,58.85,3.882,4018.91,58.08,100.0,211.94,858.33,192.3088989,8.667,2,118221
423277,45,2012-10-26,0,28.0,1206.0,58.85,3.882,4018.91,58.08,100.0,211.94,858.33,192.3088989,8.667,2,118221
423278,45,2012-10-26,0,11.0,10362.64,58.85,3.882,4018.91,58.08,100.0,211.94,858.33,192.3088989,8.667,2,118221
423279,45,2012-10-26,0,46.0,13329.25,58.85,3.882,4018.91,58.08,100.0,211.94,858.33,192.3088989,8.667,2,118221
423280,45,2012-10-26,0,52.0,1104.16,58.85,3.882,4018.91,58.08,100.0,211.94,858.33,192.3088989,8.667,2,118221
423281,45,2012-10-26,0,13.0,26240.14,58.85,3.882,4018.91,58.08,100.0,211.94,858.33,192.3088989,8.667,2,118221
423282,45,2012-10-26,0,16.0,2660.02,58.85,3.882,4018.91,58.08,100.0,211.94,858.33,192.3088989,8.667,2,118221
423283,45,2012-10-26,0,32.0,4131.54,58.85,3.882,4018.91,58.08,100.0,211.94,858.33,192.3088989,8.667,2,118221
423284,45,2012-10-26,0,83.0,717.82,58.85,3.882,4018.91,58.08,100.0,211.94,858.33,192.3088989,8.667,2,118221
423285,45,2012-10-26,0,98.0,1076.8,58.85,3.882,4018.91,58.08,100.0,211.94,858.33,192.3088989,8.667,2,118221
